vid,wid,batch_size,seq_len,t_A100,t_L40S,ROWS,NUM_WARPS,NUM_STAGES,FUSE,PERSIST,PROGS_PER_SM,EVICT,log_rows,a_A100,s_A100_regs,s_A100_local,s_A100_sass_total,s_A100_n_LDG_128,s_A100_n_LDG_32,s_A100_n_STG_128,s_A100_n_STG_32,s_A100_n_SHFL,s_A100_n_BRA,a_L40S,s_L40S_regs,s_L40S_local,s_L40S_sass_total,s_L40S_n_LDG_128,s_L40S_n_LDG_32,s_L40S_n_STG_128,s_L40S_n_STG_32,s_L40S_n_SHFL,s_L40S_n_BRA,a_H200,s_H200_regs,s_H200_local,s_H200_sass_total,s_H200_n_LDG_128,s_H200_n_LDG_32,s_H200_n_STG_128,s_H200_n_STG_32,s_H200_n_SHFL,s_H200_n_BRA,a_B200,s_B200_regs,s_B200_local,s_B200_sass_total,s_B200_n_LDG_128,s_B200_n_LDG_32,s_B200_n_STG_128,s_B200_n_STG_32,s_B200_n_SHFL,s_B200_n_BRA
v000,0648abad-cca5-589b-afce-ee461e799da3,4,1024,0.304013,0.659632,4,8,3,0,1,4,0,12.188967177627235,0.2770666666666667,25,0,96,0,0,0,0,6,2,0.4700337777777778,25,0,96,0,0,0,0,6,2,0.24603636363636364,32,0,104,0,0,0,0,6,2,0.23647567567567565,32,0,104,0,0,0,0,6,2
v000,0f5618d6-7901-570c-8f57-273588f40be1,8,773,0.4487795,0.9728645,4,8,3,0,1,4,0,12.600921601175148,0.4162666666666666,25,0,96,0,0,0,0,6,2,0.7076017777777778,25,0,96,0,0,0,0,6,2,0.3694181818181818,32,0,104,0,0,0,0,6,2,0.35498378378378376,32,0,104,0,0,0,0,6,2
v000,13ac723d-96d9-5dc3-8ff6-64cca40fee1a,4,256,0.081455,0.17208,4,8,3,0,1,4,0,10.802672816507345,0.07226666666666667,25,0,96,0,0,0,0,6,2,0.12050844444444445,25,0,96,0,0,0,0,6,2,0.06450909090909092,32,0,104,0,0,0,0,6,2,0.06211891891891892,32,0,104,0,0,0,0,6,2
v000,277f8cdf-20d1-5ab2-915d-1a7ecebfed13,8,256,0.153694,0.333648,4,8,3,0,1,4,0,11.49581999706729,0.14053333333333332,25,0,96,0,0,0,0,6,2,0.23701688888888886,25,0,96,0,0,0,0,6,2,0.1250181818181818,32,0,104,0,0,0,0,6,2,0.12023783783783784,32,0,104,0,0,0,0,6,2
v000,3565f3a6-e573-5729-bb6a-4b19537e0a85,1,256,0.039983000000000005,0.047776,4,8,3,0,1,4,0,9.416378455387454,0.021066666666666668,25,0,96,0,0,0,0,6,2,0.033127111111111114,25,0,96,0,0,0,0,6,2,0.019127272727272725,32,0,104,0,0,0,0,6,2,0.01852972972972973,32,0,104,0,0,0,0,6,2
v000,388488d1-b780-5422-8839-375f4ae380a4,2,293,0.052207,0.0975195,4,8,3,0,1,4,0,10.244520800484903,0.04306666666666667,25,0,96,0,0,0,0,6,2,0.07067377777777778,25,0,96,0,0,0,0,6,2,0.03862727272727273,32,0,104,0,0,0,0,6,2,0.037259459459459465,32,0,104,0,0,0,0,6,2
v000,3d08c934-3de5-5df5-9704-a82963af6eea,1,1024,0.081375,0.170224,4,8,3,0,1,4,0,10.802672816507345,0.07226666666666667,25,0,96,0,0,0,0,6,2,0.12050844444444445,25,0,96,0,0,0,0,6,2,0.06450909090909092,32,0,104,0,0,0,0,6,2,0.06211891891891892,32,0,104,0,0,0,0,6,2
v000,473ba98e-bdcb-579c-9c4d-e5de6e3f4a63,1,8192,0.5930335,1.27704,4,8,3,0,1,4,0,12.882114358187179,0.5501333333333334,25,0,96,0,0,0,0,6,2,0.9360675555555555,25,0,96,0,0,0,0,6,2,0.48807272727272727,32,0,104,0,0,0,0,6,2,0.46895135135135135,32,0,104,0,0,0,0,6,2
v000,62bb15e8-367e-5ab8-91e2-af3616abece3,4,1657,0.496795,1.0411519999999999,4,8,3,0,1,4,0,12.670259389454344,0.44586666666666663,25,0,96,0,0,0,0,6,2,0.7581191111111111,25,0,96,0,0,0,0,6,2,0.3956545454545455,32,0,104,0,0,0,0,6,2,0.38018378378378376,32,0,104,0,0,0,0,6,2
v000,93b2fe42-1327-5140-8826-c6593f301069,4,512,0.15355000000000002,0.33363200000000004,4,8,3,0,1,4,0,11.49581999706729,0.14053333333333332,25,0,96,0,0,0,0,6,2,0.23701688888888886,25,0,96,0,0,0,0,6,2,0.1250181818181818,32,0,104,0,0,0,0,6,2,0.12023783783783784,32,0,104,0,0,0,0,6,2
v000,c47946fe-4f9b-507c-a425-760d50ee0ac9,2,128,0.041728,0.043056,4,8,3,0,1,4,0,9.416378455387454,0.021066666666666668,25,0,96,0,0,0,0,6,2,0.033127111111111114,25,0,96,0,0,0,0,6,2,0.019127272727272725,32,0,104,0,0,0,0,6,2,0.01852972972972973,32,0,104,0,0,0,0,6,2
v000,ce51aff5-8ef2-5730-9de1-f1527d8edb19,32,128,0.303037,0.656736,4,8,3,0,1,4,0,12.188967177627235,0.2770666666666667,25,0,96,0,0,0,0,6,2,0.4700337777777778,25,0,96,0,0,0,0,6,2,0.24603636363636364,32,0,104,0,0,0,0,6,2,0.23647567567567565,32,0,104,0,0,0,0,6,2
v000,d6f8d507-17f7-5ead-9522-09c7ecbf1207,16,256,0.304205,0.656336,4,8,3,0,1,4,0,12.188967177627235,0.2770666666666667,25,0,96,0,0,0,0,6,2,0.4700337777777778,25,0,96,0,0,0,0,6,2,0.24603636363636364,32,0,104,0,0,0,0,6,2,0.23647567567567565,32,0,104,0,0,0,0,6,2
v000,dcdec775-21aa-58cb-9fd9-322376d59814,1,128,0.034192,0.022464,4,8,3,0,1,4,0,8.723231274827508,0.012533333333333334,25,0,96,0,0,0,0,6,2,0.018563555555555555,25,0,96,0,0,0,0,6,2,0.011563636363636364,32,0,104,0,0,0,0,6,2,0.011264864864864863,32,0,104,0,0,0,0,6,2
v000,e4d4aebe-8349-5613-9bbc-d1c0ddbe191b,1,131,0.0347835,0.023792,4,8,3,0,1,4,0,8.746398334109042,0.012733333333333333,25,0,96,0,0,0,0,6,2,0.01890488888888889,25,0,96,0,0,0,0,6,2,0.011740909090909092,32,0,104,0,0,0,0,6,2,0.011435135135135137,32,0,104,0,0,0,0,6,2
v000,fbd78167-8dca-5fc3-9793-3e5867bde298,8,128,0.081423,0.1678885,4,8,3,0,1,4,0,10.802672816507345,0.07226666666666667,25,0,96,0,0,0,0,6,2,0.12050844444444445,25,0,96,0,0,0,0,6,2,0.06450909090909092,32,0,104,0,0,0,0,6,2,0.06211891891891892,32,0,104,0,0,0,0,6,2
v001,0648abad-cca5-589b-afce-ee461e799da3,4,1024,0.2641735,0.660513,32,4,4,0,1,4,0,12.188967177627235,0.20147581363413436,64,0,392,16,0,8,0,40,2,0.4700337777777778,64,0,392,16,0,8,0,40,2,0.08788607999999999,64,0,400,16,0,8,0,40,2,0.054331648,62,0,400,16,0,8,0,40,2
v001,0f5618d6-7901-570c-8f57-273588f40be1,8,773,0.39095599999999997,0.9920964999999999,32,4,4,0,1,4,0,12.600921601175148,0.3021421951937224,64,0,392,16,0,8,0,40,2,0.7076017777777778,64,0,392,16,0,8,0,40,2,0.13064831999999998,64,0,400,16,0,8,0,40,2,0.079988992,62,0,400,16,0,8,0,40,2
v001,13ac723d-96d9-5dc3-8ff6-64cca40fee1a,4,256,0.069152,0.16984,32,4,4,0,1,4,0,10.802672816507345,0.05336895340853359,64,0,392,16,0,8,0,40,2,0.12050844444444445,64,0,392,16,0,8,0,40,2,0.024971519999999997,64,0,400,16,0,8,0,40,2,0.016582911999999998,62,0,400,16,0,8,0,40,2
v001,277f8cdf-20d1-5ab2-915d-1a7ecebfed13,8,256,0.13111899999999999,0.33424,32,4,4,0,1,4,0,11.49581999706729,0.10273790681706718,64,0,392,16,0,8,0,40,2,0.23701688888888886,64,0,392,16,0,8,0,40,2,0.04594304,64,0,400,16,0,8,0,40,2,0.029165824,62,0,400,16,0,8,0,40,2
v001,3565f3a6-e573-5729-bb6a-4b19537e0a85,1,256,0.0379515,0.041248,32,4,4,0,1,4,0,9.416378455387454,0.016342238352133397,64,0,392,16,0,8,0,40,2,0.033127111111111114,64,0,392,16,0,8,0,40,2,0.00924288,64,0,400,16,0,8,0,40,2,0.007145728,62,0,400,16,0,8,0,40,2
v001,388488d1-b780-5422-8839-375f4ae380a4,2,293,0.049823,0.097328,32,4,4,0,1,4,0,10.244520800484903,0.03225215497793036,64,0,392,16,0,8,0,40,2,0.07067377777777778,64,0,392,16,0,8,0,40,2,0.01600128,64,0,400,16,0,8,0,40,2,0.011200767999999998,62,0,400,16,0,8,0,40,2
v001,3d08c934-3de5-5df5-9704-a82963af6eea,1,1024,0.069087,0.171968,32,4,4,0,1,4,0,10.802672816507345,0.05336895340853359,64,0,392,16,0,8,0,40,2,0.12050844444444445,64,0,392,16,0,8,0,40,2,0.024971519999999997,64,0,400,16,0,8,0,40,2,0.016582911999999998,62,0,400,16,0,8,0,40,2
v001,473ba98e-bdcb-579c-9c4d-e5de6e3f4a63,1,8192,0.5107630000000001,1.298225,32,4,4,0,1,4,0,12.882114358187179,0.3989516272682687,64,0,392,16,0,8,0,40,2,0.9360675555555555,64,0,392,16,0,8,0,40,2,0.17177215999999998,64,0,400,16,0,8,0,40,2,0.104663296,62,0,400,16,0,8,0,40,2
v001,62bb15e8-367e-5ab8-91e2-af3616abece3,4,1657,0.419276,1.055424,32,4,4,0,1,4,0,12.670259389454344,0.32354826483570376,64,0,392,16,0,8,0,40,2,0.7581191111111111,64,0,392,16,0,8,0,40,2,0.13974143999999997,64,0,400,16,0,8,0,40,2,0.08544486400000001,62,0,400,16,0,8,0,40,2
v001,93b2fe42-1327-5140-8826-c6593f301069,4,512,0.131888,0.3339205,32,4,4,0,1,4,0,11.49581999706729,0.10273790681706718,64,0,392,16,0,8,0,40,2,0.23701688888888886,64,0,392,16,0,8,0,40,2,0.04594304,64,0,400,16,0,8,0,40,2,0.029165824,62,0,400,16,0,8,0,40,2
v001,c47946fe-4f9b-507c-a425-760d50ee0ac9,2,128,0.039312,0.03856,32,4,4,0,1,4,0,9.416378455387454,0.016342238352133397,64,0,392,16,0,8,0,40,2,0.033127111111111114,64,0,392,16,0,8,0,40,2,0.00924288,64,0,400,16,0,8,0,40,2,0.007145728,62,0,400,16,0,8,0,40,2
v001,ce51aff5-8ef2-5730-9de1-f1527d8edb19,32,128,0.263035,0.6596329999999999,32,4,4,0,1,4,0,12.188967177627235,0.20147581363413436,64,0,392,16,0,8,0,40,2,0.4700337777777778,64,0,392,16,0,8,0,40,2,0.08788607999999999,64,0,400,16,0,8,0,40,2,0.054331648,62,0,400,16,0,8,0,40,2
v001,d6f8d507-17f7-5ead-9522-09c7ecbf1207,16,256,0.26428549999999995,0.657792,32,4,4,0,1,4,0,12.188967177627235,0.20147581363413436,64,0,392,16,0,8,0,40,2,0.4700337777777778,64,0,392,16,0,8,0,40,2,0.08788607999999999,64,0,400,16,0,8,0,40,2,0.054331648,62,0,400,16,0,8,0,40,2
v001,dcdec775-21aa-58cb-9fd9-322376d59814,1,128,0.035375000000000004,0.022688,32,4,4,0,1,4,0,8.723231274827508,0.010171119176066699,64,0,392,16,0,8,0,40,2,0.018563555555555555,64,0,392,16,0,8,0,40,2,0.00662144,64,0,400,16,0,8,0,40,2,0.0068000000000000005,62,0,400,16,0,8,0,40,2
v001,e4d4aebe-8349-5613-9bbc-d1c0ddbe191b,1,131,0.03528,0.02672,32,4,4,0,1,4,0,8.746398334109042,0.01031575478175576,64,0,392,16,0,8,0,40,2,0.01890488888888889,64,0,392,16,0,8,0,40,2,0.00668288,64,0,400,16,0,8,0,40,2,0.0067928934010152275,62,0,400,16,0,8,0,40,2
v001,fbd78167-8dca-5fc3-9793-3e5867bde298,8,128,0.0691515,0.168432,32,4,4,0,1,4,0,10.802672816507345,0.05336895340853359,64,0,392,16,0,8,0,40,2,0.12050844444444445,64,0,392,16,0,8,0,40,2,0.024971519999999997,64,0,400,16,0,8,0,40,2,0.016582911999999998,62,0,400,16,0,8,0,40,2
v002,0648abad-cca5-589b-afce-ee461e799da3,4,1024,1.3429635,0.6579999999999999,8,1,3,1,1,1,1,12.188967177627235,0.5481333333333334,64,0,456,16,0,8,0,40,2,0.46803377777777777,80,0,464,16,0,8,0,40,2,0.48607272727272727,64,0,432,16,0,8,0,40,2,0.46695135135135135,71,0,424,16,0,8,0,40,2
v002,0f5618d6-7901-570c-8f57-273588f40be1,8,773,2.033356,0.976129,8,1,3,1,1,1,1,12.600921601175148,0.8265333333333333,64,0,456,16,0,8,0,40,2,0.7056017777777779,80,0,464,16,0,8,0,40,2,0.7328363636363637,64,0,432,16,0,8,0,40,2,0.7039675675675676,71,0,424,16,0,8,0,40,2
v002,13ac723d-96d9-5dc3-8ff6-64cca40fee1a,4,256,0.34071700000000005,0.188352,8,1,3,1,1,1,1,10.802672816507345,0.13853333333333334,64,0,456,16,0,8,0,40,2,0.11850844444444443,80,0,464,16,0,8,0,40,2,0.12301818181818182,64,0,432,16,0,8,0,40,2,0.11823783783783783,71,0,424,16,0,8,0,40,2
v002,277f8cdf-20d1-5ab2-915d-1a7ecebfed13,8,256,0.6755935,0.34566399999999997,8,1,3,1,1,1,1,11.49581999706729,0.2750666666666667,64,0,456,16,0,8,0,40,2,0.2350168888888889,80,0,464,16,0,8,0,40,2,0.24403636363636363,64,0,432,16,0,8,0,40,2,0.23447567567567568,71,0,424,16,0,8,0,40,2
v002,3565f3a6-e573-5729-bb6a-4b19537e0a85,1,256,0.0894875,0.059456,8,1,3,1,1,1,1,9.416378455387454,0.03613333333333334,64,0,456,16,0,8,0,40,2,0.031127111111111112,80,0,464,16,0,8,0,40,2,0.03225454545454546,64,0,432,16,0,8,0,40,2,0.03105945945945946,71,0,424,16,0,8,0,40,2
v002,388488d1-b780-5422-8839-375f4ae380a4,2,293,0.195118,0.121696,8,1,3,1,1,1,1,10.244520800484903,0.08013333333333333,64,0,456,16,0,8,0,40,2,0.06867377777777776,80,0,464,16,0,8,0,40,2,0.07125454545454546,64,0,432,16,0,8,0,40,2,0.06851891891891891,71,0,424,16,0,8,0,40,2
v002,3d08c934-3de5-5df5-9704-a82963af6eea,1,1024,0.3398365,0.189392,8,1,3,1,1,1,1,10.802672816507345,0.13853333333333334,64,0,456,16,0,8,0,40,2,0.11850844444444443,80,0,464,16,0,8,0,40,2,0.12301818181818182,64,0,432,16,0,8,0,40,2,0.11823783783783783,71,0,424,16,0,8,0,40,2
v002,473ba98e-bdcb-579c-9c4d-e5de6e3f4a63,1,8192,2.6994295,1.297426,8,1,3,1,1,1,1,12.882114358187179,1.0942666666666667,64,0,456,16,0,8,0,40,2,0.9340675555555555,80,0,464,16,0,8,0,40,2,0.9701454545454546,64,0,432,16,0,8,0,40,2,0.9319027027027027,71,0,424,16,0,8,0,40,2
v002,62bb15e8-367e-5ab8-91e2-af3616abece3,4,1657,2.1763465,1.0537450000000002,8,1,3,1,1,1,1,12.670259389454344,0.8857333333333334,64,0,456,16,0,8,0,40,2,0.7561191111111112,80,0,464,16,0,8,0,40,2,0.785309090909091,64,0,432,16,0,8,0,40,2,0.7543675675675676,71,0,424,16,0,8,0,40,2
v002,93b2fe42-1327-5140-8826-c6593f301069,4,512,0.6758014999999999,0.347136,8,1,3,1,1,1,1,11.49581999706729,0.2750666666666667,64,0,456,16,0,8,0,40,2,0.2350168888888889,80,0,464,16,0,8,0,40,2,0.24403636363636363,64,0,432,16,0,8,0,40,2,0.23447567567567568,71,0,424,16,0,8,0,40,2
v002,c47946fe-4f9b-507c-a425-760d50ee0ac9,2,128,0.096047,0.059393,8,1,3,1,1,1,1,9.416378455387454,0.03613333333333334,64,0,456,16,0,8,0,40,2,0.031127111111111112,80,0,464,16,0,8,0,40,2,0.03225454545454546,64,0,432,16,0,8,0,40,2,0.03105945945945946,71,0,424,16,0,8,0,40,2
v002,ce51aff5-8ef2-5730-9de1-f1527d8edb19,32,128,1.3413309999999998,0.6582565,8,1,3,1,1,1,1,12.188967177627235,0.5481333333333334,64,0,456,16,0,8,0,40,2,0.46803377777777777,80,0,464,16,0,8,0,40,2,0.48607272727272727,64,0,432,16,0,8,0,40,2,0.46695135135135135,71,0,424,16,0,8,0,40,2
v002,d6f8d507-17f7-5ead-9522-09c7ecbf1207,16,256,1.3413469999999998,0.657985,8,1,3,1,1,1,1,12.188967177627235,0.5481333333333334,64,0,456,16,0,8,0,40,2,0.46803377777777777,80,0,464,16,0,8,0,40,2,0.48607272727272727,64,0,432,16,0,8,0,40,2,0.46695135135135135,71,0,424,16,0,8,0,40,2
v002,dcdec775-21aa-58cb-9fd9-322376d59814,1,128,0.0482235,0.031584,8,1,3,1,1,1,1,8.723231274827508,0.01906666666666667,64,0,456,16,0,8,0,40,2,0.016563555555555557,80,0,464,16,0,8,0,40,2,0.017127272727272727,64,0,432,16,0,8,0,40,2,0.01652972972972973,71,0,424,16,0,8,0,40,2
v002,e4d4aebe-8349-5613-9bbc-d1c0ddbe191b,1,131,0.047984,0.032479999999999995,8,1,3,1,1,1,1,8.746398334109042,0.019466666666666667,64,0,456,16,0,8,0,40,2,0.01690488888888889,80,0,464,16,0,8,0,40,2,0.01748181818181818,64,0,432,16,0,8,0,40,2,0.01687027027027027,71,0,424,16,0,8,0,40,2
v002,fbd78167-8dca-5fc3-9793-3e5867bde298,8,128,0.3391505,0.18846400000000002,8,1,3,1,1,1,1,10.802672816507345,0.13853333333333334,64,0,456,16,0,8,0,40,2,0.11850844444444443,80,0,464,16,0,8,0,40,2,0.12301818181818182,64,0,432,16,0,8,0,40,2,0.11823783783783783,71,0,424,16,0,8,0,40,2
v003,0648abad-cca5-589b-afce-ee461e799da3,4,1024,1.3890425,0.8023045,1,2,1,1,1,2,0,12.188967177627235,2.186533333333333,24,0,96,0,0,0,0,6,2,1.6634760563380282,24,0,96,0,0,0,0,6,2,1.938290909090909,26,0,104,0,0,0,0,6,2,1.8618054054054054,26,0,104,0,0,0,0,6,2
v003,0f5618d6-7901-570c-8f57-273588f40be1,8,773,2.0989079999999998,1.198561,1,2,1,1,1,2,0,12.600921601175148,3.300133333333333,24,0,96,0,0,0,0,6,2,2.510439436619718,24,0,96,0,0,0,0,6,2,2.9253454545454542,26,0,104,0,0,0,0,6,2,2.8098702702702703,26,0,104,0,0,0,0,6,2
v003,13ac723d-96d9-5dc3-8ff6-64cca40fee1a,4,256,0.35362899999999997,0.225408,1,2,1,1,1,2,0,10.802672816507345,0.5481333333333334,24,0,96,0,0,0,0,6,2,0.417369014084507,24,0,96,0,0,0,0,6,2,0.48607272727272727,26,0,104,0,0,0,0,6,2,0.46695135135135135,26,0,104,0,0,0,0,6,2
v003,277f8cdf-20d1-5ab2-915d-1a7ecebfed13,8,256,0.7013849999999999,0.418833,1,2,1,1,1,2,0,11.49581999706729,1.0942666666666667,24,0,96,0,0,0,0,6,2,0.8327380281690141,24,0,96,0,0,0,0,6,2,0.9701454545454546,26,0,104,0,0,0,0,6,2,0.9319027027027027,26,0,104,0,0,0,0,6,2
v003,3565f3a6-e573-5729-bb6a-4b19537e0a85,1,256,0.093183,0.06873599999999999,1,2,1,1,1,2,0,9.416378455387454,0.13853333333333334,24,0,96,0,0,0,0,6,2,0.10584225352112675,24,0,96,0,0,0,0,6,2,0.12301818181818182,26,0,104,0,0,0,0,6,2,0.11823783783783783,26,0,104,0,0,0,0,6,2
v003,388488d1-b780-5422-8839-375f4ae380a4,2,293,0.20657399999999998,0.142704,1,2,1,1,1,2,0,10.244520800484903,0.31453333333333333,24,0,96,0,0,0,0,6,2,0.2397014084507042,24,0,96,0,0,0,0,6,2,0.27901818181818183,26,0,104,0,0,0,0,6,2,0.2680756756756757,26,0,104,0,0,0,0,6,2
v003,3d08c934-3de5-5df5-9704-a82963af6eea,1,1024,0.35399650000000005,0.2240325,1,2,1,1,1,2,0,10.802672816507345,0.5481333333333334,24,0,96,0,0,0,0,6,2,0.417369014084507,24,0,96,0,0,0,0,6,2,0.48607272727272727,26,0,104,0,0,0,0,6,2,0.46695135135135135,26,0,104,0,0,0,0,6,2
v003,473ba98e-bdcb-579c-9c4d-e5de6e3f4a63,1,8192,2.7765665,1.574674,1,2,1,1,1,2,0,12.882114358187179,4.371066666666667,24,0,96,0,0,0,0,6,2,3.3249521126760557,24,0,96,0,0,0,0,6,2,3.874581818181818,26,0,104,0,0,0,0,6,2,3.7216108108108106,26,0,104,0,0,0,0,6,2
v003,62bb15e8-367e-5ab8-91e2-af3616abece3,4,1657,2.2478664999999998,1.2802734999999998,1,2,1,1,1,2,0,12.670259389454344,3.5369333333333333,24,0,96,0,0,0,0,6,2,2.690540845070422,24,0,96,0,0,0,0,6,2,3.1352363636363636,26,0,104,0,0,0,0,6,2,3.0114702702702703,26,0,104,0,0,0,0,6,2
v003,93b2fe42-1327-5140-8826-c6593f301069,4,512,0.6999615,0.4205765,1,2,1,1,1,2,0,11.49581999706729,1.0942666666666667,24,0,96,0,0,0,0,6,2,0.8327380281690141,24,0,96,0,0,0,0,6,2,0.9701454545454546,26,0,104,0,0,0,0,6,2,0.9319027027027027,26,0,104,0,0,0,0,6,2
v003,c47946fe-4f9b-507c-a425-760d50ee0ac9,2,128,0.099935,0.0688645,1,2,1,1,1,2,0,9.416378455387454,0.13853333333333334,24,0,96,0,0,0,0,6,2,0.10584225352112675,24,0,96,0,0,0,0,6,2,0.12301818181818182,26,0,104,0,0,0,0,6,2,0.11823783783783783,26,0,104,0,0,0,0,6,2
v003,ce51aff5-8ef2-5730-9de1-f1527d8edb19,32,128,1.394739,0.8041294999999999,1,2,1,1,1,2,0,12.188967177627235,2.186533333333333,24,0,96,0,0,0,0,6,2,1.6634760563380282,24,0,96,0,0,0,0,6,2,1.938290909090909,26,0,104,0,0,0,0,6,2,1.8618054054054054,26,0,104,0,0,0,0,6,2
v003,d6f8d507-17f7-5ead-9522-09c7ecbf1207,16,256,1.393347,0.804385,1,2,1,1,1,2,0,12.188967177627235,2.186533333333333,24,0,96,0,0,0,0,6,2,1.6634760563380282,24,0,96,0,0,0,0,6,2,1.938290909090909,26,0,104,0,0,0,0,6,2,1.8618054054054054,26,0,104,0,0,0,0,6,2
v003,dcdec775-21aa-58cb-9fd9-322376d59814,1,128,0.048175499999999996,0.03616,1,2,1,1,1,2,0,8.723231274827508,0.07026666666666666,24,0,96,0,0,0,0,6,2,0.053921126760563376,24,0,96,0,0,0,0,6,2,0.0625090909090909,26,0,104,0,0,0,0,6,2,0.06011891891891892,26,0,104,0,0,0,0,6,2
v003,e4d4aebe-8349-5613-9bbc-d1c0ddbe191b,1,131,0.049215,0.037072,1,2,1,1,1,2,0,8.746398334109042,0.07186666666666666,24,0,96,0,0,0,0,6,2,0.055138028169014086,24,0,96,0,0,0,0,6,2,0.06392727272727272,26,0,104,0,0,0,0,6,2,0.06148108108108107,26,0,104,0,0,0,0,6,2
v003,fbd78167-8dca-5fc3-9793-3e5867bde298,8,128,0.354557,0.22515200000000002,1,2,1,1,1,2,0,10.802672816507345,0.5481333333333334,24,0,96,0,0,0,0,6,2,0.417369014084507,24,0,96,0,0,0,0,6,2,0.48607272727272727,26,0,104,0,0,0,0,6,2,0.46695135135135135,26,0,104,0,0,0,0,6,2
v004,0648abad-cca5-589b-afce-ee461e799da3,4,1024,0.7795925,0.653313,2,8,4,0,1,2,0,12.188967177627235,1.0962666666666667,23,0,96,0,2,0,1,7,2,0.834738028169014,23,0,96,0,2,0,1,7,2,0.9721454545454545,29,0,104,0,2,0,1,7,2,0.9339027027027027,29,0,104,0,2,0,1,7,2
v004,0f5618d6-7901-570c-8f57-273588f40be1,8,773,1.1727444999999999,0.9668815,2,8,4,0,1,2,0,12.600921601175148,1.6530666666666667,23,0,96,0,2,0,1,7,2,1.2582197183098591,23,0,96,0,2,0,1,7,2,1.4656727272727275,29,0,104,0,2,0,1,7,2,1.4079351351351352,29,0,104,0,2,0,1,7,2
v004,13ac723d-96d9-5dc3-8ff6-64cca40fee1a,4,256,0.2027505,0.19012800000000002,2,8,4,0,1,2,0,10.802672816507345,0.2770666666666667,23,0,96,0,2,0,1,7,2,0.2116845070422535,23,0,96,0,2,0,1,7,2,0.24603636363636364,29,0,104,0,2,0,1,7,2,0.23647567567567565,29,0,104,0,2,0,1,7,2
v004,277f8cdf-20d1-5ab2-915d-1a7ecebfed13,8,256,0.394556,0.345377,2,8,4,0,1,2,0,11.49581999706729,0.5501333333333334,23,0,96,0,2,0,1,7,2,0.419369014084507,23,0,96,0,2,0,1,7,2,0.48807272727272727,29,0,104,0,2,0,1,7,2,0.46895135135135135,29,0,104,0,2,0,1,7,2
v004,3565f3a6-e573-5729-bb6a-4b19537e0a85,1,256,0.057615,0.06272,2,8,4,0,1,2,0,9.416378455387454,0.07226666666666667,23,0,96,0,2,0,1,7,2,0.05592112676056338,23,0,96,0,2,0,1,7,2,0.06450909090909092,29,0,104,0,2,0,1,7,2,0.06211891891891892,29,0,104,0,2,0,1,7,2
v004,388488d1-b780-5422-8839-375f4ae380a4,2,293,0.120511,0.124496,2,8,4,0,1,2,0,10.244520800484903,0.16026666666666667,23,0,96,0,2,0,1,7,2,0.1228507042253521,23,0,96,0,2,0,1,7,2,0.14250909090909092,29,0,104,0,2,0,1,7,2,0.13703783783783782,29,0,104,0,2,0,1,7,2
v004,3d08c934-3de5-5df5-9704-a82963af6eea,1,1024,0.20563,0.192176,2,8,4,0,1,2,0,10.802672816507345,0.2770666666666667,23,0,96,0,2,0,1,7,2,0.2116845070422535,23,0,96,0,2,0,1,7,2,0.24603636363636364,29,0,104,0,2,0,1,7,2,0.23647567567567565,29,0,104,0,2,0,1,7,2
v004,473ba98e-bdcb-579c-9c4d-e5de6e3f4a63,1,8192,1.578385,1.289442,2,8,4,0,1,2,0,12.882114358187179,2.1885333333333334,23,0,96,0,2,0,1,7,2,1.6654760563380282,23,0,96,0,2,0,1,7,2,1.9402909090909093,29,0,104,0,2,0,1,7,2,1.8638054054054054,29,0,104,0,2,0,1,7,2
v004,62bb15e8-367e-5ab8-91e2-af3616abece3,4,1657,1.279892,1.048962,2,8,4,0,1,2,0,12.670259389454344,1.7714666666666667,23,0,96,0,2,0,1,7,2,1.3482704225352111,23,0,96,0,2,0,1,7,2,1.570618181818182,29,0,104,0,2,0,1,7,2,1.5087351351351352,29,0,104,0,2,0,1,7,2
v004,93b2fe42-1327-5140-8826-c6593f301069,4,512,0.40193199999999996,0.34798450000000003,2,8,4,0,1,2,0,11.49581999706729,0.5501333333333334,23,0,96,0,2,0,1,7,2,0.419369014084507,23,0,96,0,2,0,1,7,2,0.48807272727272727,29,0,104,0,2,0,1,7,2,0.46895135135135135,29,0,104,0,2,0,1,7,2
v004,c47946fe-4f9b-507c-a425-760d50ee0ac9,2,128,0.061855999999999994,0.062336,2,8,4,0,1,2,0,9.416378455387454,0.07226666666666667,23,0,96,0,2,0,1,7,2,0.05592112676056338,23,0,96,0,2,0,1,7,2,0.06450909090909092,29,0,104,0,2,0,1,7,2,0.06211891891891892,29,0,104,0,2,0,1,7,2
v004,ce51aff5-8ef2-5730-9de1-f1527d8edb19,32,128,0.7801695,0.6527535,2,8,4,0,1,2,0,12.188967177627235,1.0962666666666667,23,0,96,0,2,0,1,7,2,0.834738028169014,23,0,96,0,2,0,1,7,2,0.9721454545454545,29,0,104,0,2,0,1,7,2,0.9339027027027027,29,0,104,0,2,0,1,7,2
v004,d6f8d507-17f7-5ead-9522-09c7ecbf1207,16,256,0.7802,0.6529455,2,8,4,0,1,2,0,12.188967177627235,1.0962666666666667,23,0,96,0,2,0,1,7,2,0.834738028169014,23,0,96,0,2,0,1,7,2,0.9721454545454545,29,0,104,0,2,0,1,7,2,0.9339027027027027,29,0,104,0,2,0,1,7,2
v004,dcdec775-21aa-58cb-9fd9-322376d59814,1,128,0.04168,0.033984,2,8,4,0,1,2,0,8.723231274827508,0.03813333333333334,23,0,96,0,2,0,1,7,2,0.029960563380281687,23,0,96,0,2,0,1,7,2,0.034254545454545454,29,0,104,0,2,0,1,7,2,0.03305945945945946,29,0,104,0,2,0,1,7,2
v004,e4d4aebe-8349-5613-9bbc-d1c0ddbe191b,1,131,0.042095999999999995,0.034656,2,8,4,0,1,2,0,8.746398334109042,0.038933333333333334,23,0,96,0,2,0,1,7,2,0.030569014084507042,23,0,96,0,2,0,1,7,2,0.03496363636363636,29,0,104,0,2,0,1,7,2,0.03374054054054054,29,0,104,0,2,0,1,7,2
v004,fbd78167-8dca-5fc3-9793-3e5867bde298,8,128,0.2031485,0.190144,2,8,4,0,1,2,0,10.802672816507345,0.2770666666666667,23,0,96,0,2,0,1,7,2,0.2116845070422535,23,0,96,0,2,0,1,7,2,0.24603636363636364,29,0,104,0,2,0,1,7,2,0.23647567567567565,29,0,104,0,2,0,1,7,2
v005,0648abad-cca5-589b-afce-ee461e799da3,4,1024,0.26604550000000005,0.680097,8,8,2,0,1,8,1,12.188967177627235,0.20147581363413436,24,0,96,2,0,1,0,5,2,0.4700337777777778,24,0,96,2,0,1,0,5,2,0.08788607999999999,30,0,104,2,0,1,0,5,2,0.06211891891891892,30,0,104,2,0,1,0,5,2
v005,0f5618d6-7901-570c-8f57-273588f40be1,8,773,0.397677,1.027458,8,8,2,0,1,8,1,12.600921601175148,0.3021421951937224,24,0,96,2,0,1,0,5,2,0.7076017777777778,24,0,96,2,0,1,0,5,2,0.13064831999999998,30,0,104,2,0,1,0,5,2,0.09174594594594594,30,0,104,2,0,1,0,5,2
v005,13ac723d-96d9-5dc3-8ff6-64cca40fee1a,4,256,0.0659995,0.1734565,8,8,2,0,1,8,1,10.802672816507345,0.05336895340853359,24,0,96,2,0,1,0,5,2,0.12050844444444445,24,0,96,2,0,1,0,5,2,0.024971519999999997,30,0,104,2,0,1,0,5,2,0.01852972972972973,30,0,104,2,0,1,0,5,2
v005,277f8cdf-20d1-5ab2-915d-1a7ecebfed13,8,256,0.130399,0.345217,8,8,2,0,1,8,1,11.49581999706729,0.10273790681706718,24,0,96,2,0,1,0,5,2,0.23701688888888886,24,0,96,2,0,1,0,5,2,0.04594304,30,0,104,2,0,1,0,5,2,0.03305945945945946,30,0,104,2,0,1,0,5,2
v005,3565f3a6-e573-5729-bb6a-4b19537e0a85,1,256,0.035568,0.04504,8,8,2,0,1,8,1,9.416378455387454,0.016342238352133397,24,0,96,2,0,1,0,5,2,0.033127111111111114,24,0,96,2,0,1,0,5,2,0.00924288,30,0,104,2,0,1,0,5,2,0.007632432432432433,30,0,104,2,0,1,0,5,2
v005,388488d1-b780-5422-8839-375f4ae380a4,2,293,0.045392,0.098384,8,8,2,0,1,8,1,10.244520800484903,0.03225215497793036,24,0,96,2,0,1,0,5,2,0.07067377777777778,24,0,96,2,0,1,0,5,2,0.01600128,30,0,104,2,0,1,0,5,2,0.012314864864864866,30,0,104,2,0,1,0,5,2
v005,3d08c934-3de5-5df5-9704-a82963af6eea,1,1024,0.06582350000000001,0.179616,8,8,2,0,1,8,1,10.802672816507345,0.05336895340853359,24,0,96,2,0,1,0,5,2,0.12050844444444445,24,0,96,2,0,1,0,5,2,0.024971519999999997,30,0,104,2,0,1,0,5,2,0.01852972972972973,30,0,104,2,0,1,0,5,2
v005,473ba98e-bdcb-579c-9c4d-e5de6e3f4a63,1,8192,0.5205865000000001,1.358914,8,8,2,0,1,8,1,12.882114358187179,0.3989516272682687,24,0,96,2,0,1,0,5,2,0.9360675555555555,24,0,96,2,0,1,0,5,2,0.17177215999999998,30,0,104,2,0,1,0,5,2,0.12023783783783784,30,0,104,2,0,1,0,5,2
v005,62bb15e8-367e-5ab8-91e2-af3616abece3,4,1657,0.42676400000000003,1.1052335,8,8,2,0,1,8,1,12.670259389454344,0.32354826483570376,24,0,96,2,0,1,0,5,2,0.7581191111111111,24,0,96,2,0,1,0,5,2,0.13974143999999997,30,0,104,2,0,1,0,5,2,0.09804594594594596,30,0,104,2,0,1,0,5,2
v005,93b2fe42-1327-5140-8826-c6593f301069,4,512,0.1296465,0.34433650000000005,8,8,2,0,1,8,1,11.49581999706729,0.10273790681706718,24,0,96,2,0,1,0,5,2,0.23701688888888886,24,0,96,2,0,1,0,5,2,0.04594304,30,0,104,2,0,1,0,5,2,0.03305945945945946,30,0,104,2,0,1,0,5,2
v005,c47946fe-4f9b-507c-a425-760d50ee0ac9,2,128,0.035327,0.041184,8,8,2,0,1,8,1,9.416378455387454,0.016342238352133397,24,0,96,2,0,1,0,5,2,0.033127111111111114,24,0,96,2,0,1,0,5,2,0.00924288,30,0,104,2,0,1,0,5,2,0.007632432432432433,30,0,104,2,0,1,0,5,2
v005,ce51aff5-8ef2-5730-9de1-f1527d8edb19,32,128,0.265726,0.6806414999999999,8,8,2,0,1,8,1,12.188967177627235,0.20147581363413436,24,0,96,2,0,1,0,5,2,0.4700337777777778,24,0,96,2,0,1,0,5,2,0.08788607999999999,30,0,104,2,0,1,0,5,2,0.06211891891891892,30,0,104,2,0,1,0,5,2
v005,d6f8d507-17f7-5ead-9522-09c7ecbf1207,16,256,0.266893,0.677681,8,8,2,0,1,8,1,12.188967177627235,0.20147581363413436,24,0,96,2,0,1,0,5,2,0.4700337777777778,24,0,96,2,0,1,0,5,2,0.08788607999999999,30,0,104,2,0,1,0,5,2,0.06211891891891892,30,0,104,2,0,1,0,5,2
v005,dcdec775-21aa-58cb-9fd9-322376d59814,1,128,0.032544,0.020992,8,8,2,0,1,8,1,8.723231274827508,0.010171119176066699,24,0,96,2,0,1,0,5,2,0.018563555555555555,24,0,96,2,0,1,0,5,2,0.00662144,30,0,104,2,0,1,0,5,2,0.0068000000000000005,30,0,104,2,0,1,0,5,2
v005,e4d4aebe-8349-5613-9bbc-d1c0ddbe191b,1,131,0.0327195,0.021904,8,8,2,0,1,8,1,8.746398334109042,0.01031575478175576,24,0,96,2,0,1,0,5,2,0.01890488888888889,24,0,96,2,0,1,0,5,2,0.00668288,30,0,104,2,0,1,0,5,2,0.0068,30,0,104,2,0,1,0,5,2
v005,fbd78167-8dca-5fc3-9793-3e5867bde298,8,128,0.0658075,0.1749605,8,8,2,0,1,8,1,10.802672816507345,0.05336895340853359,24,0,96,2,0,1,0,5,2,0.12050844444444445,24,0,96,2,0,1,0,5,2,0.024971519999999997,30,0,104,2,0,1,0,5,2,0.01852972972972973,30,0,104,2,0,1,0,5,2
v006,0648abad-cca5-589b-afce-ee461e799da3,4,1024,0.2723655,0.688577,8,4,3,0,1,8,1,12.188967177627235,0.20147581363413436,32,0,144,4,0,2,0,10,2,0.4700337777777778,36,0,144,4,0,2,0,10,2,0.08788607999999999,32,0,144,4,0,2,0,10,2,0.06211891891891892,32,0,144,4,0,2,0,10,2
v006,0f5618d6-7901-570c-8f57-273588f40be1,8,773,0.406092,1.0362580000000001,8,4,3,0,1,8,1,12.600921601175148,0.3021421951937224,32,0,144,4,0,2,0,10,2,0.7076017777777778,36,0,144,4,0,2,0,10,2,0.13064831999999998,32,0,144,4,0,2,0,10,2,0.09174594594594594,32,0,144,4,0,2,0,10,2
v006,13ac723d-96d9-5dc3-8ff6-64cca40fee1a,4,256,0.0656315,0.16929650000000002,8,4,3,0,1,8,1,10.802672816507345,0.05336895340853359,32,0,144,4,0,2,0,10,2,0.12050844444444445,36,0,144,4,0,2,0,10,2,0.024971519999999997,32,0,144,4,0,2,0,10,2,0.01852972972972973,32,0,144,4,0,2,0,10,2
v006,277f8cdf-20d1-5ab2-915d-1a7ecebfed13,8,256,0.1298385,0.343505,8,4,3,0,1,8,1,11.49581999706729,0.10273790681706718,32,0,144,4,0,2,0,10,2,0.23701688888888886,36,0,144,4,0,2,0,10,2,0.04594304,32,0,144,4,0,2,0,10,2,0.03305945945945946,32,0,144,4,0,2,0,10,2
v006,3565f3a6-e573-5729-bb6a-4b19537e0a85,1,256,0.0363995,0.044464500000000004,8,4,3,0,1,8,1,9.416378455387454,0.016342238352133397,32,0,144,4,0,2,0,10,2,0.033127111111111114,36,0,144,4,0,2,0,10,2,0.00924288,32,0,144,4,0,2,0,10,2,0.007632432432432433,32,0,144,4,0,2,0,10,2
v006,388488d1-b780-5422-8839-375f4ae380a4,2,293,0.046352,0.0946565,8,4,3,0,1,8,1,10.244520800484903,0.03225215497793036,32,0,144,4,0,2,0,10,2,0.07067377777777778,36,0,144,4,0,2,0,10,2,0.01600128,32,0,144,4,0,2,0,10,2,0.012314864864864866,32,0,144,4,0,2,0,10,2
v006,3d08c934-3de5-5df5-9704-a82963af6eea,1,1024,0.0656635,0.1718405,8,4,3,0,1,8,1,10.802672816507345,0.05336895340853359,32,0,144,4,0,2,0,10,2,0.12050844444444445,36,0,144,4,0,2,0,10,2,0.024971519999999997,32,0,144,4,0,2,0,10,2,0.01852972972972973,32,0,144,4,0,2,0,10,2
v006,473ba98e-bdcb-579c-9c4d-e5de6e3f4a63,1,8192,0.532539,1.3711385,8,4,3,0,1,8,1,12.882114358187179,0.3989516272682687,32,0,144,4,0,2,0,10,2,0.9360675555555555,36,0,144,4,0,2,0,10,2,0.17177215999999998,32,0,144,4,0,2,0,10,2,0.12023783783783784,32,0,144,4,0,2,0,10,2
v006,62bb15e8-367e-5ab8-91e2-af3616abece3,4,1657,0.43561099999999997,1.1112015,8,4,3,0,1,8,1,12.670259389454344,0.32354826483570376,32,0,144,4,0,2,0,10,2,0.7581191111111111,36,0,144,4,0,2,0,10,2,0.13974143999999997,32,0,144,4,0,2,0,10,2,0.09804594594594596,32,0,144,4,0,2,0,10,2
v006,93b2fe42-1327-5140-8826-c6593f301069,4,512,0.129455,0.3436005,8,4,3,0,1,8,1,11.49581999706729,0.10273790681706718,32,0,144,4,0,2,0,10,2,0.23701688888888886,36,0,144,4,0,2,0,10,2,0.04594304,32,0,144,4,0,2,0,10,2,0.03305945945945946,32,0,144,4,0,2,0,10,2
v006,c47946fe-4f9b-507c-a425-760d50ee0ac9,2,128,0.037424,0.040640499999999996,8,4,3,0,1,8,1,9.416378455387454,0.016342238352133397,32,0,144,4,0,2,0,10,2,0.033127111111111114,36,0,144,4,0,2,0,10,2,0.00924288,32,0,144,4,0,2,0,10,2,0.007632432432432433,32,0,144,4,0,2,0,10,2
v006,ce51aff5-8ef2-5730-9de1-f1527d8edb19,32,128,0.27230200000000004,0.685378,8,4,3,0,1,8,1,12.188967177627235,0.20147581363413436,32,0,144,4,0,2,0,10,2,0.4700337777777778,36,0,144,4,0,2,0,10,2,0.08788607999999999,32,0,144,4,0,2,0,10,2,0.06211891891891892,32,0,144,4,0,2,0,10,2
v006,d6f8d507-17f7-5ead-9522-09c7ecbf1207,16,256,0.271885,0.6852335,8,4,3,0,1,8,1,12.188967177627235,0.20147581363413436,32,0,144,4,0,2,0,10,2,0.4700337777777778,36,0,144,4,0,2,0,10,2,0.08788607999999999,32,0,144,4,0,2,0,10,2,0.06211891891891892,32,0,144,4,0,2,0,10,2
v006,dcdec775-21aa-58cb-9fd9-322376d59814,1,128,0.033071,0.021008,8,4,3,0,1,8,1,8.723231274827508,0.010171119176066699,32,0,144,4,0,2,0,10,2,0.018563555555555555,36,0,144,4,0,2,0,10,2,0.00662144,32,0,144,4,0,2,0,10,2,0.0068000000000000005,32,0,144,4,0,2,0,10,2
v006,e4d4aebe-8349-5613-9bbc-d1c0ddbe191b,1,131,0.03304,0.0221755,8,4,3,0,1,8,1,8.746398334109042,0.01031575478175576,32,0,144,4,0,2,0,10,2,0.01890488888888889,36,0,144,4,0,2,0,10,2,0.00668288,32,0,144,4,0,2,0,10,2,0.0068,32,0,144,4,0,2,0,10,2
v006,fbd78167-8dca-5fc3-9793-3e5867bde298,8,128,0.065551,0.1685125,8,4,3,0,1,8,1,10.802672816507345,0.05336895340853359,32,0,144,4,0,2,0,10,2,0.12050844444444445,36,0,144,4,0,2,0,10,2,0.024971519999999997,32,0,144,4,0,2,0,10,2,0.01852972972972973,32,0,144,4,0,2,0,10,2
v007,0648abad-cca5-589b-afce-ee461e799da3,4,1024,1.343171,0.6581455,8,1,1,1,1,1,1,12.188967177627235,0.5481333333333334,64,0,456,16,0,8,0,40,2,0.46803377777777777,80,0,464,16,0,8,0,40,2,0.48607272727272727,64,0,432,16,0,8,0,40,2,0.46695135135135135,71,0,424,16,0,8,0,40,2
v007,0f5618d6-7901-570c-8f57-273588f40be1,8,773,2.040109,0.977026,8,1,1,1,1,1,1,12.600921601175148,0.8265333333333333,64,0,456,16,0,8,0,40,2,0.7056017777777779,80,0,464,16,0,8,0,40,2,0.7328363636363637,64,0,432,16,0,8,0,40,2,0.7039675675675676,71,0,424,16,0,8,0,40,2
v007,13ac723d-96d9-5dc3-8ff6-64cca40fee1a,4,256,0.340301,0.188256,8,1,1,1,1,1,1,10.802672816507345,0.13853333333333334,64,0,456,16,0,8,0,40,2,0.11850844444444443,80,0,464,16,0,8,0,40,2,0.12301818181818182,64,0,432,16,0,8,0,40,2,0.11823783783783783,71,0,424,16,0,8,0,40,2
v007,277f8cdf-20d1-5ab2-915d-1a7ecebfed13,8,256,0.6755935,0.34648049999999997,8,1,1,1,1,1,1,11.49581999706729,0.2750666666666667,64,0,456,16,0,8,0,40,2,0.2350168888888889,80,0,464,16,0,8,0,40,2,0.24403636363636363,64,0,432,16,0,8,0,40,2,0.23447567567567568,71,0,424,16,0,8,0,40,2
v007,3565f3a6-e573-5729-bb6a-4b19537e0a85,1,256,0.088992,0.059552,8,1,1,1,1,1,1,9.416378455387454,0.03613333333333334,64,0,456,16,0,8,0,40,2,0.031127111111111112,80,0,464,16,0,8,0,40,2,0.03225454545454546,64,0,432,16,0,8,0,40,2,0.03105945945945946,71,0,424,16,0,8,0,40,2
v007,388488d1-b780-5422-8839-375f4ae380a4,2,293,0.1960785,0.12192,8,1,1,1,1,1,1,10.244520800484903,0.08013333333333333,64,0,456,16,0,8,0,40,2,0.06867377777777776,80,0,464,16,0,8,0,40,2,0.07125454545454546,64,0,432,16,0,8,0,40,2,0.06851891891891891,71,0,424,16,0,8,0,40,2
v007,3d08c934-3de5-5df5-9704-a82963af6eea,1,1024,0.33878050000000004,0.1894245,8,1,1,1,1,1,1,10.802672816507345,0.13853333333333334,64,0,456,16,0,8,0,40,2,0.11850844444444443,80,0,464,16,0,8,0,40,2,0.12301818181818182,64,0,432,16,0,8,0,40,2,0.11823783783783783,71,0,424,16,0,8,0,40,2
v007,473ba98e-bdcb-579c-9c4d-e5de6e3f4a63,1,8192,2.700616,1.2977305000000001,8,1,1,1,1,1,1,12.882114358187179,1.0942666666666667,64,0,456,16,0,8,0,40,2,0.9340675555555555,80,0,464,16,0,8,0,40,2,0.9701454545454546,64,0,432,16,0,8,0,40,2,0.9319027027027027,71,0,424,16,0,8,0,40,2
v007,62bb15e8-367e-5ab8-91e2-af3616abece3,4,1657,2.236704,1.0550905,8,1,1,1,1,1,1,12.670259389454344,0.8857333333333334,64,0,456,16,0,8,0,40,2,0.7561191111111112,80,0,464,16,0,8,0,40,2,0.785309090909091,64,0,432,16,0,8,0,40,2,0.7543675675675676,71,0,424,16,0,8,0,40,2
v007,93b2fe42-1327-5140-8826-c6593f301069,4,512,0.6766654999999999,0.3473125,8,1,1,1,1,1,1,11.49581999706729,0.2750666666666667,64,0,456,16,0,8,0,40,2,0.2350168888888889,80,0,464,16,0,8,0,40,2,0.24403636363636363,64,0,432,16,0,8,0,40,2,0.23447567567567568,71,0,424,16,0,8,0,40,2
v007,c47946fe-4f9b-507c-a425-760d50ee0ac9,2,128,0.095967,0.059424000000000005,8,1,1,1,1,1,1,9.416378455387454,0.03613333333333334,64,0,456,16,0,8,0,40,2,0.031127111111111112,80,0,464,16,0,8,0,40,2,0.03225454545454546,64,0,432,16,0,8,0,40,2,0.03105945945945946,71,0,424,16,0,8,0,40,2
v007,ce51aff5-8ef2-5730-9de1-f1527d8edb19,32,128,1.344275,0.6590735,8,1,1,1,1,1,1,12.188967177627235,0.5481333333333334,64,0,456,16,0,8,0,40,2,0.46803377777777777,80,0,464,16,0,8,0,40,2,0.48607272727272727,64,0,432,16,0,8,0,40,2,0.46695135135135135,71,0,424,16,0,8,0,40,2
v007,d6f8d507-17f7-5ead-9522-09c7ecbf1207,16,256,1.344275,0.659681,8,1,1,1,1,1,1,12.188967177627235,0.5481333333333334,64,0,456,16,0,8,0,40,2,0.46803377777777777,80,0,464,16,0,8,0,40,2,0.48607272727272727,64,0,432,16,0,8,0,40,2,0.46695135135135135,71,0,424,16,0,8,0,40,2
v007,dcdec775-21aa-58cb-9fd9-322376d59814,1,128,0.0478715,0.0316,8,1,1,1,1,1,1,8.723231274827508,0.01906666666666667,64,0,456,16,0,8,0,40,2,0.016563555555555557,80,0,464,16,0,8,0,40,2,0.017127272727272727,64,0,432,16,0,8,0,40,2,0.01652972972972973,71,0,424,16,0,8,0,40,2
v007,e4d4aebe-8349-5613-9bbc-d1c0ddbe191b,1,131,0.0480155,0.0325605,8,1,1,1,1,1,1,8.746398334109042,0.019466666666666667,64,0,456,16,0,8,0,40,2,0.01690488888888889,80,0,464,16,0,8,0,40,2,0.01748181818181818,64,0,432,16,0,8,0,40,2,0.01687027027027027,71,0,424,16,0,8,0,40,2
v007,fbd78167-8dca-5fc3-9793-3e5867bde298,8,128,0.33903700000000003,0.18859199999999998,8,1,1,1,1,1,1,10.802672816507345,0.13853333333333334,64,0,456,16,0,8,0,40,2,0.11850844444444443,80,0,464,16,0,8,0,40,2,0.12301818181818182,64,0,432,16,0,8,0,40,2,0.11823783783783783,71,0,424,16,0,8,0,40,2
v008,0648abad-cca5-589b-afce-ee461e799da3,4,1024,0.270334,0.6807535,32,8,3,0,1,4,1,12.188967177627235,0.20147581363413436,48,0,248,8,0,4,0,20,2,0.4700337777777778,48,0,248,8,0,4,0,20,2,0.08788607999999999,48,0,240,8,0,4,0,20,2,0.054331648,53,0,240,8,0,4,0,20,2
v008,0f5618d6-7901-570c-8f57-273588f40be1,8,773,0.40391699999999997,1.035154,32,8,3,0,1,4,1,12.600921601175148,0.3021421951937224,48,0,248,8,0,4,0,20,2,0.7076017777777778,48,0,248,8,0,4,0,20,2,0.13064831999999998,48,0,240,8,0,4,0,20,2,0.079988992,53,0,240,8,0,4,0,20,2
v008,13ac723d-96d9-5dc3-8ff6-64cca40fee1a,4,256,0.0683835,0.165601,32,8,3,0,1,4,1,10.802672816507345,0.05336895340853359,48,0,248,8,0,4,0,20,2,0.12050844444444445,48,0,248,8,0,4,0,20,2,0.024971519999999997,48,0,240,8,0,4,0,20,2,0.016582911999999998,53,0,240,8,0,4,0,20,2
v008,277f8cdf-20d1-5ab2-915d-1a7ecebfed13,8,256,0.133487,0.3398405,32,8,3,0,1,4,1,11.49581999706729,0.10273790681706718,48,0,248,8,0,4,0,20,2,0.23701688888888886,48,0,248,8,0,4,0,20,2,0.04594304,48,0,240,8,0,4,0,20,2,0.029165824,53,0,240,8,0,4,0,20,2
v008,3565f3a6-e573-5729-bb6a-4b19537e0a85,1,256,0.03728,0.03928,32,8,3,0,1,4,1,9.416378455387454,0.016342238352133397,48,0,248,8,0,4,0,20,2,0.033127111111111114,48,0,248,8,0,4,0,20,2,0.00924288,48,0,240,8,0,4,0,20,2,0.007145728,53,0,240,8,0,4,0,20,2
v008,388488d1-b780-5422-8839-375f4ae380a4,2,293,0.047854999999999995,0.0941445,32,8,3,0,1,4,1,10.244520800484903,0.03225215497793036,48,0,248,8,0,4,0,20,2,0.07067377777777778,48,0,248,8,0,4,0,20,2,0.01600128,48,0,240,8,0,4,0,20,2,0.011200767999999998,53,0,240,8,0,4,0,20,2
v008,3d08c934-3de5-5df5-9704-a82963af6eea,1,1024,0.0684955,0.1683685,32,8,3,0,1,4,1,10.802672816507345,0.05336895340853359,48,0,248,8,0,4,0,20,2,0.12050844444444445,48,0,248,8,0,4,0,20,2,0.024971519999999997,48,0,240,8,0,4,0,20,2,0.016582911999999998,53,0,240,8,0,4,0,20,2
v008,473ba98e-bdcb-579c-9c4d-e5de6e3f4a63,1,8192,0.52622,1.3582595,32,8,3,0,1,4,1,12.882114358187179,0.3989516272682687,48,0,248,8,0,4,0,20,2,0.9360675555555555,48,0,248,8,0,4,0,20,2,0.17177215999999998,48,0,240,8,0,4,0,20,2,0.104663296,53,0,240,8,0,4,0,20,2
v008,62bb15e8-367e-5ab8-91e2-af3616abece3,4,1657,0.4300755,1.105154,32,8,3,0,1,4,1,12.670259389454344,0.32354826483570376,48,0,248,8,0,4,0,20,2,0.7581191111111111,48,0,248,8,0,4,0,20,2,0.13974143999999997,48,0,240,8,0,4,0,20,2,0.08544486400000001,53,0,240,8,0,4,0,20,2
v008,93b2fe42-1327-5140-8826-c6593f301069,4,512,0.133071,0.339345,32,8,3,0,1,4,1,11.49581999706729,0.10273790681706718,48,0,248,8,0,4,0,20,2,0.23701688888888886,48,0,248,8,0,4,0,20,2,0.04594304,48,0,240,8,0,4,0,20,2,0.029165824,53,0,240,8,0,4,0,20,2
v008,c47946fe-4f9b-507c-a425-760d50ee0ac9,2,128,0.037918999999999994,0.0375835,32,8,3,0,1,4,1,9.416378455387454,0.016342238352133397,48,0,248,8,0,4,0,20,2,0.033127111111111114,48,0,248,8,0,4,0,20,2,0.00924288,48,0,240,8,0,4,0,20,2,0.007145728,53,0,240,8,0,4,0,20,2
v008,ce51aff5-8ef2-5730-9de1-f1527d8edb19,32,128,0.2705575,0.6817774999999999,32,8,3,0,1,4,1,12.188967177627235,0.20147581363413436,48,0,248,8,0,4,0,20,2,0.4700337777777778,48,0,248,8,0,4,0,20,2,0.08788607999999999,48,0,240,8,0,4,0,20,2,0.054331648,53,0,240,8,0,4,0,20,2
v008,d6f8d507-17f7-5ead-9522-09c7ecbf1207,16,256,0.26983749999999995,0.679329,32,8,3,0,1,4,1,12.188967177627235,0.20147581363413436,48,0,248,8,0,4,0,20,2,0.4700337777777778,48,0,248,8,0,4,0,20,2,0.08788607999999999,48,0,240,8,0,4,0,20,2,0.054331648,53,0,240,8,0,4,0,20,2
v008,dcdec775-21aa-58cb-9fd9-322376d59814,1,128,0.0338715,0.021552500000000002,32,8,3,0,1,4,1,8.723231274827508,0.010171119176066699,48,0,248,8,0,4,0,20,2,0.018563555555555555,48,0,248,8,0,4,0,20,2,0.00662144,48,0,240,8,0,4,0,20,2,0.0068000000000000005,53,0,240,8,0,4,0,20,2
v008,e4d4aebe-8349-5613-9bbc-d1c0ddbe191b,1,131,0.033888,0.022592,32,8,3,0,1,4,1,8.746398334109042,0.01031575478175576,48,0,248,8,0,4,0,20,2,0.01890488888888889,48,0,248,8,0,4,0,20,2,0.00668288,48,0,240,8,0,4,0,20,2,0.0067928934010152275,53,0,240,8,0,4,0,20,2
v008,fbd78167-8dca-5fc3-9793-3e5867bde298,8,128,0.068703,0.16620800000000002,32,8,3,0,1,4,1,10.802672816507345,0.05336895340853359,48,0,248,8,0,4,0,20,2,0.12050844444444445,48,0,248,8,0,4,0,20,2,0.024971519999999997,48,0,240,8,0,4,0,20,2,0.016582911999999998,53,0,240,8,0,4,0,20,2
v009,0648abad-cca5-589b-afce-ee461e799da3,4,1024,0.2884135,0.684977,4,2,1,0,1,8,1,12.188967177627235,0.20147581363413436,32,0,144,4,0,2,0,10,2,0.4700337777777778,36,0,144,4,0,2,0,10,2,0.1250181818181818,32,0,144,4,0,2,0,10,2,0.12023783783783784,32,0,144,4,0,2,0,10,2
v009,0f5618d6-7901-570c-8f57-273588f40be1,8,773,0.4272285,1.036802,4,2,1,0,1,8,1,12.600921601175148,0.3021421951937224,32,0,144,4,0,2,0,10,2,0.7076017777777778,36,0,144,4,0,2,0,10,2,0.1867090909090909,32,0,144,4,0,2,0,10,2,0.17949189189189188,32,0,144,4,0,2,0,10,2
v009,13ac723d-96d9-5dc3-8ff6-64cca40fee1a,4,256,0.073023,0.17008,4,2,1,0,1,8,1,10.802672816507345,0.05336895340853359,32,0,144,4,0,2,0,10,2,0.12050844444444445,36,0,144,4,0,2,0,10,2,0.034254545454545454,32,0,144,4,0,2,0,10,2,0.03305945945945946,32,0,144,4,0,2,0,10,2
v009,277f8cdf-20d1-5ab2-915d-1a7ecebfed13,8,256,0.1385585,0.343025,4,2,1,0,1,8,1,11.49581999706729,0.10273790681706718,32,0,144,4,0,2,0,10,2,0.23701688888888886,36,0,144,4,0,2,0,10,2,0.06450909090909092,32,0,144,4,0,2,0,10,2,0.06211891891891892,32,0,144,4,0,2,0,10,2
v009,3565f3a6-e573-5729-bb6a-4b19537e0a85,1,256,0.038016,0.047872,4,2,1,0,1,8,1,9.416378455387454,0.016342238352133397,32,0,144,4,0,2,0,10,2,0.033127111111111114,36,0,144,4,0,2,0,10,2,0.011563636363636364,32,0,144,4,0,2,0,10,2,0.011264864864864863,32,0,144,4,0,2,0,10,2
v009,388488d1-b780-5422-8839-375f4ae380a4,2,293,0.048848,0.09686449999999999,4,2,1,0,1,8,1,10.244520800484903,0.03225215497793036,32,0,144,4,0,2,0,10,2,0.07067377777777778,36,0,144,4,0,2,0,10,2,0.021313636363636364,32,0,144,4,0,2,0,10,2,0.020629729729729727,32,0,144,4,0,2,0,10,2
v009,3d08c934-3de5-5df5-9704-a82963af6eea,1,1024,0.0729435,0.172896,4,2,1,0,1,8,1,10.802672816507345,0.05336895340853359,32,0,144,4,0,2,0,10,2,0.12050844444444445,36,0,144,4,0,2,0,10,2,0.034254545454545454,32,0,144,4,0,2,0,10,2,0.03305945945945946,32,0,144,4,0,2,0,10,2
v009,473ba98e-bdcb-579c-9c4d-e5de6e3f4a63,1,8192,0.562875,1.365299,4,2,1,0,1,8,1,12.882114358187179,0.3989516272682687,32,0,144,4,0,2,0,10,2,0.9360675555555555,36,0,144,4,0,2,0,10,2,0.24603636363636364,32,0,144,4,0,2,0,10,2,0.23647567567567565,32,0,144,4,0,2,0,10,2
v009,62bb15e8-367e-5ab8-91e2-af3616abece3,4,1657,0.459628,1.1068185000000001,4,2,1,0,1,8,1,12.670259389454344,0.32354826483570376,32,0,144,4,0,2,0,10,2,0.7581191111111111,36,0,144,4,0,2,0,10,2,0.19982727272727271,32,0,144,4,0,2,0,10,2,0.19209189189189188,32,0,144,4,0,2,0,10,2
v009,93b2fe42-1327-5140-8826-c6593f301069,4,512,0.138303,0.34430499999999997,4,2,1,0,1,8,1,11.49581999706729,0.10273790681706718,32,0,144,4,0,2,0,10,2,0.23701688888888886,36,0,144,4,0,2,0,10,2,0.06450909090909092,32,0,144,4,0,2,0,10,2,0.06211891891891892,32,0,144,4,0,2,0,10,2
v009,c47946fe-4f9b-507c-a425-760d50ee0ac9,2,128,0.0389275,0.044032,4,2,1,0,1,8,1,9.416378455387454,0.016342238352133397,32,0,144,4,0,2,0,10,2,0.033127111111111114,36,0,144,4,0,2,0,10,2,0.011563636363636364,32,0,144,4,0,2,0,10,2,0.011264864864864863,32,0,144,4,0,2,0,10,2
v009,ce51aff5-8ef2-5730-9de1-f1527d8edb19,32,128,0.2882535,0.684242,4,2,1,0,1,8,1,12.188967177627235,0.20147581363413436,32,0,144,4,0,2,0,10,2,0.4700337777777778,36,0,144,4,0,2,0,10,2,0.1250181818181818,32,0,144,4,0,2,0,10,2,0.12023783783783784,32,0,144,4,0,2,0,10,2
v009,d6f8d507-17f7-5ead-9522-09c7ecbf1207,16,256,0.288701,0.6842254999999999,4,2,1,0,1,8,1,12.188967177627235,0.20147581363413436,32,0,144,4,0,2,0,10,2,0.4700337777777778,36,0,144,4,0,2,0,10,2,0.1250181818181818,32,0,144,4,0,2,0,10,2,0.12023783783783784,32,0,144,4,0,2,0,10,2
v009,dcdec775-21aa-58cb-9fd9-322376d59814,1,128,0.032928,0.021921,4,2,1,0,1,8,1,8.723231274827508,0.010171119176066699,32,0,144,4,0,2,0,10,2,0.018563555555555555,36,0,144,4,0,2,0,10,2,0.007781818181818181,32,0,144,4,0,2,0,10,2,0.007632432432432433,32,0,144,4,0,2,0,10,2
v009,e4d4aebe-8349-5613-9bbc-d1c0ddbe191b,1,131,0.0333595,0.023503999999999997,4,2,1,0,1,8,1,8.746398334109042,0.01031575478175576,32,0,144,4,0,2,0,10,2,0.01890488888888889,36,0,144,4,0,2,0,10,2,0.007870454545454545,32,0,144,4,0,2,0,10,2,0.007717567567567567,32,0,144,4,0,2,0,10,2
v009,fbd78167-8dca-5fc3-9793-3e5867bde298,8,128,0.0729595,0.169696,4,2,1,0,1,8,1,10.802672816507345,0.05336895340853359,32,0,144,4,0,2,0,10,2,0.12050844444444445,36,0,144,4,0,2,0,10,2,0.034254545454545454,32,0,144,4,0,2,0,10,2,0.03305945945945946,32,0,144,4,0,2,0,10,2
v010,0648abad-cca5-589b-afce-ee461e799da3,4,1024,0.280157,0.6672975000000001,8,4,2,0,1,4,0,12.188967177627235,0.20147581363413436,32,0,128,4,0,2,0,10,2,0.4700337777777778,34,0,128,4,0,2,0,10,2,0.1250181818181818,32,0,128,4,0,2,0,10,2,0.12023783783783784,32,0,128,4,0,2,0,10,2
v010,0f5618d6-7901-570c-8f57-273588f40be1,8,773,0.41623600000000005,0.996226,8,4,2,0,1,4,0,12.600921601175148,0.3021421951937224,32,0,128,4,0,2,0,10,2,0.7076017777777778,34,0,128,4,0,2,0,10,2,0.1867090909090909,32,0,128,4,0,2,0,10,2,0.17949189189189188,32,0,128,4,0,2,0,10,2
v010,13ac723d-96d9-5dc3-8ff6-64cca40fee1a,4,256,0.0743195,0.171728,8,4,2,0,1,4,0,10.802672816507345,0.05336895340853359,32,0,128,4,0,2,0,10,2,0.12050844444444445,34,0,128,4,0,2,0,10,2,0.034254545454545454,32,0,128,4,0,2,0,10,2,0.03305945945945946,32,0,128,4,0,2,0,10,2
v010,277f8cdf-20d1-5ab2-915d-1a7ecebfed13,8,256,0.1378075,0.337553,8,4,2,0,1,4,0,11.49581999706729,0.10273790681706718,32,0,128,4,0,2,0,10,2,0.23701688888888886,34,0,128,4,0,2,0,10,2,0.06450909090909092,32,0,128,4,0,2,0,10,2,0.06211891891891892,32,0,128,4,0,2,0,10,2
v010,3565f3a6-e573-5729-bb6a-4b19537e0a85,1,256,0.0391195,0.0481445,8,4,2,0,1,4,0,9.416378455387454,0.016342238352133397,32,0,128,4,0,2,0,10,2,0.033127111111111114,34,0,128,4,0,2,0,10,2,0.011563636363636364,32,0,128,4,0,2,0,10,2,0.011264864864864863,32,0,128,4,0,2,0,10,2
v010,388488d1-b780-5422-8839-375f4ae380a4,2,293,0.051407,0.09809599999999999,8,4,2,0,1,4,0,10.244520800484903,0.03225215497793036,32,0,128,4,0,2,0,10,2,0.07067377777777778,34,0,128,4,0,2,0,10,2,0.021313636363636364,32,0,128,4,0,2,0,10,2,0.020629729729729727,32,0,128,4,0,2,0,10,2
v010,3d08c934-3de5-5df5-9704-a82963af6eea,1,1024,0.0742715,0.172353,8,4,2,0,1,4,0,10.802672816507345,0.05336895340853359,32,0,128,4,0,2,0,10,2,0.12050844444444445,34,0,128,4,0,2,0,10,2,0.034254545454545454,32,0,128,4,0,2,0,10,2,0.03305945945945946,32,0,128,4,0,2,0,10,2
v010,473ba98e-bdcb-579c-9c4d-e5de6e3f4a63,1,8192,0.5466985,1.306276,8,4,2,0,1,4,0,12.882114358187179,0.3989516272682687,32,0,128,4,0,2,0,10,2,0.9360675555555555,34,0,128,4,0,2,0,10,2,0.24603636363636364,32,0,128,4,0,2,0,10,2,0.23647567567567565,32,0,128,4,0,2,0,10,2
v010,62bb15e8-367e-5ab8-91e2-af3616abece3,4,1657,0.4472275,1.0609790000000001,8,4,2,0,1,4,0,12.670259389454344,0.32354826483570376,32,0,128,4,0,2,0,10,2,0.7581191111111111,34,0,128,4,0,2,0,10,2,0.19982727272727271,32,0,128,4,0,2,0,10,2,0.19209189189189188,32,0,128,4,0,2,0,10,2
v010,93b2fe42-1327-5140-8826-c6593f301069,4,512,0.1374385,0.338817,8,4,2,0,1,4,0,11.49581999706729,0.10273790681706718,32,0,128,4,0,2,0,10,2,0.23701688888888886,34,0,128,4,0,2,0,10,2,0.06450909090909092,32,0,128,4,0,2,0,10,2,0.06211891891891892,32,0,128,4,0,2,0,10,2
v010,c47946fe-4f9b-507c-a425-760d50ee0ac9,2,128,0.039903499999999995,0.044256,8,4,2,0,1,4,0,9.416378455387454,0.016342238352133397,32,0,128,4,0,2,0,10,2,0.033127111111111114,34,0,128,4,0,2,0,10,2,0.011563636363636364,32,0,128,4,0,2,0,10,2,0.011264864864864863,32,0,128,4,0,2,0,10,2
v010,ce51aff5-8ef2-5730-9de1-f1527d8edb19,32,128,0.281005,0.66597,8,4,2,0,1,4,0,12.188967177627235,0.20147581363413436,32,0,128,4,0,2,0,10,2,0.4700337777777778,34,0,128,4,0,2,0,10,2,0.1250181818181818,32,0,128,4,0,2,0,10,2,0.12023783783783784,32,0,128,4,0,2,0,10,2
v010,d6f8d507-17f7-5ead-9522-09c7ecbf1207,16,256,0.281181,0.6643060000000001,8,4,2,0,1,4,0,12.188967177627235,0.20147581363413436,32,0,128,4,0,2,0,10,2,0.4700337777777778,34,0,128,4,0,2,0,10,2,0.1250181818181818,32,0,128,4,0,2,0,10,2,0.12023783783783784,32,0,128,4,0,2,0,10,2
v010,dcdec775-21aa-58cb-9fd9-322376d59814,1,128,0.034463,0.022432,8,4,2,0,1,4,0,8.723231274827508,0.010171119176066699,32,0,128,4,0,2,0,10,2,0.018563555555555555,34,0,128,4,0,2,0,10,2,0.007781818181818181,32,0,128,4,0,2,0,10,2,0.007632432432432433,32,0,128,4,0,2,0,10,2
v010,e4d4aebe-8349-5613-9bbc-d1c0ddbe191b,1,131,0.034239,0.0248,8,4,2,0,1,4,0,8.746398334109042,0.01031575478175576,32,0,128,4,0,2,0,10,2,0.01890488888888889,34,0,128,4,0,2,0,10,2,0.007870454545454545,32,0,128,4,0,2,0,10,2,0.007717567567567567,32,0,128,4,0,2,0,10,2
v010,fbd78167-8dca-5fc3-9793-3e5867bde298,8,128,0.074111,0.17064000000000001,8,4,2,0,1,4,0,10.802672816507345,0.05336895340853359,32,0,128,4,0,2,0,10,2,0.12050844444444445,34,0,128,4,0,2,0,10,2,0.034254545454545454,32,0,128,4,0,2,0,10,2,0.03305945945945946,32,0,128,4,0,2,0,10,2
v011,0648abad-cca5-589b-afce-ee461e799da3,4,1024,0.6912575000000001,0.6419695,4,4,4,0,1,1,1,12.188967177627235,1.0962666666666667,24,0,96,2,0,1,0,5,2,0.834738028169014,24,0,96,2,0,1,0,5,2,0.9721454545454545,30,0,104,2,0,1,0,5,2,0.9339027027027027,30,0,104,2,0,1,0,5,2
v011,0f5618d6-7901-570c-8f57-273588f40be1,8,773,1.041094,0.9510419999999999,4,4,4,0,1,1,1,12.600921601175148,1.6530666666666667,24,0,96,2,0,1,0,5,2,1.2582197183098591,24,0,96,2,0,1,0,5,2,1.4656727272727275,30,0,104,2,0,1,0,5,2,1.4079351351351352,30,0,104,2,0,1,0,5,2
v011,13ac723d-96d9-5dc3-8ff6-64cca40fee1a,4,256,0.17831799999999998,0.1871045,4,4,4,0,1,1,1,10.802672816507345,0.2770666666666667,24,0,96,2,0,1,0,5,2,0.2116845070422535,24,0,96,2,0,1,0,5,2,0.24603636363636364,30,0,104,2,0,1,0,5,2,0.23647567567567565,30,0,104,2,0,1,0,5,2
v011,277f8cdf-20d1-5ab2-915d-1a7ecebfed13,8,256,0.349565,0.33948849999999997,4,4,4,0,1,1,1,11.49581999706729,0.5501333333333334,24,0,96,2,0,1,0,5,2,0.419369014084507,24,0,96,2,0,1,0,5,2,0.48807272727272727,30,0,104,2,0,1,0,5,2,0.46895135135135135,30,0,104,2,0,1,0,5,2
v011,3565f3a6-e573-5729-bb6a-4b19537e0a85,1,256,0.052527500000000005,0.061072,4,4,4,0,1,1,1,9.416378455387454,0.07226666666666667,24,0,96,2,0,1,0,5,2,0.05592112676056338,24,0,96,2,0,1,0,5,2,0.06450909090909092,30,0,104,2,0,1,0,5,2,0.06211891891891892,30,0,104,2,0,1,0,5,2
v011,388488d1-b780-5422-8839-375f4ae380a4,2,293,0.1049755,0.119552,4,4,4,0,1,1,1,10.244520800484903,0.16026666666666667,24,0,96,2,0,1,0,5,2,0.1228507042253521,24,0,96,2,0,1,0,5,2,0.14250909090909092,30,0,104,2,0,1,0,5,2,0.13703783783783782,30,0,104,2,0,1,0,5,2
v011,3d08c934-3de5-5df5-9704-a82963af6eea,1,1024,0.1784145,0.189024,4,4,4,0,1,1,1,10.802672816507345,0.2770666666666667,24,0,96,2,0,1,0,5,2,0.2116845070422535,24,0,96,2,0,1,0,5,2,0.24603636363636364,30,0,104,2,0,1,0,5,2,0.23647567567567565,30,0,104,2,0,1,0,5,2
v011,473ba98e-bdcb-579c-9c4d-e5de6e3f4a63,1,8192,1.3820839999999999,1.250371,4,4,4,0,1,1,1,12.882114358187179,2.1885333333333334,24,0,96,2,0,1,0,5,2,1.6654760563380282,24,0,96,2,0,1,0,5,2,1.9402909090909093,30,0,104,2,0,1,0,5,2,1.8638054054054054,30,0,104,2,0,1,0,5,2
v011,62bb15e8-367e-5ab8-91e2-af3616abece3,4,1657,1.195765,1.0169465,4,4,4,0,1,1,1,12.670259389454344,1.7714666666666667,24,0,96,2,0,1,0,5,2,1.3482704225352111,24,0,96,2,0,1,0,5,2,1.570618181818182,30,0,104,2,0,1,0,5,2,1.5087351351351352,30,0,104,2,0,1,0,5,2
v011,93b2fe42-1327-5140-8826-c6593f301069,4,512,0.349293,0.34006499999999995,4,4,4,0,1,1,1,11.49581999706729,0.5501333333333334,24,0,96,2,0,1,0,5,2,0.419369014084507,24,0,96,2,0,1,0,5,2,0.48807272727272727,30,0,104,2,0,1,0,5,2,0.46895135135135135,30,0,104,2,0,1,0,5,2
v011,c47946fe-4f9b-507c-a425-760d50ee0ac9,2,128,0.055727,0.059312500000000004,4,4,4,0,1,1,1,9.416378455387454,0.07226666666666667,24,0,96,2,0,1,0,5,2,0.05592112676056338,24,0,96,2,0,1,0,5,2,0.06450909090909092,30,0,104,2,0,1,0,5,2,0.06211891891891892,30,0,104,2,0,1,0,5,2
v011,ce51aff5-8ef2-5730-9de1-f1527d8edb19,32,128,0.6913054999999999,0.641186,4,4,4,0,1,1,1,12.188967177627235,1.0962666666666667,24,0,96,2,0,1,0,5,2,0.834738028169014,24,0,96,2,0,1,0,5,2,0.9721454545454545,30,0,104,2,0,1,0,5,2,0.9339027027027027,30,0,104,2,0,1,0,5,2
v011,d6f8d507-17f7-5ead-9522-09c7ecbf1207,16,256,0.6902334999999999,0.640674,4,4,4,0,1,1,1,12.188967177627235,1.0962666666666667,24,0,96,2,0,1,0,5,2,0.834738028169014,24,0,96,2,0,1,0,5,2,0.9721454545454545,30,0,104,2,0,1,0,5,2,0.9339027027027027,30,0,104,2,0,1,0,5,2
v011,dcdec775-21aa-58cb-9fd9-322376d59814,1,128,0.04072,0.033056,4,4,4,0,1,1,1,8.723231274827508,0.03813333333333334,24,0,96,2,0,1,0,5,2,0.029960563380281687,24,0,96,2,0,1,0,5,2,0.034254545454545454,30,0,104,2,0,1,0,5,2,0.03305945945945946,30,0,104,2,0,1,0,5,2
v011,e4d4aebe-8349-5613-9bbc-d1c0ddbe191b,1,131,0.040736,0.033857,4,4,4,0,1,1,1,8.746398334109042,0.038933333333333334,24,0,96,2,0,1,0,5,2,0.030569014084507042,24,0,96,2,0,1,0,5,2,0.03496363636363636,30,0,104,2,0,1,0,5,2,0.03374054054054054,30,0,104,2,0,1,0,5,2
v011,fbd78167-8dca-5fc3-9793-3e5867bde298,8,128,0.177774,0.187745,4,4,4,0,1,1,1,10.802672816507345,0.2770666666666667,24,0,96,2,0,1,0,5,2,0.2116845070422535,24,0,96,2,0,1,0,5,2,0.24603636363636364,30,0,104,2,0,1,0,5,2,0.23647567567567565,30,0,104,2,0,1,0,5,2
v012,0648abad-cca5-589b-afce-ee461e799da3,4,1024,0.3009575,0.6584654999999999,16,2,3,0,1,2,0,12.188967177627235,0.20147581363413436,80,0,384,16,0,8,0,40,2,0.4700337777777778,48,0,392,16,0,8,0,40,2,0.1250181818181818,56,0,392,16,0,8,0,40,2,0.12023783783783784,60,0,384,16,0,8,0,40,2
v012,0f5618d6-7901-570c-8f57-273588f40be1,8,773,0.443996,0.984531,16,2,3,0,1,2,0,12.600921601175148,0.3021421951937224,80,0,384,16,0,8,0,40,2,0.7076017777777778,48,0,392,16,0,8,0,40,2,0.1867090909090909,56,0,392,16,0,8,0,40,2,0.17949189189189188,60,0,384,16,0,8,0,40,2
v012,13ac723d-96d9-5dc3-8ff6-64cca40fee1a,4,256,0.083775,0.170816,16,2,3,0,1,2,0,10.802672816507345,0.05336895340853359,80,0,384,16,0,8,0,40,2,0.12050844444444445,48,0,392,16,0,8,0,40,2,0.034254545454545454,56,0,392,16,0,8,0,40,2,0.03305945945945946,60,0,384,16,0,8,0,40,2
v012,277f8cdf-20d1-5ab2-915d-1a7ecebfed13,8,256,0.15327849999999998,0.327697,16,2,3,0,1,2,0,11.49581999706729,0.10273790681706718,80,0,384,16,0,8,0,40,2,0.23701688888888886,48,0,392,16,0,8,0,40,2,0.06450909090909092,56,0,392,16,0,8,0,40,2,0.06211891891891892,60,0,384,16,0,8,0,40,2
v012,3565f3a6-e573-5729-bb6a-4b19537e0a85,1,256,0.040368,0.05128,16,2,3,0,1,2,0,9.416378455387454,0.016342238352133397,80,0,384,16,0,8,0,40,2,0.033127111111111114,48,0,392,16,0,8,0,40,2,0.011563636363636364,56,0,392,16,0,8,0,40,2,0.011264864864864863,60,0,384,16,0,8,0,40,2
v012,388488d1-b780-5422-8839-375f4ae380a4,2,293,0.0541275,0.101376,16,2,3,0,1,2,0,10.244520800484903,0.03225215497793036,80,0,384,16,0,8,0,40,2,0.07067377777777778,48,0,392,16,0,8,0,40,2,0.021313636363636364,56,0,392,16,0,8,0,40,2,0.020629729729729727,60,0,384,16,0,8,0,40,2
v012,3d08c934-3de5-5df5-9704-a82963af6eea,1,1024,0.08339099999999999,0.1680005,16,2,3,0,1,2,0,10.802672816507345,0.05336895340853359,80,0,384,16,0,8,0,40,2,0.12050844444444445,48,0,392,16,0,8,0,40,2,0.034254545454545454,56,0,392,16,0,8,0,40,2,0.03305945945945946,60,0,384,16,0,8,0,40,2
v012,473ba98e-bdcb-579c-9c4d-e5de6e3f4a63,1,8192,0.5842989999999999,1.289028,16,2,3,0,1,2,0,12.882114358187179,0.3989516272682687,80,0,384,16,0,8,0,40,2,0.9360675555555555,48,0,392,16,0,8,0,40,2,0.24603636363636364,56,0,392,16,0,8,0,40,2,0.23647567567567565,60,0,384,16,0,8,0,40,2
v012,62bb15e8-367e-5ab8-91e2-af3616abece3,4,1657,0.49277950000000004,1.0519224999999999,16,2,3,0,1,2,0,12.670259389454344,0.32354826483570376,80,0,384,16,0,8,0,40,2,0.7581191111111111,48,0,392,16,0,8,0,40,2,0.19982727272727271,56,0,392,16,0,8,0,40,2,0.19209189189189188,60,0,384,16,0,8,0,40,2
v012,93b2fe42-1327-5140-8826-c6593f301069,4,512,0.15305449999999998,0.327137,16,2,3,0,1,2,0,11.49581999706729,0.10273790681706718,80,0,384,16,0,8,0,40,2,0.23701688888888886,48,0,392,16,0,8,0,40,2,0.06450909090909092,56,0,392,16,0,8,0,40,2,0.06211891891891892,60,0,384,16,0,8,0,40,2
v012,c47946fe-4f9b-507c-a425-760d50ee0ac9,2,128,0.041647500000000004,0.049280000000000004,16,2,3,0,1,2,0,9.416378455387454,0.016342238352133397,80,0,384,16,0,8,0,40,2,0.033127111111111114,48,0,392,16,0,8,0,40,2,0.011563636363636364,56,0,392,16,0,8,0,40,2,0.011264864864864863,60,0,384,16,0,8,0,40,2
v012,ce51aff5-8ef2-5730-9de1-f1527d8edb19,32,128,0.300093,0.659314,16,2,3,0,1,2,0,12.188967177627235,0.20147581363413436,80,0,384,16,0,8,0,40,2,0.4700337777777778,48,0,392,16,0,8,0,40,2,0.1250181818181818,56,0,392,16,0,8,0,40,2,0.12023783783783784,60,0,384,16,0,8,0,40,2
v012,d6f8d507-17f7-5ead-9522-09c7ecbf1207,16,256,0.29908500000000005,0.657346,16,2,3,0,1,2,0,12.188967177627235,0.20147581363413436,80,0,384,16,0,8,0,40,2,0.4700337777777778,48,0,392,16,0,8,0,40,2,0.1250181818181818,56,0,392,16,0,8,0,40,2,0.12023783783783784,60,0,384,16,0,8,0,40,2
v012,dcdec775-21aa-58cb-9fd9-322376d59814,1,128,0.0349275,0.032799999999999996,16,2,3,0,1,2,0,8.723231274827508,0.010171119176066699,80,0,384,16,0,8,0,40,2,0.018563555555555555,48,0,392,16,0,8,0,40,2,0.007781818181818181,56,0,392,16,0,8,0,40,2,0.007632432432432433,60,0,384,16,0,8,0,40,2
v012,e4d4aebe-8349-5613-9bbc-d1c0ddbe191b,1,131,0.034912,0.033088,16,2,3,0,1,2,0,8.746398334109042,0.01031575478175576,80,0,384,16,0,8,0,40,2,0.01890488888888889,48,0,392,16,0,8,0,40,2,0.007870454545454545,56,0,392,16,0,8,0,40,2,0.007717567567567567,60,0,384,16,0,8,0,40,2
v012,fbd78167-8dca-5fc3-9793-3e5867bde298,8,128,0.083247,0.16536099999999998,16,2,3,0,1,2,0,10.802672816507345,0.05336895340853359,80,0,384,16,0,8,0,40,2,0.12050844444444445,48,0,392,16,0,8,0,40,2,0.034254545454545454,56,0,392,16,0,8,0,40,2,0.03305945945945946,60,0,384,16,0,8,0,40,2
v013,0648abad-cca5-589b-afce-ee461e799da3,4,1024,0.7887770000000001,0.654513,2,4,3,0,1,2,1,12.188967177627235,1.0962666666666667,25,0,104,0,0,0,0,6,2,0.834738028169014,25,0,104,0,0,0,0,6,2,0.9721454545454545,32,0,112,0,0,0,0,6,2,0.9339027027027027,32,0,112,0,0,0,0,6,2
v013,0f5618d6-7901-570c-8f57-273588f40be1,8,773,1.1889975000000002,0.970371,2,4,3,0,1,2,1,12.600921601175148,1.6530666666666667,25,0,104,0,0,0,0,6,2,1.2582197183098591,25,0,104,0,0,0,0,6,2,1.4656727272727275,32,0,112,0,0,0,0,6,2,1.4079351351351352,32,0,112,0,0,0,0,6,2
v013,13ac723d-96d9-5dc3-8ff6-64cca40fee1a,4,256,0.202606,0.190448,2,4,3,0,1,2,1,10.802672816507345,0.2770666666666667,25,0,104,0,0,0,0,6,2,0.2116845070422535,25,0,104,0,0,0,0,6,2,0.24603636363636364,32,0,112,0,0,0,0,6,2,0.23647567567567565,32,0,112,0,0,0,0,6,2
v013,277f8cdf-20d1-5ab2-915d-1a7ecebfed13,8,256,0.39662050000000004,0.3457925,2,4,3,0,1,2,1,11.49581999706729,0.5501333333333334,25,0,104,0,0,0,0,6,2,0.419369014084507,25,0,104,0,0,0,0,6,2,0.48807272727272727,32,0,112,0,0,0,0,6,2,0.46895135135135135,32,0,112,0,0,0,0,6,2
v013,3565f3a6-e573-5729-bb6a-4b19537e0a85,1,256,0.056832,0.062448000000000004,2,4,3,0,1,2,1,9.416378455387454,0.07226666666666667,25,0,104,0,0,0,0,6,2,0.05592112676056338,25,0,104,0,0,0,0,6,2,0.06450909090909092,32,0,112,0,0,0,0,6,2,0.06211891891891892,32,0,112,0,0,0,0,6,2
v013,388488d1-b780-5422-8839-375f4ae380a4,2,293,0.119727,0.12484799999999999,2,4,3,0,1,2,1,10.244520800484903,0.16026666666666667,25,0,104,0,0,0,0,6,2,0.1228507042253521,25,0,104,0,0,0,0,6,2,0.14250909090909092,32,0,112,0,0,0,0,6,2,0.13703783783783782,32,0,112,0,0,0,0,6,2
v013,3d08c934-3de5-5df5-9704-a82963af6eea,1,1024,0.2057115,0.19260850000000002,2,4,3,0,1,2,1,10.802672816507345,0.2770666666666667,25,0,104,0,0,0,0,6,2,0.2116845070422535,25,0,104,0,0,0,0,6,2,0.24603636363636364,32,0,112,0,0,0,0,6,2,0.23647567567567565,32,0,112,0,0,0,0,6,2
v013,473ba98e-bdcb-579c-9c4d-e5de6e3f4a63,1,8192,1.606514,1.295412,2,4,3,0,1,2,1,12.882114358187179,2.1885333333333334,25,0,104,0,0,0,0,6,2,1.6654760563380282,25,0,104,0,0,0,0,6,2,1.9402909090909093,32,0,112,0,0,0,0,6,2,1.8638054054054054,32,0,112,0,0,0,0,6,2
v013,62bb15e8-367e-5ab8-91e2-af3616abece3,4,1657,1.300308,1.0518429999999999,2,4,3,0,1,2,1,12.670259389454344,1.7714666666666667,25,0,104,0,0,0,0,6,2,1.3482704225352111,25,0,104,0,0,0,0,6,2,1.570618181818182,32,0,112,0,0,0,0,6,2,1.5087351351351352,32,0,112,0,0,0,0,6,2
v013,93b2fe42-1327-5140-8826-c6593f301069,4,512,0.4037405,0.3482095,2,4,3,0,1,2,1,11.49581999706729,0.5501333333333334,25,0,104,0,0,0,0,6,2,0.419369014084507,25,0,104,0,0,0,0,6,2,0.48807272727272727,32,0,112,0,0,0,0,6,2,0.46895135135135135,32,0,112,0,0,0,0,6,2
v013,c47946fe-4f9b-507c-a425-760d50ee0ac9,2,128,0.061391,0.061984,2,4,3,0,1,2,1,9.416378455387454,0.07226666666666667,25,0,104,0,0,0,0,6,2,0.05592112676056338,25,0,104,0,0,0,0,6,2,0.06450909090909092,32,0,112,0,0,0,0,6,2,0.06211891891891892,32,0,112,0,0,0,0,6,2
v013,ce51aff5-8ef2-5730-9de1-f1527d8edb19,32,128,0.786985,0.654002,2,4,3,0,1,2,1,12.188967177627235,1.0962666666666667,25,0,104,0,0,0,0,6,2,0.834738028169014,25,0,104,0,0,0,0,6,2,0.9721454545454545,32,0,112,0,0,0,0,6,2,0.9339027027027027,32,0,112,0,0,0,0,6,2
v013,d6f8d507-17f7-5ead-9522-09c7ecbf1207,16,256,0.7870010000000001,0.654577,2,4,3,0,1,2,1,12.188967177627235,1.0962666666666667,25,0,104,0,0,0,0,6,2,0.834738028169014,25,0,104,0,0,0,0,6,2,0.9721454545454545,32,0,112,0,0,0,0,6,2,0.9339027027027027,32,0,112,0,0,0,0,6,2
v013,dcdec775-21aa-58cb-9fd9-322376d59814,1,128,0.041679999999999995,0.034016,2,4,3,0,1,2,1,8.723231274827508,0.03813333333333334,25,0,104,0,0,0,0,6,2,0.029960563380281687,25,0,104,0,0,0,0,6,2,0.034254545454545454,32,0,112,0,0,0,0,6,2,0.03305945945945946,32,0,112,0,0,0,0,6,2
v013,e4d4aebe-8349-5613-9bbc-d1c0ddbe191b,1,131,0.042095999999999995,0.034848,2,4,3,0,1,2,1,8.746398334109042,0.038933333333333334,25,0,104,0,0,0,0,6,2,0.030569014084507042,25,0,104,0,0,0,0,6,2,0.03496363636363636,32,0,112,0,0,0,0,6,2,0.03374054054054054,32,0,112,0,0,0,0,6,2
v013,fbd78167-8dca-5fc3-9793-3e5867bde298,8,128,0.202046,0.190081,2,4,3,0,1,2,1,10.802672816507345,0.2770666666666667,25,0,104,0,0,0,0,6,2,0.2116845070422535,25,0,104,0,0,0,0,6,2,0.24603636363636364,32,0,112,0,0,0,0,6,2,0.23647567567567565,32,0,112,0,0,0,0,6,2
v014,0648abad-cca5-589b-afce-ee461e799da3,4,1024,0.39735600000000004,0.6907865,8,8,1,1,1,1,1,12.188967177627235,0.5481333333333334,27,0,112,2,0,1,0,5,2,0.46803377777777777,27,0,112,2,0,1,0,5,2,0.48607272727272727,28,0,112,2,0,1,0,5,2,0.46695135135135135,28,0,112,2,0,1,0,5,2
v014,0f5618d6-7901-570c-8f57-273588f40be1,8,773,0.5971495,1.0411555,8,8,1,1,1,1,1,12.600921601175148,0.8265333333333333,27,0,112,2,0,1,0,5,2,0.7056017777777779,27,0,112,2,0,1,0,5,2,0.7328363636363637,28,0,112,2,0,1,0,5,2,0.7039675675675676,28,0,112,2,0,1,0,5,2
v014,13ac723d-96d9-5dc3-8ff6-64cca40fee1a,4,256,0.102767,0.187809,8,8,1,1,1,1,1,10.802672816507345,0.13853333333333334,27,0,112,2,0,1,0,5,2,0.11850844444444443,27,0,112,2,0,1,0,5,2,0.12301818181818182,28,0,112,2,0,1,0,5,2,0.11823783783783783,28,0,112,2,0,1,0,5,2
v014,277f8cdf-20d1-5ab2-915d-1a7ecebfed13,8,256,0.20083,0.3543205,8,8,1,1,1,1,1,11.49581999706729,0.2750666666666667,27,0,112,2,0,1,0,5,2,0.2350168888888889,27,0,112,2,0,1,0,5,2,0.24403636363636363,28,0,112,2,0,1,0,5,2,0.23447567567567568,28,0,112,2,0,1,0,5,2
v014,3565f3a6-e573-5729-bb6a-4b19537e0a85,1,256,0.028672,0.052352499999999996,8,8,1,1,1,1,1,9.416378455387454,0.03613333333333334,27,0,112,2,0,1,0,5,2,0.031127111111111112,27,0,112,2,0,1,0,5,2,0.03225454545454546,28,0,112,2,0,1,0,5,2,0.03105945945945946,28,0,112,2,0,1,0,5,2
v014,388488d1-b780-5422-8839-375f4ae380a4,2,293,0.0600795,0.104048,8,8,1,1,1,1,1,10.244520800484903,0.08013333333333333,27,0,112,2,0,1,0,5,2,0.06867377777777776,27,0,112,2,0,1,0,5,2,0.07125454545454546,28,0,112,2,0,1,0,5,2,0.06851891891891891,28,0,112,2,0,1,0,5,2
v014,3d08c934-3de5-5df5-9704-a82963af6eea,1,1024,0.1021915,0.184641,8,8,1,1,1,1,1,10.802672816507345,0.13853333333333334,27,0,112,2,0,1,0,5,2,0.11850844444444443,27,0,112,2,0,1,0,5,2,0.12301818181818182,28,0,112,2,0,1,0,5,2,0.11823783783783783,28,0,112,2,0,1,0,5,2
v014,473ba98e-bdcb-579c-9c4d-e5de6e3f4a63,1,8192,0.789881,1.3693005,8,8,1,1,1,1,1,12.882114358187179,1.0942666666666667,27,0,112,2,0,1,0,5,2,0.9340675555555555,27,0,112,2,0,1,0,5,2,0.9701454545454546,28,0,112,2,0,1,0,5,2,0.9319027027027027,28,0,112,2,0,1,0,5,2
v014,62bb15e8-367e-5ab8-91e2-af3616abece3,4,1657,0.6412105,1.113667,8,8,1,1,1,1,1,12.670259389454344,0.8857333333333334,27,0,112,2,0,1,0,5,2,0.7561191111111112,27,0,112,2,0,1,0,5,2,0.785309090909091,28,0,112,2,0,1,0,5,2,0.7543675675675676,28,0,112,2,0,1,0,5,2
v014,93b2fe42-1327-5140-8826-c6593f301069,4,512,0.200046,0.35691300000000004,8,8,1,1,1,1,1,11.49581999706729,0.2750666666666667,27,0,112,2,0,1,0,5,2,0.2350168888888889,27,0,112,2,0,1,0,5,2,0.24403636363636363,28,0,112,2,0,1,0,5,2,0.23447567567567568,28,0,112,2,0,1,0,5,2
v014,c47946fe-4f9b-507c-a425-760d50ee0ac9,2,128,0.0306875,0.049552,8,8,1,1,1,1,1,9.416378455387454,0.03613333333333334,27,0,112,2,0,1,0,5,2,0.031127111111111112,27,0,112,2,0,1,0,5,2,0.03225454545454546,28,0,112,2,0,1,0,5,2,0.03105945945945946,28,0,112,2,0,1,0,5,2
v014,ce51aff5-8ef2-5730-9de1-f1527d8edb19,32,128,0.3966365,0.6942740000000001,8,8,1,1,1,1,1,12.188967177627235,0.5481333333333334,27,0,112,2,0,1,0,5,2,0.46803377777777777,27,0,112,2,0,1,0,5,2,0.48607272727272727,28,0,112,2,0,1,0,5,2,0.46695135135135135,28,0,112,2,0,1,0,5,2
v014,d6f8d507-17f7-5ead-9522-09c7ecbf1207,16,256,0.396748,0.697746,8,8,1,1,1,1,1,12.188967177627235,0.5481333333333334,27,0,112,2,0,1,0,5,2,0.46803377777777777,27,0,112,2,0,1,0,5,2,0.48607272727272727,28,0,112,2,0,1,0,5,2,0.46695135135135135,28,0,112,2,0,1,0,5,2
v014,dcdec775-21aa-58cb-9fd9-322376d59814,1,128,0.016256,0.0264805,8,8,1,1,1,1,1,8.723231274827508,0.01906666666666667,27,0,112,2,0,1,0,5,2,0.016563555555555557,27,0,112,2,0,1,0,5,2,0.017127272727272727,28,0,112,2,0,1,0,5,2,0.01652972972972973,28,0,112,2,0,1,0,5,2
v014,e4d4aebe-8349-5613-9bbc-d1c0ddbe191b,1,131,0.016336,0.0298245,8,8,1,1,1,1,1,8.746398334109042,0.019466666666666667,27,0,112,2,0,1,0,5,2,0.01690488888888889,27,0,112,2,0,1,0,5,2,0.01748181818181818,28,0,112,2,0,1,0,5,2,0.01687027027027027,28,0,112,2,0,1,0,5,2
v014,fbd78167-8dca-5fc3-9793-3e5867bde298,8,128,0.102079,0.183009,8,8,1,1,1,1,1,10.802672816507345,0.13853333333333334,27,0,112,2,0,1,0,5,2,0.11850844444444443,27,0,112,2,0,1,0,5,2,0.12301818181818182,28,0,112,2,0,1,0,5,2,0.11823783783783783,28,0,112,2,0,1,0,5,2
v015,0648abad-cca5-589b-afce-ee461e799da3,4,1024,1.362371,0.8248025,2,1,1,1,1,1,1,12.188967177627235,2.186533333333333,36,0,160,4,0,2,0,10,2,1.6634760563380282,36,0,160,4,0,2,0,10,2,1.938290909090909,39,0,152,4,0,2,0,10,2,1.8618054054054054,39,0,152,4,0,2,0,10,2
v015,0f5618d6-7901-570c-8f57-273588f40be1,8,773,2.0577579999999998,1.228884,2,1,1,1,1,1,1,12.600921601175148,3.300133333333333,36,0,160,4,0,2,0,10,2,2.510439436619718,36,0,160,4,0,2,0,10,2,2.9253454545454542,39,0,152,4,0,2,0,10,2,2.8098702702702703,39,0,152,4,0,2,0,10,2
v015,13ac723d-96d9-5dc3-8ff6-64cca40fee1a,4,256,0.343997,0.2305925,2,1,1,1,1,1,1,10.802672816507345,0.5481333333333334,36,0,160,4,0,2,0,10,2,0.417369014084507,36,0,160,4,0,2,0,10,2,0.48607272727272727,39,0,152,4,0,2,0,10,2,0.46695135135135135,39,0,152,4,0,2,0,10,2
v015,277f8cdf-20d1-5ab2-915d-1a7ecebfed13,8,256,0.6834345,0.430017,2,1,1,1,1,1,1,11.49581999706729,1.0942666666666667,36,0,160,4,0,2,0,10,2,0.8327380281690141,36,0,160,4,0,2,0,10,2,0.9701454545454546,39,0,152,4,0,2,0,10,2,0.9319027027027027,39,0,152,4,0,2,0,10,2
v015,3565f3a6-e573-5729-bb6a-4b19537e0a85,1,256,0.088383,0.069504,2,1,1,1,1,1,1,9.416378455387454,0.13853333333333334,36,0,160,4,0,2,0,10,2,0.10584225352112675,36,0,160,4,0,2,0,10,2,0.12301818181818182,39,0,152,4,0,2,0,10,2,0.11823783783783783,39,0,152,4,0,2,0,10,2
v015,388488d1-b780-5422-8839-375f4ae380a4,2,293,0.19841399999999998,0.1447205,2,1,1,1,1,1,1,10.244520800484903,0.31453333333333333,36,0,160,4,0,2,0,10,2,0.2397014084507042,36,0,160,4,0,2,0,10,2,0.27901818181818183,39,0,152,4,0,2,0,10,2,0.2680756756756757,39,0,152,4,0,2,0,10,2
v015,3d08c934-3de5-5df5-9704-a82963af6eea,1,1024,0.345709,0.22964849999999998,2,1,1,1,1,1,1,10.802672816507345,0.5481333333333334,36,0,160,4,0,2,0,10,2,0.417369014084507,36,0,160,4,0,2,0,10,2,0.48607272727272727,39,0,152,4,0,2,0,10,2,0.46695135135135135,39,0,152,4,0,2,0,10,2
v015,473ba98e-bdcb-579c-9c4d-e5de6e3f4a63,1,8192,2.7526954999999997,1.643941,2,1,1,1,1,1,1,12.882114358187179,4.371066666666667,36,0,160,4,0,2,0,10,2,3.3249521126760557,36,0,160,4,0,2,0,10,2,3.874581818181818,39,0,152,4,0,2,0,10,2,3.7216108108108106,39,0,152,4,0,2,0,10,2
v015,62bb15e8-367e-5ab8-91e2-af3616abece3,4,1657,2.2035,1.3358115000000002,2,1,1,1,1,1,1,12.670259389454344,3.5369333333333333,36,0,160,4,0,2,0,10,2,2.690540845070422,36,0,160,4,0,2,0,10,2,3.1352363636363636,39,0,152,4,0,2,0,10,2,3.0114702702702703,39,0,152,4,0,2,0,10,2
v015,93b2fe42-1327-5140-8826-c6593f301069,4,512,0.6892735000000001,0.432241,2,1,1,1,1,1,1,11.49581999706729,1.0942666666666667,36,0,160,4,0,2,0,10,2,0.8327380281690141,36,0,160,4,0,2,0,10,2,0.9701454545454546,39,0,152,4,0,2,0,10,2,0.9319027027027027,39,0,152,4,0,2,0,10,2
v015,c47946fe-4f9b-507c-a425-760d50ee0ac9,2,128,0.095391,0.06920000000000001,2,1,1,1,1,1,1,9.416378455387454,0.13853333333333334,36,0,160,4,0,2,0,10,2,0.10584225352112675,36,0,160,4,0,2,0,10,2,0.12301818181818182,39,0,152,4,0,2,0,10,2,0.11823783783783783,39,0,152,4,0,2,0,10,2
v015,ce51aff5-8ef2-5730-9de1-f1527d8edb19,32,128,1.3608835,0.827507,2,1,1,1,1,1,1,12.188967177627235,2.186533333333333,36,0,160,4,0,2,0,10,2,1.6634760563380282,36,0,160,4,0,2,0,10,2,1.938290909090909,39,0,152,4,0,2,0,10,2,1.8618054054054054,39,0,152,4,0,2,0,10,2
v015,d6f8d507-17f7-5ead-9522-09c7ecbf1207,16,256,1.3579245,0.8258265,2,1,1,1,1,1,1,12.188967177627235,2.186533333333333,36,0,160,4,0,2,0,10,2,1.6634760563380282,36,0,160,4,0,2,0,10,2,1.938290909090909,39,0,152,4,0,2,0,10,2,1.8618054054054054,39,0,152,4,0,2,0,10,2
v015,dcdec775-21aa-58cb-9fd9-322376d59814,1,128,0.0466875,0.036128,2,1,1,1,1,1,1,8.723231274827508,0.07026666666666666,36,0,160,4,0,2,0,10,2,0.053921126760563376,36,0,160,4,0,2,0,10,2,0.0625090909090909,39,0,152,4,0,2,0,10,2,0.06011891891891892,39,0,152,4,0,2,0,10,2
v015,e4d4aebe-8349-5613-9bbc-d1c0ddbe191b,1,131,0.0476315,0.0372005,2,1,1,1,1,1,1,8.746398334109042,0.07186666666666666,36,0,160,4,0,2,0,10,2,0.055138028169014086,36,0,160,4,0,2,0,10,2,0.06392727272727272,39,0,152,4,0,2,0,10,2,0.06148108108108107,39,0,152,4,0,2,0,10,2
v015,fbd78167-8dca-5fc3-9793-3e5867bde298,8,128,0.34348500000000004,0.23044900000000001,2,1,1,1,1,1,1,10.802672816507345,0.5481333333333334,36,0,160,4,0,2,0,10,2,0.417369014084507,36,0,160,4,0,2,0,10,2,0.48607272727272727,39,0,152,4,0,2,0,10,2,0.46695135135135135,39,0,152,4,0,2,0,10,2
v016,0648abad-cca5-589b-afce-ee461e799da3,4,1024,0.30521149999999997,0.6734104999999999,4,1,2,1,1,4,1,12.188967177627235,0.2750666666666667,64,0,256,8,0,4,0,20,2,0.46803377777777777,63,0,264,8,0,4,0,20,2,0.24403636363636363,59,0,248,8,0,4,0,20,2,0.23447567567567568,58,0,240,8,0,4,0,20,2
v016,0f5618d6-7901-570c-8f57-273588f40be1,8,773,0.456285,1.0061149999999999,4,1,2,1,1,4,1,12.600921601175148,0.4142666666666666,64,0,256,8,0,4,0,20,2,0.7056017777777779,63,0,264,8,0,4,0,20,2,0.3674181818181818,59,0,248,8,0,4,0,20,2,0.35298378378378376,58,0,240,8,0,4,0,20,2
v016,13ac723d-96d9-5dc3-8ff6-64cca40fee1a,4,256,0.07817550000000001,0.1819845,4,1,2,1,1,4,1,10.802672816507345,0.07026666666666666,64,0,256,8,0,4,0,20,2,0.11850844444444443,63,0,264,8,0,4,0,20,2,0.0625090909090909,59,0,248,8,0,4,0,20,2,0.06011891891891892,58,0,240,8,0,4,0,20,2
v016,277f8cdf-20d1-5ab2-915d-1a7ecebfed13,8,256,0.152223,0.345681,4,1,2,1,1,4,1,11.49581999706729,0.13853333333333334,64,0,256,8,0,4,0,20,2,0.2350168888888889,63,0,264,8,0,4,0,20,2,0.12301818181818182,59,0,248,8,0,4,0,20,2,0.11823783783783783,58,0,240,8,0,4,0,20,2
v016,3565f3a6-e573-5729-bb6a-4b19537e0a85,1,256,0.022912,0.049232,4,1,2,1,1,4,1,9.416378455387454,0.01906666666666667,64,0,256,8,0,4,0,20,2,0.031127111111111112,63,0,264,8,0,4,0,20,2,0.017127272727272727,59,0,248,8,0,4,0,20,2,0.01652972972972973,58,0,240,8,0,4,0,20,2
v016,388488d1-b780-5422-8839-375f4ae380a4,2,293,0.0466875,0.10489599999999999,4,1,2,1,1,4,1,10.244520800484903,0.04106666666666667,64,0,256,8,0,4,0,20,2,0.06867377777777776,63,0,264,8,0,4,0,20,2,0.03662727272727273,59,0,248,8,0,4,0,20,2,0.035259459459459463,58,0,240,8,0,4,0,20,2
v016,3d08c934-3de5-5df5-9704-a82963af6eea,1,1024,0.078335,0.180704,4,1,2,1,1,4,1,10.802672816507345,0.07026666666666666,64,0,256,8,0,4,0,20,2,0.11850844444444443,63,0,264,8,0,4,0,20,2,0.0625090909090909,59,0,248,8,0,4,0,20,2,0.06011891891891892,58,0,240,8,0,4,0,20,2
v016,473ba98e-bdcb-579c-9c4d-e5de6e3f4a63,1,8192,0.607979,1.332852,4,1,2,1,1,4,1,12.882114358187179,0.5481333333333334,64,0,256,8,0,4,0,20,2,0.9340675555555555,63,0,264,8,0,4,0,20,2,0.48607272727272727,59,0,248,8,0,4,0,20,2,0.46695135135135135,58,0,240,8,0,4,0,20,2
v016,62bb15e8-367e-5ab8-91e2-af3616abece3,4,1657,0.5076915,1.0827395,4,1,2,1,1,4,1,12.670259389454344,0.44386666666666663,64,0,256,8,0,4,0,20,2,0.7561191111111112,63,0,264,8,0,4,0,20,2,0.3936545454545455,59,0,248,8,0,4,0,20,2,0.3781837837837838,58,0,240,8,0,4,0,20,2
v016,93b2fe42-1327-5140-8826-c6593f301069,4,512,0.152399,0.348721,4,1,2,1,1,4,1,11.49581999706729,0.13853333333333334,64,0,256,8,0,4,0,20,2,0.2350168888888889,63,0,264,8,0,4,0,20,2,0.12301818181818182,59,0,248,8,0,4,0,20,2,0.11823783783783783,58,0,240,8,0,4,0,20,2
v016,c47946fe-4f9b-507c-a425-760d50ee0ac9,2,128,0.02432,0.044641,4,1,2,1,1,4,1,9.416378455387454,0.01906666666666667,64,0,256,8,0,4,0,20,2,0.031127111111111112,63,0,264,8,0,4,0,20,2,0.017127272727272727,59,0,248,8,0,4,0,20,2,0.01652972972972973,58,0,240,8,0,4,0,20,2
v016,ce51aff5-8ef2-5730-9de1-f1527d8edb19,32,128,0.306685,0.6709145000000001,4,1,2,1,1,4,1,12.188967177627235,0.2750666666666667,64,0,256,8,0,4,0,20,2,0.46803377777777777,63,0,264,8,0,4,0,20,2,0.24403636363636363,59,0,248,8,0,4,0,20,2,0.23447567567567568,58,0,240,8,0,4,0,20,2
v016,d6f8d507-17f7-5ead-9522-09c7ecbf1207,16,256,0.3060615,0.672002,4,1,2,1,1,4,1,12.188967177627235,0.2750666666666667,64,0,256,8,0,4,0,20,2,0.46803377777777777,63,0,264,8,0,4,0,20,2,0.24403636363636363,59,0,248,8,0,4,0,20,2,0.23447567567567568,58,0,240,8,0,4,0,20,2
v016,dcdec775-21aa-58cb-9fd9-322376d59814,1,128,0.013696,0.021887999999999998,4,1,2,1,1,4,1,8.723231274827508,0.010533333333333334,64,0,256,8,0,4,0,20,2,0.016563555555555557,63,0,264,8,0,4,0,20,2,0.009563636363636363,59,0,248,8,0,4,0,20,2,0.009264864864864865,58,0,240,8,0,4,0,20,2
v016,e4d4aebe-8349-5613-9bbc-d1c0ddbe191b,1,131,0.01384,0.0275045,4,1,2,1,1,4,1,8.746398334109042,0.010733333333333333,64,0,256,8,0,4,0,20,2,0.01690488888888889,63,0,264,8,0,4,0,20,2,0.00974090909090909,59,0,248,8,0,4,0,20,2,0.009435135135135135,58,0,240,8,0,4,0,20,2
v016,fbd78167-8dca-5fc3-9793-3e5867bde298,8,128,0.078015,0.1786565,4,1,2,1,1,4,1,10.802672816507345,0.07026666666666666,64,0,256,8,0,4,0,20,2,0.11850844444444443,63,0,264,8,0,4,0,20,2,0.0625090909090909,59,0,248,8,0,4,0,20,2,0.06011891891891892,58,0,240,8,0,4,0,20,2
v017,0648abad-cca5-589b-afce-ee461e799da3,4,1024,0.7017055000000001,0.6394580000000001,2,1,1,1,1,2,0,12.188967177627235,1.0942666666666667,36,0,144,4,0,2,0,10,2,0.8327380281690141,36,0,144,4,0,2,0,10,2,0.9701454545454546,39,0,136,4,0,2,0,10,2,0.9319027027027027,39,0,136,4,0,2,0,10,2
v017,0f5618d6-7901-570c-8f57-273588f40be1,8,773,1.055494,0.9491229999999999,2,1,1,1,1,2,0,12.600921601175148,1.6510666666666667,36,0,144,4,0,2,0,10,2,1.2562197183098591,36,0,144,4,0,2,0,10,2,1.4636727272727272,39,0,136,4,0,2,0,10,2,1.4059351351351352,39,0,136,4,0,2,0,10,2
v017,13ac723d-96d9-5dc3-8ff6-64cca40fee1a,4,256,0.1804625,0.185025,2,1,1,1,1,2,0,10.802672816507345,0.2750666666666667,36,0,144,4,0,2,0,10,2,0.2096845070422535,36,0,144,4,0,2,0,10,2,0.24403636363636363,39,0,136,4,0,2,0,10,2,0.23447567567567568,39,0,136,4,0,2,0,10,2
v017,277f8cdf-20d1-5ab2-915d-1a7ecebfed13,8,256,0.354157,0.337169,2,1,1,1,1,2,0,11.49581999706729,0.5481333333333334,36,0,144,4,0,2,0,10,2,0.417369014084507,36,0,144,4,0,2,0,10,2,0.48607272727272727,39,0,136,4,0,2,0,10,2,0.46695135135135135,39,0,136,4,0,2,0,10,2
v017,3565f3a6-e573-5729-bb6a-4b19537e0a85,1,256,0.048415,0.058065,2,1,1,1,1,2,0,9.416378455387454,0.07026666666666666,36,0,144,4,0,2,0,10,2,0.053921126760563376,36,0,144,4,0,2,0,10,2,0.0625090909090909,39,0,136,4,0,2,0,10,2,0.06011891891891892,39,0,136,4,0,2,0,10,2
v017,388488d1-b780-5422-8839-375f4ae380a4,2,293,0.105631,0.1175525,2,1,1,1,1,2,0,10.244520800484903,0.15826666666666667,36,0,144,4,0,2,0,10,2,0.1208507042253521,36,0,144,4,0,2,0,10,2,0.14050909090909092,39,0,136,4,0,2,0,10,2,0.13503783783783782,39,0,136,4,0,2,0,10,2
v017,3d08c934-3de5-5df5-9704-a82963af6eea,1,1024,0.1843185,0.1870405,2,1,1,1,1,2,0,10.802672816507345,0.2750666666666667,36,0,144,4,0,2,0,10,2,0.2096845070422535,36,0,144,4,0,2,0,10,2,0.24403636363636363,39,0,136,4,0,2,0,10,2,0.23447567567567568,39,0,136,4,0,2,0,10,2
v017,473ba98e-bdcb-579c-9c4d-e5de6e3f4a63,1,8192,1.439924,1.272307,2,1,1,1,1,2,0,12.882114358187179,2.186533333333333,36,0,144,4,0,2,0,10,2,1.6634760563380282,36,0,144,4,0,2,0,10,2,1.938290909090909,39,0,136,4,0,2,0,10,2,1.8618054054054054,39,0,136,4,0,2,0,10,2
v017,62bb15e8-367e-5ab8-91e2-af3616abece3,4,1657,1.1815894999999998,1.0343715,2,1,1,1,1,2,0,12.670259389454344,1.7694666666666667,36,0,144,4,0,2,0,10,2,1.3462704225352111,36,0,144,4,0,2,0,10,2,1.568618181818182,39,0,136,4,0,2,0,10,2,1.5067351351351352,39,0,136,4,0,2,0,10,2
v017,93b2fe42-1327-5140-8826-c6593f301069,4,512,0.363437,0.340881,2,1,1,1,1,2,0,11.49581999706729,0.5481333333333334,36,0,144,4,0,2,0,10,2,0.417369014084507,36,0,144,4,0,2,0,10,2,0.48607272727272727,39,0,136,4,0,2,0,10,2,0.46695135135135135,39,0,136,4,0,2,0,10,2
v017,c47946fe-4f9b-507c-a425-760d50ee0ac9,2,128,0.0520155,0.056896,2,1,1,1,1,2,0,9.416378455387454,0.07026666666666666,36,0,144,4,0,2,0,10,2,0.053921126760563376,36,0,144,4,0,2,0,10,2,0.0625090909090909,39,0,136,4,0,2,0,10,2,0.06011891891891892,39,0,136,4,0,2,0,10,2
v017,ce51aff5-8ef2-5730-9de1-f1527d8edb19,32,128,0.7007140000000001,0.640386,2,1,1,1,1,2,0,12.188967177627235,1.0942666666666667,36,0,144,4,0,2,0,10,2,0.8327380281690141,36,0,144,4,0,2,0,10,2,0.9701454545454546,39,0,136,4,0,2,0,10,2,0.9319027027027027,39,0,136,4,0,2,0,10,2
v017,d6f8d507-17f7-5ead-9522-09c7ecbf1207,16,256,0.7017059999999999,0.6406419999999999,2,1,1,1,1,2,0,12.188967177627235,1.0942666666666667,36,0,144,4,0,2,0,10,2,0.8327380281690141,36,0,144,4,0,2,0,10,2,0.9701454545454546,39,0,136,4,0,2,0,10,2,0.9319027027027027,39,0,136,4,0,2,0,10,2
v017,dcdec775-21aa-58cb-9fd9-322376d59814,1,128,0.025792,0.03088,2,1,1,1,1,2,0,8.723231274827508,0.03613333333333334,36,0,144,4,0,2,0,10,2,0.02796056338028169,36,0,144,4,0,2,0,10,2,0.03225454545454546,39,0,136,4,0,2,0,10,2,0.03105945945945946,39,0,136,4,0,2,0,10,2
v017,e4d4aebe-8349-5613-9bbc-d1c0ddbe191b,1,131,0.026367500000000002,0.031952,2,1,1,1,1,2,0,8.746398334109042,0.03693333333333333,36,0,144,4,0,2,0,10,2,0.028569014084507044,36,0,144,4,0,2,0,10,2,0.03296363636363636,39,0,136,4,0,2,0,10,2,0.03174054054054054,39,0,136,4,0,2,0,10,2
v017,fbd78167-8dca-5fc3-9793-3e5867bde298,8,128,0.179679,0.18537700000000001,2,1,1,1,1,2,0,10.802672816507345,0.2750666666666667,36,0,144,4,0,2,0,10,2,0.2096845070422535,36,0,144,4,0,2,0,10,2,0.24403636363636363,39,0,136,4,0,2,0,10,2,0.23447567567567568,39,0,136,4,0,2,0,10,2
v018,0648abad-cca5-589b-afce-ee461e799da3,4,1024,0.265886,0.6864175,32,4,3,1,1,8,1,12.188967177627235,0.19947581363413436,56,0,488,16,0,8,0,40,2,0.46803377777777777,56,0,488,16,0,8,0,40,2,0.08588607999999999,64,0,456,16,0,8,0,40,2,0.052331648,70,0,448,16,0,8,0,40,2
v018,0f5618d6-7901-570c-8f57-273588f40be1,8,773,0.396716,1.046994,32,4,3,1,1,8,1,12.600921601175148,0.30014219519372237,56,0,488,16,0,8,0,40,2,0.7056017777777779,56,0,488,16,0,8,0,40,2,0.12864832,64,0,456,16,0,8,0,40,2,0.077988992,70,0,448,16,0,8,0,40,2
v018,13ac723d-96d9-5dc3-8ff6-64cca40fee1a,4,256,0.0651835,0.1729925,32,4,3,1,1,8,1,10.802672816507345,0.05136895340853359,56,0,488,16,0,8,0,40,2,0.11850844444444443,56,0,488,16,0,8,0,40,2,0.02297152,64,0,456,16,0,8,0,40,2,0.014582912,70,0,448,16,0,8,0,40,2
v018,277f8cdf-20d1-5ab2-915d-1a7ecebfed13,8,256,0.130031,0.34646449999999995,32,4,3,1,1,8,1,11.49581999706729,0.10073790681706718,56,0,488,16,0,8,0,40,2,0.2350168888888889,56,0,488,16,0,8,0,40,2,0.043943039999999996,64,0,456,16,0,8,0,40,2,0.027165824,70,0,448,16,0,8,0,40,2
v018,3565f3a6-e573-5729-bb6a-4b19537e0a85,1,256,0.0180955,0.042432,32,4,3,1,1,8,1,9.416378455387454,0.014342238352133397,56,0,488,16,0,8,0,40,2,0.031127111111111112,56,0,488,16,0,8,0,40,2,0.00724288,64,0,456,16,0,8,0,40,2,0.0051457280000000005,70,0,448,16,0,8,0,40,2
v018,388488d1-b780-5422-8839-375f4ae380a4,2,293,0.04096,0.10052849999999999,32,4,3,1,1,8,1,10.244520800484903,0.030252154977930358,56,0,488,16,0,8,0,40,2,0.06867377777777776,56,0,488,16,0,8,0,40,2,0.01400128,64,0,456,16,0,8,0,40,2,0.009200768,70,0,448,16,0,8,0,40,2
v018,3d08c934-3de5-5df5-9704-a82963af6eea,1,1024,0.0656155,0.1759365,32,4,3,1,1,8,1,10.802672816507345,0.05136895340853359,56,0,488,16,0,8,0,40,2,0.11850844444444443,56,0,488,16,0,8,0,40,2,0.02297152,64,0,456,16,0,8,0,40,2,0.014582912,70,0,448,16,0,8,0,40,2
v018,473ba98e-bdcb-579c-9c4d-e5de6e3f4a63,1,8192,0.521388,1.3774915,32,4,3,1,1,8,1,12.882114358187179,0.3969516272682687,56,0,488,16,0,8,0,40,2,0.9340675555555555,56,0,488,16,0,8,0,40,2,0.16977215999999998,64,0,456,16,0,8,0,40,2,0.102663296,70,0,448,16,0,8,0,40,2
v018,62bb15e8-367e-5ab8-91e2-af3616abece3,4,1657,0.425452,1.118194,32,4,3,1,1,8,1,12.670259389454344,0.32154826483570376,56,0,488,16,0,8,0,40,2,0.7561191111111112,56,0,488,16,0,8,0,40,2,0.13774144,64,0,456,16,0,8,0,40,2,0.083444864,70,0,448,16,0,8,0,40,2
v018,93b2fe42-1327-5140-8826-c6593f301069,4,512,0.1287025,0.346417,32,4,3,1,1,8,1,11.49581999706729,0.10073790681706718,56,0,488,16,0,8,0,40,2,0.2350168888888889,56,0,488,16,0,8,0,40,2,0.043943039999999996,64,0,456,16,0,8,0,40,2,0.027165824,70,0,448,16,0,8,0,40,2
v018,c47946fe-4f9b-507c-a425-760d50ee0ac9,2,128,0.018352,0.041744,32,4,3,1,1,8,1,9.416378455387454,0.014342238352133397,56,0,488,16,0,8,0,40,2,0.031127111111111112,56,0,488,16,0,8,0,40,2,0.00724288,64,0,456,16,0,8,0,40,2,0.0051457280000000005,70,0,448,16,0,8,0,40,2
v018,ce51aff5-8ef2-5730-9de1-f1527d8edb19,32,128,0.265582,0.6864815,32,4,3,1,1,8,1,12.188967177627235,0.19947581363413436,56,0,488,16,0,8,0,40,2,0.46803377777777777,56,0,488,16,0,8,0,40,2,0.08588607999999999,64,0,456,16,0,8,0,40,2,0.052331648,70,0,448,16,0,8,0,40,2
v018,d6f8d507-17f7-5ead-9522-09c7ecbf1207,16,256,0.265134,0.683602,32,4,3,1,1,8,1,12.188967177627235,0.19947581363413436,56,0,488,16,0,8,0,40,2,0.46803377777777777,56,0,488,16,0,8,0,40,2,0.08588607999999999,64,0,456,16,0,8,0,40,2,0.052331648,70,0,448,16,0,8,0,40,2
v018,dcdec775-21aa-58cb-9fd9-322376d59814,1,128,0.0121285,0.022784,32,4,3,1,1,8,1,8.723231274827508,0.008171119176066699,56,0,488,16,0,8,0,40,2,0.016563555555555557,56,0,488,16,0,8,0,40,2,0.00462144,64,0,456,16,0,8,0,40,2,0.003572864,70,0,448,16,0,8,0,40,2
v018,e4d4aebe-8349-5613-9bbc-d1c0ddbe191b,1,131,0.012288,0.026016,32,4,3,1,1,8,1,8.746398334109042,0.008315754781755762,56,0,488,16,0,8,0,40,2,0.01690488888888889,56,0,488,16,0,8,0,40,2,0.00468288,64,0,456,16,0,8,0,40,2,0.003609728,70,0,448,16,0,8,0,40,2
v018,fbd78167-8dca-5fc3-9793-3e5867bde298,8,128,0.0651675,0.1721765,32,4,3,1,1,8,1,10.802672816507345,0.05136895340853359,56,0,488,16,0,8,0,40,2,0.11850844444444443,56,0,488,16,0,8,0,40,2,0.02297152,64,0,456,16,0,8,0,40,2,0.014582912,70,0,448,16,0,8,0,40,2
v019,0648abad-cca5-589b-afce-ee461e799da3,4,1024,0.4447475,0.6754255,1,4,4,0,1,8,0,12.188967177627235,0.5501333333333334,20,0,72,0,2,0,1,7,2,0.4700337777777778,22,0,72,0,2,0,1,7,2,0.48807272727272727,28,0,80,0,2,0,1,7,2,0.46895135135135135,28,0,80,0,2,0,1,7,2
v019,0f5618d6-7901-570c-8f57-273588f40be1,8,773,0.6665375,1.0117475,1,4,4,0,1,8,0,12.600921601175148,0.8285333333333332,20,0,72,0,2,0,1,7,2,0.7076017777777778,22,0,72,0,2,0,1,7,2,0.7348363636363636,28,0,80,0,2,0,1,7,2,0.7059675675675675,28,0,80,0,2,0,1,7,2
v019,13ac723d-96d9-5dc3-8ff6-64cca40fee1a,4,256,0.118767,0.1749765,1,4,4,0,1,8,0,10.802672816507345,0.14053333333333332,20,0,72,0,2,0,1,7,2,0.12050844444444445,22,0,72,0,2,0,1,7,2,0.1250181818181818,28,0,80,0,2,0,1,7,2,0.12023783783783784,28,0,80,0,2,0,1,7,2
v019,277f8cdf-20d1-5ab2-915d-1a7ecebfed13,8,256,0.226798,0.3379375,1,4,4,0,1,8,0,11.49581999706729,0.2770666666666667,20,0,72,0,2,0,1,7,2,0.23701688888888886,22,0,72,0,2,0,1,7,2,0.24603636363636364,28,0,80,0,2,0,1,7,2,0.23647567567567565,28,0,80,0,2,0,1,7,2
v019,3565f3a6-e573-5729-bb6a-4b19537e0a85,1,256,0.043887999999999996,0.0513925,1,4,4,0,1,8,0,9.416378455387454,0.03813333333333334,20,0,72,0,2,0,1,7,2,0.033127111111111114,22,0,72,0,2,0,1,7,2,0.034254545454545454,28,0,80,0,2,0,1,7,2,0.03305945945945946,28,0,80,0,2,0,1,7,2
v019,388488d1-b780-5422-8839-375f4ae380a4,2,293,0.071647,0.101328,1,4,4,0,1,8,0,10.244520800484903,0.08213333333333334,20,0,72,0,2,0,1,7,2,0.07067377777777778,22,0,72,0,2,0,1,7,2,0.07325454545454546,28,0,80,0,2,0,1,7,2,0.07051891891891893,28,0,80,0,2,0,1,7,2
v019,3d08c934-3de5-5df5-9704-a82963af6eea,1,1024,0.118799,0.17320049999999998,1,4,4,0,1,8,0,10.802672816507345,0.14053333333333332,20,0,72,0,2,0,1,7,2,0.12050844444444445,22,0,72,0,2,0,1,7,2,0.1250181818181818,28,0,80,0,2,0,1,7,2,0.12023783783783784,28,0,80,0,2,0,1,7,2
v019,473ba98e-bdcb-579c-9c4d-e5de6e3f4a63,1,8192,0.8788720000000001,1.3308525,1,4,4,0,1,8,0,12.882114358187179,1.0962666666666667,20,0,72,0,2,0,1,7,2,0.9360675555555555,22,0,72,0,2,0,1,7,2,0.9721454545454545,28,0,80,0,2,0,1,7,2,0.9339027027027027,28,0,80,0,2,0,1,7,2
v019,62bb15e8-367e-5ab8-91e2-af3616abece3,4,1657,0.7139139999999999,1.0762744999999998,1,4,4,0,1,8,0,12.670259389454344,0.8877333333333333,20,0,72,0,2,0,1,7,2,0.7581191111111111,22,0,72,0,2,0,1,7,2,0.787309090909091,28,0,80,0,2,0,1,7,2,0.7563675675675676,28,0,80,0,2,0,1,7,2
v019,93b2fe42-1327-5140-8826-c6593f301069,4,512,0.226798,0.340289,1,4,4,0,1,8,0,11.49581999706729,0.2770666666666667,20,0,72,0,2,0,1,7,2,0.23701688888888886,22,0,72,0,2,0,1,7,2,0.24603636363636364,28,0,80,0,2,0,1,7,2,0.23647567567567565,28,0,80,0,2,0,1,7,2
v019,c47946fe-4f9b-507c-a425-760d50ee0ac9,2,128,0.04568,0.04808,1,4,4,0,1,8,0,9.416378455387454,0.03813333333333334,20,0,72,0,2,0,1,7,2,0.033127111111111114,22,0,72,0,2,0,1,7,2,0.034254545454545454,28,0,80,0,2,0,1,7,2,0.03305945945945946,28,0,80,0,2,0,1,7,2
v019,ce51aff5-8ef2-5730-9de1-f1527d8edb19,32,128,0.44562999999999997,0.676146,1,4,4,0,1,8,0,12.188967177627235,0.5501333333333334,20,0,72,0,2,0,1,7,2,0.4700337777777778,22,0,72,0,2,0,1,7,2,0.48807272727272727,28,0,80,0,2,0,1,7,2,0.46895135135135135,28,0,80,0,2,0,1,7,2
v019,d6f8d507-17f7-5ead-9522-09c7ecbf1207,16,256,0.4450035,0.6757145,1,4,4,0,1,8,0,12.188967177627235,0.5501333333333334,20,0,72,0,2,0,1,7,2,0.4700337777777778,22,0,72,0,2,0,1,7,2,0.48807272727272727,28,0,80,0,2,0,1,7,2,0.46895135135135135,28,0,80,0,2,0,1,7,2
v019,dcdec775-21aa-58cb-9fd9-322376d59814,1,128,0.037184,0.025904,1,4,4,0,1,8,0,8.723231274827508,0.021066666666666668,20,0,72,0,2,0,1,7,2,0.018563555555555555,22,0,72,0,2,0,1,7,2,0.019127272727272725,28,0,80,0,2,0,1,7,2,0.01852972972972973,28,0,80,0,2,0,1,7,2
v019,e4d4aebe-8349-5613-9bbc-d1c0ddbe191b,1,131,0.037056,0.027936,1,4,4,0,1,8,0,8.746398334109042,0.021466666666666665,20,0,72,0,2,0,1,7,2,0.01890488888888889,22,0,72,0,2,0,1,7,2,0.01948181818181818,28,0,80,0,2,0,1,7,2,0.01887027027027027,28,0,80,0,2,0,1,7,2
v019,fbd78167-8dca-5fc3-9793-3e5867bde298,8,128,0.118639,0.1707205,1,4,4,0,1,8,0,10.802672816507345,0.14053333333333332,20,0,72,0,2,0,1,7,2,0.12050844444444445,22,0,72,0,2,0,1,7,2,0.1250181818181818,28,0,80,0,2,0,1,7,2,0.12023783783783784,28,0,80,0,2,0,1,7,2
v020,0648abad-cca5-589b-afce-ee461e799da3,4,1024,0.256062,0.663682,16,4,3,0,1,8,0,12.188967177627235,0.20147581363413436,48,0,208,8,0,4,0,20,2,0.4700337777777778,48,0,208,8,0,4,0,20,2,0.08788607999999999,40,0,216,8,0,4,0,20,2,0.054331648,40,0,216,8,0,4,0,20,2
v020,0f5618d6-7901-570c-8f57-273588f40be1,8,773,0.3782845,0.995843,16,4,3,0,1,8,0,12.600921601175148,0.3021421951937224,48,0,208,8,0,4,0,20,2,0.7076017777777778,48,0,208,8,0,4,0,20,2,0.13064831999999998,40,0,216,8,0,4,0,20,2,0.079988992,40,0,216,8,0,4,0,20,2
v020,13ac723d-96d9-5dc3-8ff6-64cca40fee1a,4,256,0.0646235,0.164945,16,4,3,0,1,8,0,10.802672816507345,0.05336895340853359,48,0,208,8,0,4,0,20,2,0.12050844444444445,48,0,208,8,0,4,0,20,2,0.024971519999999997,40,0,216,8,0,4,0,20,2,0.016582911999999998,40,0,216,8,0,4,0,20,2
v020,277f8cdf-20d1-5ab2-915d-1a7ecebfed13,8,256,0.128351,0.3344815,16,4,3,0,1,8,0,11.49581999706729,0.10273790681706718,48,0,208,8,0,4,0,20,2,0.23701688888888886,48,0,208,8,0,4,0,20,2,0.04594304,40,0,216,8,0,4,0,20,2,0.029165824,40,0,216,8,0,4,0,20,2
v020,3565f3a6-e573-5729-bb6a-4b19537e0a85,1,256,0.037055500000000005,0.037472000000000005,16,4,3,0,1,8,0,9.416378455387454,0.016342238352133397,48,0,208,8,0,4,0,20,2,0.033127111111111114,48,0,208,8,0,4,0,20,2,0.00924288,40,0,216,8,0,4,0,20,2,0.007145728,40,0,216,8,0,4,0,20,2
v020,388488d1-b780-5422-8839-375f4ae380a4,2,293,0.046352,0.095152,16,4,3,0,1,8,0,10.244520800484903,0.03225215497793036,48,0,208,8,0,4,0,20,2,0.07067377777777778,48,0,208,8,0,4,0,20,2,0.01600128,40,0,216,8,0,4,0,20,2,0.011200767999999998,40,0,216,8,0,4,0,20,2
v020,3d08c934-3de5-5df5-9704-a82963af6eea,1,1024,0.0644475,0.1658085,16,4,3,0,1,8,0,10.802672816507345,0.05336895340853359,48,0,208,8,0,4,0,20,2,0.12050844444444445,48,0,208,8,0,4,0,20,2,0.024971519999999997,40,0,216,8,0,4,0,20,2,0.016582911999999998,40,0,216,8,0,4,0,20,2
v020,473ba98e-bdcb-579c-9c4d-e5de6e3f4a63,1,8192,0.496716,1.303076,16,4,3,0,1,8,0,12.882114358187179,0.3989516272682687,48,0,208,8,0,4,0,20,2,0.9360675555555555,48,0,208,8,0,4,0,20,2,0.17177215999999998,40,0,216,8,0,4,0,20,2,0.104663296,40,0,216,8,0,4,0,20,2
v020,62bb15e8-367e-5ab8-91e2-af3616abece3,4,1657,0.407404,1.0602909999999999,16,4,3,0,1,8,0,12.670259389454344,0.32354826483570376,48,0,208,8,0,4,0,20,2,0.7581191111111111,48,0,208,8,0,4,0,20,2,0.13974143999999997,40,0,216,8,0,4,0,20,2,0.08544486400000001,40,0,216,8,0,4,0,20,2
v020,93b2fe42-1327-5140-8826-c6593f301069,4,512,0.127983,0.334433,16,4,3,0,1,8,0,11.49581999706729,0.10273790681706718,48,0,208,8,0,4,0,20,2,0.23701688888888886,48,0,208,8,0,4,0,20,2,0.04594304,40,0,216,8,0,4,0,20,2,0.029165824,40,0,216,8,0,4,0,20,2
v020,c47946fe-4f9b-507c-a425-760d50ee0ac9,2,128,0.0377595,0.0371845,16,4,3,0,1,8,0,9.416378455387454,0.016342238352133397,48,0,208,8,0,4,0,20,2,0.033127111111111114,48,0,208,8,0,4,0,20,2,0.00924288,40,0,216,8,0,4,0,20,2,0.007145728,40,0,216,8,0,4,0,20,2
v020,ce51aff5-8ef2-5730-9de1-f1527d8edb19,32,128,0.255888,0.6600825,16,4,3,0,1,8,0,12.188967177627235,0.20147581363413436,48,0,208,8,0,4,0,20,2,0.4700337777777778,48,0,208,8,0,4,0,20,2,0.08788607999999999,40,0,216,8,0,4,0,20,2,0.054331648,40,0,216,8,0,4,0,20,2
v020,d6f8d507-17f7-5ead-9522-09c7ecbf1207,16,256,0.2554535,0.658706,16,4,3,0,1,8,0,12.188967177627235,0.20147581363413436,48,0,208,8,0,4,0,20,2,0.4700337777777778,48,0,208,8,0,4,0,20,2,0.08788607999999999,40,0,216,8,0,4,0,20,2,0.054331648,40,0,216,8,0,4,0,20,2
v020,dcdec775-21aa-58cb-9fd9-322376d59814,1,128,0.0335835,0.021679999999999998,16,4,3,0,1,8,0,8.723231274827508,0.010171119176066699,48,0,208,8,0,4,0,20,2,0.018563555555555555,48,0,208,8,0,4,0,20,2,0.00662144,40,0,216,8,0,4,0,20,2,0.0068000000000000005,40,0,216,8,0,4,0,20,2
v020,e4d4aebe-8349-5613-9bbc-d1c0ddbe191b,1,131,0.0333435,0.0229595,16,4,3,0,1,8,0,8.746398334109042,0.01031575478175576,48,0,208,8,0,4,0,20,2,0.01890488888888889,48,0,208,8,0,4,0,20,2,0.00668288,40,0,216,8,0,4,0,20,2,0.0068,40,0,216,8,0,4,0,20,2
v020,fbd78167-8dca-5fc3-9793-3e5867bde298,8,128,0.064431,0.165185,16,4,3,0,1,8,0,10.802672816507345,0.05336895340853359,48,0,208,8,0,4,0,20,2,0.12050844444444445,48,0,208,8,0,4,0,20,2,0.024971519999999997,40,0,216,8,0,4,0,20,2,0.016582911999999998,40,0,216,8,0,4,0,20,2
v021,0648abad-cca5-589b-afce-ee461e799da3,4,1024,1.5329305,0.8683069999999999,2,8,3,0,1,1,1,12.188967177627235,2.1885333333333334,24,0,104,0,2,0,1,7,2,1.6654760563380282,24,0,104,0,2,0,1,7,2,1.9402909090909093,29,0,112,0,2,0,1,7,2,1.8638054054054054,29,0,112,0,2,0,1,7,2
v021,0f5618d6-7901-570c-8f57-273588f40be1,8,773,2.3064285,1.298532,2,8,3,0,1,1,1,12.600921601175148,3.3021333333333334,24,0,104,0,2,0,1,7,2,2.5124394366197182,24,0,104,0,2,0,1,7,2,2.9273454545454545,29,0,112,0,2,0,1,7,2,2.8118702702702705,29,0,112,0,2,0,1,7,2
v021,13ac723d-96d9-5dc3-8ff6-64cca40fee1a,4,256,0.387613,0.240337,2,8,3,0,1,1,1,10.802672816507345,0.5501333333333334,24,0,104,0,2,0,1,7,2,0.419369014084507,24,0,104,0,2,0,1,7,2,0.48807272727272727,29,0,112,0,2,0,1,7,2,0.46895135135135135,29,0,112,0,2,0,1,7,2
v021,277f8cdf-20d1-5ab2-915d-1a7ecebfed13,8,256,0.7679615,0.4506735,2,8,3,0,1,1,1,11.49581999706729,1.0962666666666667,24,0,104,0,2,0,1,7,2,0.834738028169014,24,0,104,0,2,0,1,7,2,0.9721454545454545,29,0,112,0,2,0,1,7,2,0.9339027027027027,29,0,112,0,2,0,1,7,2
v021,3565f3a6-e573-5729-bb6a-4b19537e0a85,1,256,0.102942,0.073168,2,8,3,0,1,1,1,9.416378455387454,0.14053333333333332,24,0,104,0,2,0,1,7,2,0.10784225352112675,24,0,104,0,2,0,1,7,2,0.1250181818181818,29,0,112,0,2,0,1,7,2,0.12023783783783784,29,0,112,0,2,0,1,7,2
v021,388488d1-b780-5422-8839-375f4ae380a4,2,293,0.22622199999999998,0.150112,2,8,3,0,1,1,1,10.244520800484903,0.31653333333333333,24,0,104,0,2,0,1,7,2,0.2417014084507042,24,0,104,0,2,0,1,7,2,0.28101818181818183,29,0,112,0,2,0,1,7,2,0.27007567567567564,29,0,112,0,2,0,1,7,2
v021,3d08c934-3de5-5df5-9704-a82963af6eea,1,1024,0.39210849999999997,0.241473,2,8,3,0,1,1,1,10.802672816507345,0.5501333333333334,24,0,104,0,2,0,1,7,2,0.419369014084507,24,0,104,0,2,0,1,7,2,0.48807272727272727,29,0,112,0,2,0,1,7,2,0.46895135135135135,29,0,112,0,2,0,1,7,2
v021,473ba98e-bdcb-579c-9c4d-e5de6e3f4a63,1,8192,3.082854,1.7324215,2,8,3,0,1,1,1,12.882114358187179,4.373066666666666,24,0,104,0,2,0,1,7,2,3.3269521126760564,24,0,104,0,2,0,1,7,2,3.876581818181818,29,0,112,0,2,0,1,7,2,3.723610810810811,29,0,112,0,2,0,1,7,2
v021,62bb15e8-367e-5ab8-91e2-af3616abece3,4,1657,2.53305,1.407397,2,8,3,0,1,1,1,12.670259389454344,3.5389333333333335,24,0,104,0,2,0,1,7,2,2.6925408450704222,24,0,104,0,2,0,1,7,2,3.137236363636364,29,0,112,0,2,0,1,7,2,3.0134702702702705,29,0,112,0,2,0,1,7,2
v021,93b2fe42-1327-5140-8826-c6593f301069,4,512,0.7771129999999999,0.454642,2,8,3,0,1,1,1,11.49581999706729,1.0962666666666667,24,0,104,0,2,0,1,7,2,0.834738028169014,24,0,104,0,2,0,1,7,2,0.9721454545454545,29,0,112,0,2,0,1,7,2,0.9339027027027027,29,0,112,0,2,0,1,7,2
v021,c47946fe-4f9b-507c-a425-760d50ee0ac9,2,128,0.111487,0.0730565,2,8,3,0,1,1,1,9.416378455387454,0.14053333333333332,24,0,104,0,2,0,1,7,2,0.10784225352112675,24,0,104,0,2,0,1,7,2,0.1250181818181818,29,0,112,0,2,0,1,7,2,0.12023783783783784,29,0,112,0,2,0,1,7,2
v021,ce51aff5-8ef2-5730-9de1-f1527d8edb19,32,128,1.5312185,0.8686265,2,8,3,0,1,1,1,12.188967177627235,2.1885333333333334,24,0,104,0,2,0,1,7,2,1.6654760563380282,24,0,104,0,2,0,1,7,2,1.9402909090909093,29,0,112,0,2,0,1,7,2,1.8638054054054054,29,0,112,0,2,0,1,7,2
v021,d6f8d507-17f7-5ead-9522-09c7ecbf1207,16,256,1.5272795000000001,0.8710104999999999,2,8,3,0,1,1,1,12.188967177627235,2.1885333333333334,24,0,104,0,2,0,1,7,2,1.6654760563380282,24,0,104,0,2,0,1,7,2,1.9402909090909093,29,0,112,0,2,0,1,7,2,1.8638054054054054,29,0,112,0,2,0,1,7,2
v021,dcdec775-21aa-58cb-9fd9-322376d59814,1,128,0.056271,0.0394085,2,8,3,0,1,1,1,8.723231274827508,0.07226666666666667,24,0,104,0,2,0,1,7,2,0.05592112676056338,24,0,104,0,2,0,1,7,2,0.06450909090909092,29,0,112,0,2,0,1,7,2,0.06211891891891892,29,0,112,0,2,0,1,7,2
v021,e4d4aebe-8349-5613-9bbc-d1c0ddbe191b,1,131,0.057008,0.040576,2,8,3,0,1,1,1,8.746398334109042,0.07386666666666666,24,0,104,0,2,0,1,7,2,0.05713802816901409,24,0,104,0,2,0,1,7,2,0.06592727272727272,29,0,112,0,2,0,1,7,2,0.06348108108108108,29,0,112,0,2,0,1,7,2
v021,fbd78167-8dca-5fc3-9793-3e5867bde298,8,128,0.38706850000000004,0.241361,2,8,3,0,1,1,1,10.802672816507345,0.5501333333333334,24,0,104,0,2,0,1,7,2,0.419369014084507,24,0,104,0,2,0,1,7,2,0.48807272727272727,29,0,112,0,2,0,1,7,2,0.46895135135135135,29,0,112,0,2,0,1,7,2
v022,0648abad-cca5-589b-afce-ee461e799da3,4,1024,0.47021999999999997,0.6628339999999999,16,1,1,0,1,1,0,12.188967177627235,0.2770666666666667,168,0,712,32,0,16,0,80,2,0.4700337777777778,96,0,728,32,0,16,0,80,2,0.24603636363636364,96,0,728,32,0,16,0,80,2,0.23647567567567565,100,0,720,32,0,16,0,80,2
v022,0f5618d6-7901-570c-8f57-273588f40be1,8,773,0.704746,0.9784995000000001,16,1,1,0,1,1,0,12.600921601175148,0.4162666666666666,168,0,712,32,0,16,0,80,2,0.7076017777777778,96,0,728,32,0,16,0,80,2,0.3694181818181818,96,0,728,32,0,16,0,80,2,0.35498378378378376,100,0,720,32,0,16,0,80,2
v022,13ac723d-96d9-5dc3-8ff6-64cca40fee1a,4,256,0.125471,0.1921925,16,1,1,0,1,1,0,10.802672816507345,0.07226666666666667,168,0,712,32,0,16,0,80,2,0.12050844444444445,96,0,728,32,0,16,0,80,2,0.06450909090909092,96,0,728,32,0,16,0,80,2,0.06211891891891892,100,0,720,32,0,16,0,80,2
v022,277f8cdf-20d1-5ab2-915d-1a7ecebfed13,8,256,0.23886200000000002,0.351153,16,1,1,0,1,1,0,11.49581999706729,0.14053333333333332,168,0,712,32,0,16,0,80,2,0.23701688888888886,96,0,728,32,0,16,0,80,2,0.1250181818181818,96,0,728,32,0,16,0,80,2,0.12023783783783784,100,0,720,32,0,16,0,80,2
v022,3565f3a6-e573-5729-bb6a-4b19537e0a85,1,256,0.045855,0.063664,16,1,1,0,1,1,0,9.416378455387454,0.021066666666666668,168,0,712,32,0,16,0,80,2,0.033127111111111114,96,0,728,32,0,16,0,80,2,0.019127272727272725,96,0,728,32,0,16,0,80,2,0.01852972972972973,100,0,720,32,0,16,0,80,2
v022,388488d1-b780-5422-8839-375f4ae380a4,2,293,0.0763835,0.1257125,16,1,1,0,1,1,0,10.244520800484903,0.04306666666666667,168,0,712,32,0,16,0,80,2,0.07067377777777778,96,0,728,32,0,16,0,80,2,0.03862727272727273,96,0,728,32,0,16,0,80,2,0.037259459459459465,100,0,720,32,0,16,0,80,2
v022,3d08c934-3de5-5df5-9704-a82963af6eea,1,1024,0.1257585,0.192321,16,1,1,0,1,1,0,10.802672816507345,0.07226666666666667,168,0,712,32,0,16,0,80,2,0.12050844444444445,96,0,728,32,0,16,0,80,2,0.06450909090909092,96,0,728,32,0,16,0,80,2,0.06211891891891892,100,0,720,32,0,16,0,80,2
v022,473ba98e-bdcb-579c-9c4d-e5de6e3f4a63,1,8192,0.9308885,1.28506,16,1,1,0,1,1,0,12.882114358187179,0.5501333333333334,168,0,712,32,0,16,0,80,2,0.9360675555555555,96,0,728,32,0,16,0,80,2,0.48807272727272727,96,0,728,32,0,16,0,80,2,0.46895135135135135,100,0,720,32,0,16,0,80,2
v022,62bb15e8-367e-5ab8-91e2-af3616abece3,4,1657,0.807049,1.046036,16,1,1,0,1,1,0,12.670259389454344,0.44586666666666663,168,0,712,32,0,16,0,80,2,0.7581191111111111,96,0,728,32,0,16,0,80,2,0.3956545454545455,96,0,728,32,0,16,0,80,2,0.38018378378378376,100,0,720,32,0,16,0,80,2
v022,93b2fe42-1327-5140-8826-c6593f301069,4,512,0.23979,0.352721,16,1,1,0,1,1,0,11.49581999706729,0.14053333333333332,168,0,712,32,0,16,0,80,2,0.23701688888888886,96,0,728,32,0,16,0,80,2,0.1250181818181818,96,0,728,32,0,16,0,80,2,0.12023783783783784,100,0,720,32,0,16,0,80,2
v022,c47946fe-4f9b-507c-a425-760d50ee0ac9,2,128,0.0476795,0.06340799999999999,16,1,1,0,1,1,0,9.416378455387454,0.021066666666666668,168,0,712,32,0,16,0,80,2,0.033127111111111114,96,0,728,32,0,16,0,80,2,0.019127272727272725,96,0,728,32,0,16,0,80,2,0.01852972972972973,100,0,720,32,0,16,0,80,2
v022,ce51aff5-8ef2-5730-9de1-f1527d8edb19,32,128,0.46913150000000003,0.6617945,16,1,1,0,1,1,0,12.188967177627235,0.2770666666666667,168,0,712,32,0,16,0,80,2,0.4700337777777778,96,0,728,32,0,16,0,80,2,0.24603636363636364,96,0,728,32,0,16,0,80,2,0.23647567567567565,100,0,720,32,0,16,0,80,2
v022,d6f8d507-17f7-5ead-9522-09c7ecbf1207,16,256,0.468828,0.662947,16,1,1,0,1,1,0,12.188967177627235,0.2770666666666667,168,0,712,32,0,16,0,80,2,0.4700337777777778,96,0,728,32,0,16,0,80,2,0.24603636363636364,96,0,728,32,0,16,0,80,2,0.23647567567567565,100,0,720,32,0,16,0,80,2
v022,dcdec775-21aa-58cb-9fd9-322376d59814,1,128,0.0380475,0.0347515,16,1,1,0,1,1,0,8.723231274827508,0.012533333333333334,168,0,712,32,0,16,0,80,2,0.018563555555555555,96,0,728,32,0,16,0,80,2,0.011563636363636364,96,0,728,32,0,16,0,80,2,0.011264864864864863,100,0,720,32,0,16,0,80,2
v022,e4d4aebe-8349-5613-9bbc-d1c0ddbe191b,1,131,0.0379515,0.035407999999999995,16,1,1,0,1,1,0,8.746398334109042,0.012733333333333333,168,0,712,32,0,16,0,80,2,0.01890488888888889,96,0,728,32,0,16,0,80,2,0.011740909090909092,96,0,728,32,0,16,0,80,2,0.011435135135135137,100,0,720,32,0,16,0,80,2
v022,fbd78167-8dca-5fc3-9793-3e5867bde298,8,128,0.12523099999999998,0.1927205,16,1,1,0,1,1,0,10.802672816507345,0.07226666666666667,168,0,712,32,0,16,0,80,2,0.12050844444444445,96,0,728,32,0,16,0,80,2,0.06450909090909092,96,0,728,32,0,16,0,80,2,0.06211891891891892,100,0,720,32,0,16,0,80,2
v023,0648abad-cca5-589b-afce-ee461e799da3,4,1024,0.25547,0.662754,32,2,1,1,1,4,0,12.188967177627235,0.19947581363413436,128,0,776,32,0,16,0,80,2,0.46803377777777777,128,0,776,32,0,16,0,80,2,0.08588607999999999,128,0,768,32,0,16,0,80,2,0.052331648,149,0,760,32,0,16,0,80,2
v023,0f5618d6-7901-570c-8f57-273588f40be1,8,773,0.381003,0.9912989999999999,32,2,1,1,1,4,0,12.600921601175148,0.30014219519372237,128,0,776,32,0,16,0,80,2,0.7056017777777779,128,0,776,32,0,16,0,80,2,0.12864832,128,0,768,32,0,16,0,80,2,0.077988992,149,0,760,32,0,16,0,80,2
v023,13ac723d-96d9-5dc3-8ff6-64cca40fee1a,4,256,0.064271,0.176512,32,2,1,1,1,4,0,10.802672816507345,0.05136895340853359,128,0,776,32,0,16,0,80,2,0.11850844444444443,128,0,776,32,0,16,0,80,2,0.02297152,128,0,768,32,0,16,0,80,2,0.014582912,149,0,760,32,0,16,0,80,2
v023,277f8cdf-20d1-5ab2-915d-1a7ecebfed13,8,256,0.124191,0.339457,32,2,1,1,1,4,0,11.49581999706729,0.10073790681706718,128,0,776,32,0,16,0,80,2,0.2350168888888889,128,0,776,32,0,16,0,80,2,0.043943039999999996,128,0,768,32,0,16,0,80,2,0.027165824,149,0,760,32,0,16,0,80,2
v023,3565f3a6-e573-5729-bb6a-4b19537e0a85,1,256,0.018943500000000002,0.0469765,32,2,1,1,1,4,0,9.416378455387454,0.014342238352133397,128,0,776,32,0,16,0,80,2,0.031127111111111112,128,0,776,32,0,16,0,80,2,0.00724288,128,0,768,32,0,16,0,80,2,0.0051457280000000005,149,0,760,32,0,16,0,80,2
v023,388488d1-b780-5422-8839-375f4ae380a4,2,293,0.039568,0.105361,32,2,1,1,1,4,0,10.244520800484903,0.030252154977930358,128,0,776,32,0,16,0,80,2,0.06867377777777776,128,0,776,32,0,16,0,80,2,0.01400128,128,0,768,32,0,16,0,80,2,0.009200768,149,0,760,32,0,16,0,80,2
v023,3d08c934-3de5-5df5-9704-a82963af6eea,1,1024,0.064127,0.1775205,32,2,1,1,1,4,0,10.802672816507345,0.05136895340853359,128,0,776,32,0,16,0,80,2,0.11850844444444443,128,0,776,32,0,16,0,80,2,0.02297152,128,0,768,32,0,16,0,80,2,0.014582912,149,0,760,32,0,16,0,80,2
v023,473ba98e-bdcb-579c-9c4d-e5de6e3f4a63,1,8192,0.49844350000000004,1.3061965,32,2,1,1,1,4,0,12.882114358187179,0.3969516272682687,128,0,776,32,0,16,0,80,2,0.9340675555555555,128,0,776,32,0,16,0,80,2,0.16977215999999998,128,0,768,32,0,16,0,80,2,0.102663296,149,0,760,32,0,16,0,80,2
v023,62bb15e8-367e-5ab8-91e2-af3616abece3,4,1657,0.4058525,1.060771,32,2,1,1,1,4,0,12.670259389454344,0.32154826483570376,128,0,776,32,0,16,0,80,2,0.7561191111111112,128,0,776,32,0,16,0,80,2,0.13774144,128,0,768,32,0,16,0,80,2,0.083444864,149,0,760,32,0,16,0,80,2
v023,93b2fe42-1327-5140-8826-c6593f301069,4,512,0.124415,0.3404485,32,2,1,1,1,4,0,11.49581999706729,0.10073790681706718,128,0,776,32,0,16,0,80,2,0.2350168888888889,128,0,776,32,0,16,0,80,2,0.043943039999999996,128,0,768,32,0,16,0,80,2,0.027165824,149,0,760,32,0,16,0,80,2
v023,c47946fe-4f9b-507c-a425-760d50ee0ac9,2,128,0.019775,0.044303999999999996,32,2,1,1,1,4,0,9.416378455387454,0.014342238352133397,128,0,776,32,0,16,0,80,2,0.031127111111111112,128,0,776,32,0,16,0,80,2,0.00724288,128,0,768,32,0,16,0,80,2,0.0051457280000000005,149,0,760,32,0,16,0,80,2
v023,ce51aff5-8ef2-5730-9de1-f1527d8edb19,32,128,0.2545275,0.662802,32,2,1,1,1,4,0,12.188967177627235,0.19947581363413436,128,0,776,32,0,16,0,80,2,0.46803377777777777,128,0,776,32,0,16,0,80,2,0.08588607999999999,128,0,768,32,0,16,0,80,2,0.052331648,149,0,760,32,0,16,0,80,2
v023,d6f8d507-17f7-5ead-9522-09c7ecbf1207,16,256,0.2543975,0.6587069999999999,32,2,1,1,1,4,0,12.188967177627235,0.19947581363413436,128,0,776,32,0,16,0,80,2,0.46803377777777777,128,0,776,32,0,16,0,80,2,0.08588607999999999,128,0,768,32,0,16,0,80,2,0.052331648,149,0,760,32,0,16,0,80,2
v023,dcdec775-21aa-58cb-9fd9-322376d59814,1,128,0.0102555,0.018416000000000002,32,2,1,1,1,4,0,8.723231274827508,0.008171119176066699,128,0,776,32,0,16,0,80,2,0.016563555555555557,128,0,776,32,0,16,0,80,2,0.00462144,128,0,768,32,0,16,0,80,2,0.003572864,149,0,760,32,0,16,0,80,2
v023,e4d4aebe-8349-5613-9bbc-d1c0ddbe191b,1,131,0.010464,0.023856000000000002,32,2,1,1,1,4,0,8.746398334109042,0.008315754781755762,128,0,776,32,0,16,0,80,2,0.01690488888888889,128,0,776,32,0,16,0,80,2,0.00468288,128,0,768,32,0,16,0,80,2,0.003609728,149,0,760,32,0,16,0,80,2
v023,fbd78167-8dca-5fc3-9793-3e5867bde298,8,128,0.064336,0.1744965,32,2,1,1,1,4,0,10.802672816507345,0.05136895340853359,128,0,776,32,0,16,0,80,2,0.11850844444444443,128,0,776,32,0,16,0,80,2,0.02297152,128,0,768,32,0,16,0,80,2,0.014582912,149,0,760,32,0,16,0,80,2
v024,0648abad-cca5-589b-afce-ee461e799da3,4,1024,0.25604550000000004,0.662354,16,4,1,0,1,8,0,12.188967177627235,0.20147581363413436,48,0,208,8,0,4,0,20,2,0.4700337777777778,48,0,208,8,0,4,0,20,2,0.08788607999999999,40,0,216,8,0,4,0,20,2,0.054331648,40,0,216,8,0,4,0,20,2
v024,0f5618d6-7901-570c-8f57-273588f40be1,8,773,0.37855700000000003,0.993171,16,4,1,0,1,8,0,12.600921601175148,0.3021421951937224,48,0,208,8,0,4,0,20,2,0.7076017777777778,48,0,208,8,0,4,0,20,2,0.13064831999999998,40,0,216,8,0,4,0,20,2,0.079988992,40,0,216,8,0,4,0,20,2
v024,13ac723d-96d9-5dc3-8ff6-64cca40fee1a,4,256,0.064671,0.16497699999999998,16,4,1,0,1,8,0,10.802672816507345,0.05336895340853359,48,0,208,8,0,4,0,20,2,0.12050844444444445,48,0,208,8,0,4,0,20,2,0.024971519999999997,40,0,216,8,0,4,0,20,2,0.016582911999999998,40,0,216,8,0,4,0,20,2
v024,277f8cdf-20d1-5ab2-915d-1a7ecebfed13,8,256,0.12795099999999998,0.33585699999999996,16,4,1,0,1,8,0,11.49581999706729,0.10273790681706718,48,0,208,8,0,4,0,20,2,0.23701688888888886,48,0,208,8,0,4,0,20,2,0.04594304,40,0,216,8,0,4,0,20,2,0.029165824,40,0,216,8,0,4,0,20,2
v024,3565f3a6-e573-5729-bb6a-4b19537e0a85,1,256,0.0360635,0.037295999999999996,16,4,1,0,1,8,0,9.416378455387454,0.016342238352133397,48,0,208,8,0,4,0,20,2,0.033127111111111114,48,0,208,8,0,4,0,20,2,0.00924288,40,0,216,8,0,4,0,20,2,0.007145728,40,0,216,8,0,4,0,20,2
v024,388488d1-b780-5422-8839-375f4ae380a4,2,293,0.045439499999999994,0.094624,16,4,1,0,1,8,0,10.244520800484903,0.03225215497793036,48,0,208,8,0,4,0,20,2,0.07067377777777778,48,0,208,8,0,4,0,20,2,0.01600128,40,0,216,8,0,4,0,20,2,0.011200767999999998,40,0,216,8,0,4,0,20,2
v024,3d08c934-3de5-5df5-9704-a82963af6eea,1,1024,0.064559,0.1656,16,4,1,0,1,8,0,10.802672816507345,0.05336895340853359,48,0,208,8,0,4,0,20,2,0.12050844444444445,48,0,208,8,0,4,0,20,2,0.024971519999999997,40,0,216,8,0,4,0,20,2,0.016582911999999998,40,0,216,8,0,4,0,20,2
v024,473ba98e-bdcb-579c-9c4d-e5de6e3f4a63,1,8192,0.4965715,1.301828,16,4,1,0,1,8,0,12.882114358187179,0.3989516272682687,48,0,208,8,0,4,0,20,2,0.9360675555555555,48,0,208,8,0,4,0,20,2,0.17177215999999998,40,0,216,8,0,4,0,20,2,0.104663296,40,0,216,8,0,4,0,20,2
v024,62bb15e8-367e-5ab8-91e2-af3616abece3,4,1657,0.405389,1.0549635,16,4,1,0,1,8,0,12.670259389454344,0.32354826483570376,48,0,208,8,0,4,0,20,2,0.7581191111111111,48,0,208,8,0,4,0,20,2,0.13974143999999997,40,0,216,8,0,4,0,20,2,0.08544486400000001,40,0,216,8,0,4,0,20,2
v024,93b2fe42-1327-5140-8826-c6593f301069,4,512,0.127807,0.334369,16,4,1,0,1,8,0,11.49581999706729,0.10273790681706718,48,0,208,8,0,4,0,20,2,0.23701688888888886,48,0,208,8,0,4,0,20,2,0.04594304,40,0,216,8,0,4,0,20,2,0.029165824,40,0,216,8,0,4,0,20,2
v024,c47946fe-4f9b-507c-a425-760d50ee0ac9,2,128,0.037679500000000005,0.037280999999999995,16,4,1,0,1,8,0,9.416378455387454,0.016342238352133397,48,0,208,8,0,4,0,20,2,0.033127111111111114,48,0,208,8,0,4,0,20,2,0.00924288,40,0,216,8,0,4,0,20,2,0.007145728,40,0,216,8,0,4,0,20,2
v024,ce51aff5-8ef2-5730-9de1-f1527d8edb19,32,128,0.25483,0.6629624999999999,16,4,1,0,1,8,0,12.188967177627235,0.20147581363413436,48,0,208,8,0,4,0,20,2,0.4700337777777778,48,0,208,8,0,4,0,20,2,0.08788607999999999,40,0,216,8,0,4,0,20,2,0.054331648,40,0,216,8,0,4,0,20,2
v024,d6f8d507-17f7-5ead-9522-09c7ecbf1207,16,256,0.256286,0.660786,16,4,1,0,1,8,0,12.188967177627235,0.20147581363413436,48,0,208,8,0,4,0,20,2,0.4700337777777778,48,0,208,8,0,4,0,20,2,0.08788607999999999,40,0,216,8,0,4,0,20,2,0.054331648,40,0,216,8,0,4,0,20,2
v024,dcdec775-21aa-58cb-9fd9-322376d59814,1,128,0.033184,0.0216325,16,4,1,0,1,8,0,8.723231274827508,0.010171119176066699,48,0,208,8,0,4,0,20,2,0.018563555555555555,48,0,208,8,0,4,0,20,2,0.00662144,40,0,216,8,0,4,0,20,2,0.0068000000000000005,40,0,216,8,0,4,0,20,2
v024,e4d4aebe-8349-5613-9bbc-d1c0ddbe191b,1,131,0.0321435,0.022688,16,4,1,0,1,8,0,8.746398334109042,0.01031575478175576,48,0,208,8,0,4,0,20,2,0.01890488888888889,48,0,208,8,0,4,0,20,2,0.00668288,40,0,216,8,0,4,0,20,2,0.0068,40,0,216,8,0,4,0,20,2
v024,fbd78167-8dca-5fc3-9793-3e5867bde298,8,128,0.064496,0.1654085,16,4,1,0,1,8,0,10.802672816507345,0.05336895340853359,48,0,208,8,0,4,0,20,2,0.12050844444444445,48,0,208,8,0,4,0,20,2,0.024971519999999997,40,0,216,8,0,4,0,20,2,0.016582911999999998,40,0,216,8,0,4,0,20,2
v025,0648abad-cca5-589b-afce-ee461e799da3,4,1024,1.281989,0.797651,2,1,2,1,1,1,0,12.188967177627235,2.186533333333333,36,0,144,4,0,2,0,10,2,1.6634760563380282,36,0,144,4,0,2,0,10,2,1.938290909090909,39,0,136,4,0,2,0,10,2,1.8618054054054054,39,0,136,4,0,2,0,10,2
v025,0f5618d6-7901-570c-8f57-273588f40be1,8,773,1.9358075,1.1872034999999999,2,1,2,1,1,1,0,12.600921601175148,3.300133333333333,36,0,144,4,0,2,0,10,2,2.510439436619718,36,0,144,4,0,2,0,10,2,2.9253454545454542,39,0,136,4,0,2,0,10,2,2.8098702702702703,39,0,136,4,0,2,0,10,2
v025,13ac723d-96d9-5dc3-8ff6-64cca40fee1a,4,256,0.3257735,0.224529,2,1,2,1,1,1,0,10.802672816507345,0.5481333333333334,36,0,144,4,0,2,0,10,2,0.417369014084507,36,0,144,4,0,2,0,10,2,0.48607272727272727,39,0,136,4,0,2,0,10,2,0.46695135135135135,39,0,136,4,0,2,0,10,2
v025,277f8cdf-20d1-5ab2-915d-1a7ecebfed13,8,256,0.6449864999999999,0.417474,2,1,2,1,1,1,0,11.49581999706729,1.0942666666666667,36,0,144,4,0,2,0,10,2,0.8327380281690141,36,0,144,4,0,2,0,10,2,0.9701454545454546,39,0,136,4,0,2,0,10,2,0.9319027027027027,39,0,136,4,0,2,0,10,2
v025,3565f3a6-e573-5729-bb6a-4b19537e0a85,1,256,0.084719,0.068064,2,1,2,1,1,1,0,9.416378455387454,0.13853333333333334,36,0,144,4,0,2,0,10,2,0.10584225352112675,36,0,144,4,0,2,0,10,2,0.12301818181818182,39,0,136,4,0,2,0,10,2,0.11823783783783783,39,0,136,4,0,2,0,10,2
v025,388488d1-b780-5422-8839-375f4ae380a4,2,293,0.19035,0.1416005,2,1,2,1,1,1,0,10.244520800484903,0.31453333333333333,36,0,144,4,0,2,0,10,2,0.2397014084507042,36,0,144,4,0,2,0,10,2,0.27901818181818183,39,0,136,4,0,2,0,10,2,0.2680756756756757,39,0,136,4,0,2,0,10,2
v025,3d08c934-3de5-5df5-9704-a82963af6eea,1,1024,0.330701,0.225201,2,1,2,1,1,1,0,10.802672816507345,0.5481333333333334,36,0,144,4,0,2,0,10,2,0.417369014084507,36,0,144,4,0,2,0,10,2,0.48607272727272727,39,0,136,4,0,2,0,10,2,0.46695135135135135,39,0,136,4,0,2,0,10,2
v025,473ba98e-bdcb-579c-9c4d-e5de6e3f4a63,1,8192,2.6158505,1.5924215,2,1,2,1,1,1,0,12.882114358187179,4.371066666666667,36,0,144,4,0,2,0,10,2,3.3249521126760557,36,0,144,4,0,2,0,10,2,3.874581818181818,39,0,136,4,0,2,0,10,2,3.7216108108108106,39,0,136,4,0,2,0,10,2
v025,62bb15e8-367e-5ab8-91e2-af3616abece3,4,1657,2.0955825,1.294532,2,1,2,1,1,1,0,12.670259389454344,3.5369333333333333,36,0,144,4,0,2,0,10,2,2.690540845070422,36,0,144,4,0,2,0,10,2,3.1352363636363636,39,0,136,4,0,2,0,10,2,3.0114702702702703,39,0,136,4,0,2,0,10,2
v025,93b2fe42-1327-5140-8826-c6593f301069,4,512,0.6580585,0.421825,2,1,2,1,1,1,0,11.49581999706729,1.0942666666666667,36,0,144,4,0,2,0,10,2,0.8327380281690141,36,0,144,4,0,2,0,10,2,0.9701454545454546,39,0,136,4,0,2,0,10,2,0.9319027027027027,39,0,136,4,0,2,0,10,2
v025,c47946fe-4f9b-507c-a425-760d50ee0ac9,2,128,0.091695,0.068,2,1,2,1,1,1,0,9.416378455387454,0.13853333333333334,36,0,144,4,0,2,0,10,2,0.10584225352112675,36,0,144,4,0,2,0,10,2,0.12301818181818182,39,0,136,4,0,2,0,10,2,0.11823783783783783,39,0,136,4,0,2,0,10,2
v025,ce51aff5-8ef2-5730-9de1-f1527d8edb19,32,128,1.2831405,0.799427,2,1,2,1,1,1,0,12.188967177627235,2.186533333333333,36,0,144,4,0,2,0,10,2,1.6634760563380282,36,0,144,4,0,2,0,10,2,1.938290909090909,39,0,136,4,0,2,0,10,2,1.8618054054054054,39,0,136,4,0,2,0,10,2
v025,d6f8d507-17f7-5ead-9522-09c7ecbf1207,16,256,1.2817175,0.7983545,2,1,2,1,1,1,0,12.188967177627235,2.186533333333333,36,0,144,4,0,2,0,10,2,1.6634760563380282,36,0,144,4,0,2,0,10,2,1.938290909090909,39,0,136,4,0,2,0,10,2,1.8618054054054054,39,0,136,4,0,2,0,10,2
v025,dcdec775-21aa-58cb-9fd9-322376d59814,1,128,0.044287999999999994,0.035823999999999995,2,1,2,1,1,1,0,8.723231274827508,0.07026666666666666,36,0,144,4,0,2,0,10,2,0.053921126760563376,36,0,144,4,0,2,0,10,2,0.0625090909090909,39,0,136,4,0,2,0,10,2,0.06011891891891892,39,0,136,4,0,2,0,10,2
v025,e4d4aebe-8349-5613-9bbc-d1c0ddbe191b,1,131,0.045216,0.036832,2,1,2,1,1,1,0,8.746398334109042,0.07186666666666666,36,0,144,4,0,2,0,10,2,0.055138028169014086,36,0,144,4,0,2,0,10,2,0.06392727272727272,39,0,136,4,0,2,0,10,2,0.06148108108108107,39,0,136,4,0,2,0,10,2
v025,fbd78167-8dca-5fc3-9793-3e5867bde298,8,128,0.32586899999999996,0.224689,2,1,2,1,1,1,0,10.802672816507345,0.5481333333333334,36,0,144,4,0,2,0,10,2,0.417369014084507,36,0,144,4,0,2,0,10,2,0.48607272727272727,39,0,136,4,0,2,0,10,2,0.46695135135135135,39,0,136,4,0,2,0,10,2
v026,0648abad-cca5-589b-afce-ee461e799da3,4,1024,0.6315595,0.67909,4,2,2,0,1,2,1,12.188967177627235,0.5501333333333334,32,0,144,4,0,2,0,10,2,0.4700337777777778,36,0,144,4,0,2,0,10,2,0.48807272727272727,32,0,144,4,0,2,0,10,2,0.46895135135135135,32,0,144,4,0,2,0,10,2
v026,0f5618d6-7901-570c-8f57-273588f40be1,8,773,0.951256,1.0137800000000001,4,2,2,0,1,2,1,12.600921601175148,0.8285333333333332,32,0,144,4,0,2,0,10,2,0.7076017777777778,36,0,144,4,0,2,0,10,2,0.7348363636363636,32,0,144,4,0,2,0,10,2,0.7059675675675675,32,0,144,4,0,2,0,10,2
v026,13ac723d-96d9-5dc3-8ff6-64cca40fee1a,4,256,0.163454,0.16956900000000003,4,2,2,0,1,2,1,10.802672816507345,0.14053333333333332,32,0,144,4,0,2,0,10,2,0.12050844444444445,36,0,144,4,0,2,0,10,2,0.1250181818181818,32,0,144,4,0,2,0,10,2,0.12023783783783784,32,0,144,4,0,2,0,10,2
v026,277f8cdf-20d1-5ab2-915d-1a7ecebfed13,8,256,0.319214,0.339314,4,2,2,0,1,2,1,11.49581999706729,0.2770666666666667,32,0,144,4,0,2,0,10,2,0.23701688888888886,36,0,144,4,0,2,0,10,2,0.24603636363636364,32,0,144,4,0,2,0,10,2,0.23647567567567565,32,0,144,4,0,2,0,10,2
v026,3565f3a6-e573-5729-bb6a-4b19537e0a85,1,256,0.050607,0.049584,4,2,2,0,1,2,1,9.416378455387454,0.03813333333333334,32,0,144,4,0,2,0,10,2,0.033127111111111114,36,0,144,4,0,2,0,10,2,0.034254545454545454,32,0,144,4,0,2,0,10,2,0.03305945945945946,32,0,144,4,0,2,0,10,2
v026,388488d1-b780-5422-8839-375f4ae380a4,2,293,0.0968315,0.1000325,4,2,2,0,1,2,1,10.244520800484903,0.08213333333333334,32,0,144,4,0,2,0,10,2,0.07067377777777778,36,0,144,4,0,2,0,10,2,0.07325454545454546,32,0,144,4,0,2,0,10,2,0.07051891891891893,32,0,144,4,0,2,0,10,2
v026,3d08c934-3de5-5df5-9704-a82963af6eea,1,1024,0.163055,0.1673925,4,2,2,0,1,2,1,10.802672816507345,0.14053333333333332,32,0,144,4,0,2,0,10,2,0.12050844444444445,36,0,144,4,0,2,0,10,2,0.1250181818181818,32,0,144,4,0,2,0,10,2,0.12023783783783784,32,0,144,4,0,2,0,10,2
v026,473ba98e-bdcb-579c-9c4d-e5de6e3f4a63,1,8192,1.260213,1.3349644999999999,4,2,2,0,1,2,1,12.882114358187179,1.0962666666666667,32,0,144,4,0,2,0,10,2,0.9360675555555555,36,0,144,4,0,2,0,10,2,0.9721454545454545,32,0,144,4,0,2,0,10,2,0.9339027027027027,32,0,144,4,0,2,0,10,2
v026,62bb15e8-367e-5ab8-91e2-af3616abece3,4,1657,1.019591,1.0870275,4,2,2,0,1,2,1,12.670259389454344,0.8877333333333333,32,0,144,4,0,2,0,10,2,0.7581191111111111,36,0,144,4,0,2,0,10,2,0.787309090909091,32,0,144,4,0,2,0,10,2,0.7563675675675676,32,0,144,4,0,2,0,10,2
v026,93b2fe42-1327-5140-8826-c6593f301069,4,512,0.3197415,0.34107299999999996,4,2,2,0,1,2,1,11.49581999706729,0.2770666666666667,32,0,144,4,0,2,0,10,2,0.23701688888888886,36,0,144,4,0,2,0,10,2,0.24603636363636364,32,0,144,4,0,2,0,10,2,0.23647567567567565,32,0,144,4,0,2,0,10,2
v026,c47946fe-4f9b-507c-a425-760d50ee0ac9,2,128,0.052896,0.047392000000000004,4,2,2,0,1,2,1,9.416378455387454,0.03813333333333334,32,0,144,4,0,2,0,10,2,0.033127111111111114,36,0,144,4,0,2,0,10,2,0.034254545454545454,32,0,144,4,0,2,0,10,2,0.03305945945945946,32,0,144,4,0,2,0,10,2
v026,ce51aff5-8ef2-5730-9de1-f1527d8edb19,32,128,0.6304259999999999,0.6748025,4,2,2,0,1,2,1,12.188967177627235,0.5501333333333334,32,0,144,4,0,2,0,10,2,0.4700337777777778,36,0,144,4,0,2,0,10,2,0.48807272727272727,32,0,144,4,0,2,0,10,2,0.46895135135135135,32,0,144,4,0,2,0,10,2
v026,d6f8d507-17f7-5ead-9522-09c7ecbf1207,16,256,0.6307785,0.6778905,4,2,2,0,1,2,1,12.188967177627235,0.5501333333333334,32,0,144,4,0,2,0,10,2,0.4700337777777778,36,0,144,4,0,2,0,10,2,0.48807272727272727,32,0,144,4,0,2,0,10,2,0.46895135135135135,32,0,144,4,0,2,0,10,2
v026,dcdec775-21aa-58cb-9fd9-322376d59814,1,128,0.040495500000000004,0.025472500000000002,4,2,2,0,1,2,1,8.723231274827508,0.021066666666666668,32,0,144,4,0,2,0,10,2,0.018563555555555555,36,0,144,4,0,2,0,10,2,0.019127272727272725,32,0,144,4,0,2,0,10,2,0.01852972972972973,32,0,144,4,0,2,0,10,2
v026,e4d4aebe-8349-5613-9bbc-d1c0ddbe191b,1,131,0.040752,0.027504,4,2,2,0,1,2,1,8.746398334109042,0.021466666666666665,32,0,144,4,0,2,0,10,2,0.01890488888888889,36,0,144,4,0,2,0,10,2,0.01948181818181818,32,0,144,4,0,2,0,10,2,0.01887027027027027,32,0,144,4,0,2,0,10,2
v026,fbd78167-8dca-5fc3-9793-3e5867bde298,8,128,0.1633425,0.1654085,4,2,2,0,1,2,1,10.802672816507345,0.14053333333333332,32,0,144,4,0,2,0,10,2,0.12050844444444445,36,0,144,4,0,2,0,10,2,0.1250181818181818,32,0,144,4,0,2,0,10,2,0.12023783783783784,32,0,144,4,0,2,0,10,2
v027,0648abad-cca5-589b-afce-ee461e799da3,4,1024,0.4554815,0.678242,1,4,4,1,1,8,0,12.188967177627235,0.5481333333333334,21,0,96,0,2,0,1,7,2,0.46803377777777777,21,0,96,0,2,0,1,7,2,0.48607272727272727,24,0,104,0,2,0,1,7,2,0.46695135135135135,24,0,104,0,2,0,1,7,2
v027,0f5618d6-7901-570c-8f57-273588f40be1,8,773,0.6851805,1.021363,1,4,4,1,1,8,0,12.600921601175148,0.8265333333333333,21,0,96,0,2,0,1,7,2,0.7056017777777779,21,0,96,0,2,0,1,7,2,0.7328363636363637,24,0,104,0,2,0,1,7,2,0.7039675675675676,24,0,104,0,2,0,1,7,2
v027,13ac723d-96d9-5dc3-8ff6-64cca40fee1a,4,256,0.1174715,0.1851685,1,4,4,1,1,8,0,10.802672816507345,0.13853333333333334,21,0,96,0,2,0,1,7,2,0.11850844444444443,21,0,96,0,2,0,1,7,2,0.12301818181818182,24,0,104,0,2,0,1,7,2,0.11823783783783783,24,0,104,0,2,0,1,7,2
v027,277f8cdf-20d1-5ab2-915d-1a7ecebfed13,8,256,0.22985450000000002,0.35221,1,4,4,1,1,8,0,11.49581999706729,0.2750666666666667,21,0,96,0,2,0,1,7,2,0.2350168888888889,21,0,96,0,2,0,1,7,2,0.24403636363636363,24,0,104,0,2,0,1,7,2,0.23447567567567568,24,0,104,0,2,0,1,7,2
v027,3565f3a6-e573-5729-bb6a-4b19537e0a85,1,256,0.03232,0.052288,1,4,4,1,1,8,0,9.416378455387454,0.03613333333333334,21,0,96,0,2,0,1,7,2,0.031127111111111112,21,0,96,0,2,0,1,7,2,0.03225454545454546,24,0,104,0,2,0,1,7,2,0.03105945945945946,24,0,104,0,2,0,1,7,2
v027,388488d1-b780-5422-8839-375f4ae380a4,2,293,0.069855,0.1074885,1,4,4,1,1,8,0,10.244520800484903,0.08013333333333333,21,0,96,0,2,0,1,7,2,0.06867377777777776,21,0,96,0,2,0,1,7,2,0.07125454545454546,24,0,104,0,2,0,1,7,2,0.06851891891891891,24,0,104,0,2,0,1,7,2
v027,3d08c934-3de5-5df5-9704-a82963af6eea,1,1024,0.117295,0.182049,1,4,4,1,1,8,0,10.802672816507345,0.13853333333333334,21,0,96,0,2,0,1,7,2,0.11850844444444443,21,0,96,0,2,0,1,7,2,0.12301818181818182,24,0,104,0,2,0,1,7,2,0.11823783783783783,24,0,104,0,2,0,1,7,2
v027,473ba98e-bdcb-579c-9c4d-e5de6e3f4a63,1,8192,0.9046325,1.3396845,1,4,4,1,1,8,0,12.882114358187179,1.0942666666666667,21,0,96,0,2,0,1,7,2,0.9340675555555555,21,0,96,0,2,0,1,7,2,0.9701454545454546,24,0,104,0,2,0,1,7,2,0.9319027027027027,24,0,104,0,2,0,1,7,2
v027,62bb15e8-367e-5ab8-91e2-af3616abece3,4,1657,0.785721,1.088404,1,4,4,1,1,8,0,12.670259389454344,0.8857333333333334,21,0,96,0,2,0,1,7,2,0.7561191111111112,21,0,96,0,2,0,1,7,2,0.785309090909091,24,0,104,0,2,0,1,7,2,0.7543675675675676,24,0,104,0,2,0,1,7,2
v027,93b2fe42-1327-5140-8826-c6593f301069,4,512,0.230013,0.352193,1,4,4,1,1,8,0,11.49581999706729,0.2750666666666667,21,0,96,0,2,0,1,7,2,0.2350168888888889,21,0,96,0,2,0,1,7,2,0.24403636363636363,24,0,104,0,2,0,1,7,2,0.23447567567567568,24,0,104,0,2,0,1,7,2
v027,c47946fe-4f9b-507c-a425-760d50ee0ac9,2,128,0.0347515,0.0492485,1,4,4,1,1,8,0,9.416378455387454,0.03613333333333334,21,0,96,0,2,0,1,7,2,0.031127111111111112,21,0,96,0,2,0,1,7,2,0.03225454545454546,24,0,104,0,2,0,1,7,2,0.03105945945945946,24,0,104,0,2,0,1,7,2
v027,ce51aff5-8ef2-5730-9de1-f1527d8edb19,32,128,0.455948,0.6820660000000001,1,4,4,1,1,8,0,12.188967177627235,0.5481333333333334,21,0,96,0,2,0,1,7,2,0.46803377777777777,21,0,96,0,2,0,1,7,2,0.48607272727272727,24,0,104,0,2,0,1,7,2,0.46695135135135135,24,0,104,0,2,0,1,7,2
v027,d6f8d507-17f7-5ead-9522-09c7ecbf1207,16,256,0.4561725,0.6837945000000001,1,4,4,1,1,8,0,12.188967177627235,0.5481333333333334,21,0,96,0,2,0,1,7,2,0.46803377777777777,21,0,96,0,2,0,1,7,2,0.48607272727272727,24,0,104,0,2,0,1,7,2,0.46695135135135135,24,0,104,0,2,0,1,7,2
v027,dcdec775-21aa-58cb-9fd9-322376d59814,1,128,0.017711499999999998,0.0271525,1,4,4,1,1,8,0,8.723231274827508,0.01906666666666667,21,0,96,0,2,0,1,7,2,0.016563555555555557,21,0,96,0,2,0,1,7,2,0.017127272727272727,24,0,104,0,2,0,1,7,2,0.01652972972972973,24,0,104,0,2,0,1,7,2
v027,e4d4aebe-8349-5613-9bbc-d1c0ddbe191b,1,131,0.01792,0.029248000000000003,1,4,4,1,1,8,0,8.746398334109042,0.019466666666666667,21,0,96,0,2,0,1,7,2,0.01690488888888889,21,0,96,0,2,0,1,7,2,0.01748181818181818,24,0,104,0,2,0,1,7,2,0.01687027027027027,24,0,104,0,2,0,1,7,2
v027,fbd78167-8dca-5fc3-9793-3e5867bde298,8,128,0.117231,0.181841,1,4,4,1,1,8,0,10.802672816507345,0.13853333333333334,21,0,96,0,2,0,1,7,2,0.11850844444444443,21,0,96,0,2,0,1,7,2,0.12301818181818182,24,0,104,0,2,0,1,7,2,0.11823783783783783,24,0,104,0,2,0,1,7,2
v028,0648abad-cca5-589b-afce-ee461e799da3,4,1024,0.24955,0.663378,32,2,4,1,1,8,0,12.188967177627235,0.19947581363413436,128,0,776,32,0,16,0,80,2,0.46803377777777777,128,0,776,32,0,16,0,80,2,0.08588607999999999,128,0,768,32,0,16,0,80,2,0.052331648,149,0,760,32,0,16,0,80,2
v028,0f5618d6-7901-570c-8f57-273588f40be1,8,773,0.371948,0.9997475,32,2,4,1,1,8,0,12.600921601175148,0.30014219519372237,128,0,776,32,0,16,0,80,2,0.7056017777777779,128,0,776,32,0,16,0,80,2,0.12864832,128,0,768,32,0,16,0,80,2,0.077988992,149,0,760,32,0,16,0,80,2
v028,13ac723d-96d9-5dc3-8ff6-64cca40fee1a,4,256,0.061792,0.1688325,32,2,4,1,1,8,0,10.802672816507345,0.05136895340853359,128,0,776,32,0,16,0,80,2,0.11850844444444443,128,0,776,32,0,16,0,80,2,0.02297152,128,0,768,32,0,16,0,80,2,0.014582912,149,0,760,32,0,16,0,80,2
v028,277f8cdf-20d1-5ab2-915d-1a7ecebfed13,8,256,0.1223825,0.336145,32,2,4,1,1,8,0,11.49581999706729,0.10073790681706718,128,0,776,32,0,16,0,80,2,0.2350168888888889,128,0,776,32,0,16,0,80,2,0.043943039999999996,128,0,768,32,0,16,0,80,2,0.027165824,149,0,760,32,0,16,0,80,2
v028,3565f3a6-e573-5729-bb6a-4b19537e0a85,1,256,0.017184,0.0399845,32,2,4,1,1,8,0,9.416378455387454,0.014342238352133397,128,0,776,32,0,16,0,80,2,0.031127111111111112,128,0,776,32,0,16,0,80,2,0.00724288,128,0,768,32,0,16,0,80,2,0.0051457280000000005,149,0,760,32,0,16,0,80,2
v028,388488d1-b780-5422-8839-375f4ae380a4,2,293,0.037216,0.098208,32,2,4,1,1,8,0,10.244520800484903,0.030252154977930358,128,0,776,32,0,16,0,80,2,0.06867377777777776,128,0,776,32,0,16,0,80,2,0.01400128,128,0,768,32,0,16,0,80,2,0.009200768,149,0,760,32,0,16,0,80,2
v028,3d08c934-3de5-5df5-9704-a82963af6eea,1,1024,0.0616475,0.171585,32,2,4,1,1,8,0,10.802672816507345,0.05136895340853359,128,0,776,32,0,16,0,80,2,0.11850844444444443,128,0,776,32,0,16,0,80,2,0.02297152,128,0,768,32,0,16,0,80,2,0.014582912,149,0,760,32,0,16,0,80,2
v028,473ba98e-bdcb-579c-9c4d-e5de6e3f4a63,1,8192,0.488588,1.3124850000000001,32,2,4,1,1,8,0,12.882114358187179,0.3969516272682687,128,0,776,32,0,16,0,80,2,0.9340675555555555,128,0,776,32,0,16,0,80,2,0.16977215999999998,128,0,768,32,0,16,0,80,2,0.102663296,149,0,760,32,0,16,0,80,2
v028,62bb15e8-367e-5ab8-91e2-af3616abece3,4,1657,0.397452,1.065812,32,2,4,1,1,8,0,12.670259389454344,0.32154826483570376,128,0,776,32,0,16,0,80,2,0.7561191111111112,128,0,776,32,0,16,0,80,2,0.13774144,128,0,768,32,0,16,0,80,2,0.083444864,149,0,760,32,0,16,0,80,2
v028,93b2fe42-1327-5140-8826-c6593f301069,4,512,0.12292700000000001,0.33625700000000003,32,2,4,1,1,8,0,11.49581999706729,0.10073790681706718,128,0,776,32,0,16,0,80,2,0.2350168888888889,128,0,776,32,0,16,0,80,2,0.043943039999999996,128,0,768,32,0,16,0,80,2,0.027165824,149,0,760,32,0,16,0,80,2
v028,c47946fe-4f9b-507c-a425-760d50ee0ac9,2,128,0.017951500000000002,0.039872,32,2,4,1,1,8,0,9.416378455387454,0.014342238352133397,128,0,776,32,0,16,0,80,2,0.031127111111111112,128,0,776,32,0,16,0,80,2,0.00724288,128,0,768,32,0,16,0,80,2,0.0051457280000000005,149,0,760,32,0,16,0,80,2
v028,ce51aff5-8ef2-5730-9de1-f1527d8edb19,32,128,0.24803,0.6635705000000001,32,2,4,1,1,8,0,12.188967177627235,0.19947581363413436,128,0,776,32,0,16,0,80,2,0.46803377777777777,128,0,776,32,0,16,0,80,2,0.08588607999999999,128,0,768,32,0,16,0,80,2,0.052331648,149,0,760,32,0,16,0,80,2
v028,d6f8d507-17f7-5ead-9522-09c7ecbf1207,16,256,0.249598,0.6587535,32,2,4,1,1,8,0,12.188967177627235,0.19947581363413436,128,0,776,32,0,16,0,80,2,0.46803377777777777,128,0,776,32,0,16,0,80,2,0.08588607999999999,128,0,768,32,0,16,0,80,2,0.052331648,149,0,760,32,0,16,0,80,2
v028,dcdec775-21aa-58cb-9fd9-322376d59814,1,128,0.010287999999999999,0.018832,32,2,4,1,1,8,0,8.723231274827508,0.008171119176066699,128,0,776,32,0,16,0,80,2,0.016563555555555557,128,0,776,32,0,16,0,80,2,0.00462144,128,0,768,32,0,16,0,80,2,0.003572864,149,0,760,32,0,16,0,80,2
v028,e4d4aebe-8349-5613-9bbc-d1c0ddbe191b,1,131,0.010496,0.024079999999999997,32,2,4,1,1,8,0,8.746398334109042,0.008315754781755762,128,0,776,32,0,16,0,80,2,0.01690488888888889,128,0,776,32,0,16,0,80,2,0.00468288,128,0,768,32,0,16,0,80,2,0.003609728,149,0,760,32,0,16,0,80,2
v028,fbd78167-8dca-5fc3-9793-3e5867bde298,8,128,0.061023,0.168593,32,2,4,1,1,8,0,10.802672816507345,0.05136895340853359,128,0,776,32,0,16,0,80,2,0.11850844444444443,128,0,776,32,0,16,0,80,2,0.02297152,128,0,768,32,0,16,0,80,2,0.014582912,149,0,760,32,0,16,0,80,2
v029,0648abad-cca5-589b-afce-ee461e799da3,4,1024,1.5220829999999999,0.8282585,1,4,1,1,1,2,1,12.188967177627235,2.186533333333333,21,0,104,0,2,0,1,7,2,1.6634760563380282,22,0,104,0,2,0,1,7,2,1.938290909090909,24,0,112,0,2,0,1,7,2,1.8618054054054054,24,0,112,0,2,0,1,7,2
v029,0f5618d6-7901-570c-8f57-273588f40be1,8,773,2.2971645,1.2373805,1,4,1,1,1,2,1,12.600921601175148,3.300133333333333,21,0,104,0,2,0,1,7,2,2.510439436619718,22,0,104,0,2,0,1,7,2,2.9253454545454542,24,0,112,0,2,0,1,7,2,2.8098702702702703,24,0,112,0,2,0,1,7,2
v029,13ac723d-96d9-5dc3-8ff6-64cca40fee1a,4,256,0.3855805,0.229521,1,4,1,1,1,2,1,10.802672816507345,0.5481333333333334,21,0,104,0,2,0,1,7,2,0.417369014084507,22,0,104,0,2,0,1,7,2,0.48607272727272727,24,0,112,0,2,0,1,7,2,0.46695135135135135,24,0,112,0,2,0,1,7,2
v029,277f8cdf-20d1-5ab2-915d-1a7ecebfed13,8,256,0.765033,0.430386,1,4,1,1,1,2,1,11.49581999706729,1.0942666666666667,21,0,104,0,2,0,1,7,2,0.8327380281690141,22,0,104,0,2,0,1,7,2,0.9701454545454546,24,0,112,0,2,0,1,7,2,0.9319027027027027,24,0,112,0,2,0,1,7,2
v029,3565f3a6-e573-5729-bb6a-4b19537e0a85,1,256,0.100463,0.069952,1,4,1,1,1,2,1,9.416378455387454,0.13853333333333334,21,0,104,0,2,0,1,7,2,0.10584225352112675,22,0,104,0,2,0,1,7,2,0.12301818181818182,24,0,112,0,2,0,1,7,2,0.11823783783783783,24,0,112,0,2,0,1,7,2
v029,388488d1-b780-5422-8839-375f4ae380a4,2,293,0.223806,0.14582499999999998,1,4,1,1,1,2,1,10.244520800484903,0.31453333333333333,21,0,104,0,2,0,1,7,2,0.2397014084507042,22,0,104,0,2,0,1,7,2,0.27901818181818183,24,0,112,0,2,0,1,7,2,0.2680756756756757,24,0,112,0,2,0,1,7,2
v029,3d08c934-3de5-5df5-9704-a82963af6eea,1,1024,0.3852605,0.2306245,1,4,1,1,1,2,1,10.802672816507345,0.5481333333333334,21,0,104,0,2,0,1,7,2,0.417369014084507,22,0,104,0,2,0,1,7,2,0.48607272727272727,24,0,112,0,2,0,1,7,2,0.46695135135135135,24,0,112,0,2,0,1,7,2
v029,473ba98e-bdcb-579c-9c4d-e5de6e3f4a63,1,8192,3.037974,1.629029,1,4,1,1,1,2,1,12.882114358187179,4.371066666666667,21,0,104,0,2,0,1,7,2,3.3249521126760557,22,0,104,0,2,0,1,7,2,3.874581818181818,24,0,112,0,2,0,1,7,2,3.7216108108108106,24,0,112,0,2,0,1,7,2
v029,62bb15e8-367e-5ab8-91e2-af3616abece3,4,1657,2.547451,1.324725,1,4,1,1,1,2,1,12.670259389454344,3.5369333333333333,21,0,104,0,2,0,1,7,2,2.690540845070422,22,0,104,0,2,0,1,7,2,3.1352363636363636,24,0,112,0,2,0,1,7,2,3.0114702702702703,24,0,112,0,2,0,1,7,2
v029,93b2fe42-1327-5140-8826-c6593f301069,4,512,0.7639935,0.431105,1,4,1,1,1,2,1,11.49581999706729,1.0942666666666667,21,0,104,0,2,0,1,7,2,0.8327380281690141,22,0,104,0,2,0,1,7,2,0.9701454545454546,24,0,112,0,2,0,1,7,2,0.9319027027027027,24,0,112,0,2,0,1,7,2
v029,c47946fe-4f9b-507c-a425-760d50ee0ac9,2,128,0.108703,0.0696,1,4,1,1,1,2,1,9.416378455387454,0.13853333333333334,21,0,104,0,2,0,1,7,2,0.10584225352112675,22,0,104,0,2,0,1,7,2,0.12301818181818182,24,0,112,0,2,0,1,7,2,0.11823783783783783,24,0,112,0,2,0,1,7,2
v029,ce51aff5-8ef2-5730-9de1-f1527d8edb19,32,128,1.522659,0.828755,1,4,1,1,1,2,1,12.188967177627235,2.186533333333333,21,0,104,0,2,0,1,7,2,1.6634760563380282,22,0,104,0,2,0,1,7,2,1.938290909090909,24,0,112,0,2,0,1,7,2,1.8618054054054054,24,0,112,0,2,0,1,7,2
v029,d6f8d507-17f7-5ead-9522-09c7ecbf1207,16,256,1.524389,0.830195,1,4,1,1,1,2,1,12.188967177627235,2.186533333333333,21,0,104,0,2,0,1,7,2,1.6634760563380282,22,0,104,0,2,0,1,7,2,1.938290909090909,24,0,112,0,2,0,1,7,2,1.8618054054054054,24,0,112,0,2,0,1,7,2
v029,dcdec775-21aa-58cb-9fd9-322376d59814,1,128,0.0521755,0.036592,1,4,1,1,1,2,1,8.723231274827508,0.07026666666666666,21,0,104,0,2,0,1,7,2,0.053921126760563376,22,0,104,0,2,0,1,7,2,0.0625090909090909,24,0,112,0,2,0,1,7,2,0.06011891891891892,24,0,112,0,2,0,1,7,2
v029,e4d4aebe-8349-5613-9bbc-d1c0ddbe191b,1,131,0.0537435,0.03752,1,4,1,1,1,2,1,8.746398334109042,0.07186666666666666,21,0,104,0,2,0,1,7,2,0.055138028169014086,22,0,104,0,2,0,1,7,2,0.06392727272727272,24,0,112,0,2,0,1,7,2,0.06148108108108107,24,0,112,0,2,0,1,7,2
v029,fbd78167-8dca-5fc3-9793-3e5867bde298,8,128,0.385133,0.231089,1,4,1,1,1,2,1,10.802672816507345,0.5481333333333334,21,0,104,0,2,0,1,7,2,0.417369014084507,22,0,104,0,2,0,1,7,2,0.48607272727272727,24,0,112,0,2,0,1,7,2,0.46695135135135135,24,0,112,0,2,0,1,7,2
v030,0648abad-cca5-589b-afce-ee461e799da3,4,1024,0.27054199999999995,0.648546,32,1,3,0,1,4,0,12.188967177627235,0.20147581363413436,255,0,1384,64,0,32,0,160,2,0.4700337777777778,168,0,1424,64,0,32,0,160,2,0.08788607999999999,168,0,1416,64,0,32,0,160,2,0.054331648,168,0,1440,64,0,32,0,160,2
v030,0f5618d6-7901-570c-8f57-273588f40be1,8,773,0.397372,0.9675715,32,1,3,0,1,4,0,12.600921601175148,0.3021421951937224,255,0,1384,64,0,32,0,160,2,0.7076017777777778,168,0,1424,64,0,32,0,160,2,0.13064831999999998,168,0,1416,64,0,32,0,160,2,0.079988992,168,0,1440,64,0,32,0,160,2
v030,13ac723d-96d9-5dc3-8ff6-64cca40fee1a,4,256,0.073407,0.16816,32,1,3,0,1,4,0,10.802672816507345,0.05336895340853359,255,0,1384,64,0,32,0,160,2,0.12050844444444445,168,0,1424,64,0,32,0,160,2,0.024971519999999997,168,0,1416,64,0,32,0,160,2,0.016582911999999998,168,0,1440,64,0,32,0,160,2
v030,277f8cdf-20d1-5ab2-915d-1a7ecebfed13,8,256,0.13809500000000002,0.3287215,32,1,3,0,1,4,0,11.49581999706729,0.10273790681706718,255,0,1384,64,0,32,0,160,2,0.23701688888888886,168,0,1424,64,0,32,0,160,2,0.04594304,168,0,1416,64,0,32,0,160,2,0.029165824,168,0,1440,64,0,32,0,160,2
v030,3565f3a6-e573-5729-bb6a-4b19537e0a85,1,256,0.038975,0.039040000000000005,32,1,3,0,1,4,0,9.416378455387454,0.016342238352133397,255,0,1384,64,0,32,0,160,2,0.033127111111111114,168,0,1424,64,0,32,0,160,2,0.00924288,168,0,1416,64,0,32,0,160,2,0.007145728,168,0,1440,64,0,32,0,160,2
v030,388488d1-b780-5422-8839-375f4ae380a4,2,293,0.052431000000000005,0.096288,32,1,3,0,1,4,0,10.244520800484903,0.03225215497793036,255,0,1384,64,0,32,0,160,2,0.07067377777777778,168,0,1424,64,0,32,0,160,2,0.01600128,168,0,1416,64,0,32,0,160,2,0.011200767999999998,168,0,1440,64,0,32,0,160,2
v030,3d08c934-3de5-5df5-9704-a82963af6eea,1,1024,0.0730545,0.1696485,32,1,3,0,1,4,0,10.802672816507345,0.05336895340853359,255,0,1384,64,0,32,0,160,2,0.12050844444444445,168,0,1424,64,0,32,0,160,2,0.024971519999999997,168,0,1416,64,0,32,0,160,2,0.016582911999999998,168,0,1440,64,0,32,0,160,2
v030,473ba98e-bdcb-579c-9c4d-e5de6e3f4a63,1,8192,0.5173235,1.262756,32,1,3,0,1,4,0,12.882114358187179,0.3989516272682687,255,0,1384,64,0,32,0,160,2,0.9360675555555555,168,0,1424,64,0,32,0,160,2,0.17177215999999998,168,0,1416,64,0,32,0,160,2,0.104663296,168,0,1440,64,0,32,0,160,2
v030,62bb15e8-367e-5ab8-91e2-af3616abece3,4,1657,0.424748,1.0296189999999998,32,1,3,0,1,4,0,12.670259389454344,0.32354826483570376,255,0,1384,64,0,32,0,160,2,0.7581191111111111,168,0,1424,64,0,32,0,160,2,0.13974143999999997,168,0,1416,64,0,32,0,160,2,0.08544486400000001,168,0,1440,64,0,32,0,160,2
v030,93b2fe42-1327-5140-8826-c6593f301069,4,512,0.1383025,0.328785,32,1,3,0,1,4,0,11.49581999706729,0.10273790681706718,255,0,1384,64,0,32,0,160,2,0.23701688888888886,168,0,1424,64,0,32,0,160,2,0.04594304,168,0,1416,64,0,32,0,160,2,0.029165824,168,0,1440,64,0,32,0,160,2
v030,c47946fe-4f9b-507c-a425-760d50ee0ac9,2,128,0.039599999999999996,0.0376,32,1,3,0,1,4,0,9.416378455387454,0.016342238352133397,255,0,1384,64,0,32,0,160,2,0.033127111111111114,168,0,1424,64,0,32,0,160,2,0.00924288,168,0,1416,64,0,32,0,160,2,0.007145728,168,0,1440,64,0,32,0,160,2
v030,ce51aff5-8ef2-5730-9de1-f1527d8edb19,32,128,0.2704455,0.6445465,32,1,3,0,1,4,0,12.188967177627235,0.20147581363413436,255,0,1384,64,0,32,0,160,2,0.4700337777777778,168,0,1424,64,0,32,0,160,2,0.08788607999999999,168,0,1416,64,0,32,0,160,2,0.054331648,168,0,1440,64,0,32,0,160,2
v030,d6f8d507-17f7-5ead-9522-09c7ecbf1207,16,256,0.2691015,0.6469784999999999,32,1,3,0,1,4,0,12.188967177627235,0.20147581363413436,255,0,1384,64,0,32,0,160,2,0.4700337777777778,168,0,1424,64,0,32,0,160,2,0.08788607999999999,168,0,1416,64,0,32,0,160,2,0.054331648,168,0,1440,64,0,32,0,160,2
v030,dcdec775-21aa-58cb-9fd9-322376d59814,1,128,0.034976,0.025632000000000002,32,1,3,0,1,4,0,8.723231274827508,0.010171119176066699,255,0,1384,64,0,32,0,160,2,0.018563555555555555,168,0,1424,64,0,32,0,160,2,0.00662144,168,0,1416,64,0,32,0,160,2,0.0068000000000000005,168,0,1440,64,0,32,0,160,2
v030,e4d4aebe-8349-5613-9bbc-d1c0ddbe191b,1,131,0.035231,0.026736000000000003,32,1,3,0,1,4,0,8.746398334109042,0.01031575478175576,255,0,1384,64,0,32,0,160,2,0.01890488888888889,168,0,1424,64,0,32,0,160,2,0.00668288,168,0,1416,64,0,32,0,160,2,0.0067928934010152275,168,0,1440,64,0,32,0,160,2
v030,fbd78167-8dca-5fc3-9793-3e5867bde298,8,128,0.073663,0.16740899999999997,32,1,3,0,1,4,0,10.802672816507345,0.05336895340853359,255,0,1384,64,0,32,0,160,2,0.12050844444444445,168,0,1424,64,0,32,0,160,2,0.024971519999999997,168,0,1416,64,0,32,0,160,2,0.016582911999999998,168,0,1440,64,0,32,0,160,2
v031,0648abad-cca5-589b-afce-ee461e799da3,4,1024,0.373339,0.667458,4,2,4,1,1,4,0,12.188967177627235,0.2750666666666667,32,0,144,4,0,2,0,10,2,0.46803377777777777,38,0,144,4,0,2,0,10,2,0.24403636363636363,32,0,144,4,0,2,0,10,2,0.23447567567567568,32,0,144,4,0,2,0,10,2
v031,0f5618d6-7901-570c-8f57-273588f40be1,8,773,0.557755,1.0049315,4,2,4,1,1,4,0,12.600921601175148,0.4142666666666666,32,0,144,4,0,2,0,10,2,0.7056017777777779,38,0,144,4,0,2,0,10,2,0.3674181818181818,32,0,144,4,0,2,0,10,2,0.35298378378378376,32,0,144,4,0,2,0,10,2
v031,13ac723d-96d9-5dc3-8ff6-64cca40fee1a,4,256,0.09772800000000001,0.18334499999999998,4,2,4,1,1,4,0,10.802672816507345,0.07026666666666666,32,0,144,4,0,2,0,10,2,0.11850844444444443,38,0,144,4,0,2,0,10,2,0.0625090909090909,32,0,144,4,0,2,0,10,2,0.06011891891891892,32,0,144,4,0,2,0,10,2
v031,277f8cdf-20d1-5ab2-915d-1a7ecebfed13,8,256,0.188766,0.34696150000000003,4,2,4,1,1,4,0,11.49581999706729,0.13853333333333334,32,0,144,4,0,2,0,10,2,0.2350168888888889,38,0,144,4,0,2,0,10,2,0.12301818181818182,32,0,144,4,0,2,0,10,2,0.11823783783783783,32,0,144,4,0,2,0,10,2
v031,3565f3a6-e573-5729-bb6a-4b19537e0a85,1,256,0.028687499999999998,0.049984,4,2,4,1,1,4,0,9.416378455387454,0.01906666666666667,32,0,144,4,0,2,0,10,2,0.031127111111111112,38,0,144,4,0,2,0,10,2,0.017127272727272727,32,0,144,4,0,2,0,10,2,0.01652972972972973,32,0,144,4,0,2,0,10,2
v031,388488d1-b780-5422-8839-375f4ae380a4,2,293,0.059119000000000005,0.1051845,4,2,4,1,1,4,0,10.244520800484903,0.04106666666666667,32,0,144,4,0,2,0,10,2,0.06867377777777776,38,0,144,4,0,2,0,10,2,0.03662727272727273,32,0,144,4,0,2,0,10,2,0.035259459459459463,32,0,144,4,0,2,0,10,2
v031,3d08c934-3de5-5df5-9704-a82963af6eea,1,1024,0.0977595,0.18075249999999998,4,2,4,1,1,4,0,10.802672816507345,0.07026666666666666,32,0,144,4,0,2,0,10,2,0.11850844444444443,38,0,144,4,0,2,0,10,2,0.0625090909090909,32,0,144,4,0,2,0,10,2,0.06011891891891892,32,0,144,4,0,2,0,10,2
v031,473ba98e-bdcb-579c-9c4d-e5de6e3f4a63,1,8192,0.73681,1.319269,4,2,4,1,1,4,0,12.882114358187179,0.5481333333333334,32,0,144,4,0,2,0,10,2,0.9340675555555555,38,0,144,4,0,2,0,10,2,0.48607272727272727,32,0,144,4,0,2,0,10,2,0.46695135135135135,32,0,144,4,0,2,0,10,2
v031,62bb15e8-367e-5ab8-91e2-af3616abece3,4,1657,0.634746,1.074964,4,2,4,1,1,4,0,12.670259389454344,0.44386666666666663,32,0,144,4,0,2,0,10,2,0.7561191111111112,38,0,144,4,0,2,0,10,2,0.3936545454545455,32,0,144,4,0,2,0,10,2,0.3781837837837838,32,0,144,4,0,2,0,10,2
v031,93b2fe42-1327-5140-8826-c6593f301069,4,512,0.18971,0.348018,4,2,4,1,1,4,0,11.49581999706729,0.13853333333333334,32,0,144,4,0,2,0,10,2,0.2350168888888889,38,0,144,4,0,2,0,10,2,0.12301818181818182,32,0,144,4,0,2,0,10,2,0.11823783783783783,32,0,144,4,0,2,0,10,2
v031,c47946fe-4f9b-507c-a425-760d50ee0ac9,2,128,0.030832,0.045551999999999995,4,2,4,1,1,4,0,9.416378455387454,0.01906666666666667,32,0,144,4,0,2,0,10,2,0.031127111111111112,38,0,144,4,0,2,0,10,2,0.017127272727272727,32,0,144,4,0,2,0,10,2,0.01652972972972973,32,0,144,4,0,2,0,10,2
v031,ce51aff5-8ef2-5730-9de1-f1527d8edb19,32,128,0.371484,0.672562,4,2,4,1,1,4,0,12.188967177627235,0.2750666666666667,32,0,144,4,0,2,0,10,2,0.46803377777777777,38,0,144,4,0,2,0,10,2,0.24403636363636363,32,0,144,4,0,2,0,10,2,0.23447567567567568,32,0,144,4,0,2,0,10,2
v031,d6f8d507-17f7-5ead-9522-09c7ecbf1207,16,256,0.37278100000000003,0.6684665000000001,4,2,4,1,1,4,0,12.188967177627235,0.2750666666666667,32,0,144,4,0,2,0,10,2,0.46803377777777777,38,0,144,4,0,2,0,10,2,0.24403636363636363,32,0,144,4,0,2,0,10,2,0.23447567567567568,32,0,144,4,0,2,0,10,2
v031,dcdec775-21aa-58cb-9fd9-322376d59814,1,128,0.016672,0.02256,4,2,4,1,1,4,0,8.723231274827508,0.010533333333333334,32,0,144,4,0,2,0,10,2,0.016563555555555557,38,0,144,4,0,2,0,10,2,0.009563636363636363,32,0,144,4,0,2,0,10,2,0.009264864864864865,32,0,144,4,0,2,0,10,2
v031,e4d4aebe-8349-5613-9bbc-d1c0ddbe191b,1,131,0.016896,0.027472,4,2,4,1,1,4,0,8.746398334109042,0.010733333333333333,32,0,144,4,0,2,0,10,2,0.01690488888888889,38,0,144,4,0,2,0,10,2,0.00974090909090909,32,0,144,4,0,2,0,10,2,0.009435135135135135,32,0,144,4,0,2,0,10,2
v031,fbd78167-8dca-5fc3-9793-3e5867bde298,8,128,0.097919,0.1797445,4,2,4,1,1,4,0,10.802672816507345,0.07026666666666666,32,0,144,4,0,2,0,10,2,0.11850844444444443,38,0,144,4,0,2,0,10,2,0.0625090909090909,32,0,144,4,0,2,0,10,2,0.06011891891891892,32,0,144,4,0,2,0,10,2
v032,0648abad-cca5-589b-afce-ee461e799da3,4,1024,0.37166,0.66477,8,4,1,1,1,2,0,12.188967177627235,0.2750666666666667,32,0,144,4,0,2,0,10,2,0.46803377777777777,38,0,144,4,0,2,0,10,2,0.24403636363636363,32,0,144,4,0,2,0,10,2,0.23447567567567568,32,0,144,4,0,2,0,10,2
v032,0f5618d6-7901-570c-8f57-273588f40be1,8,773,0.5562674999999999,1.0080995000000001,8,4,1,1,1,2,0,12.600921601175148,0.4142666666666666,32,0,144,4,0,2,0,10,2,0.7056017777777779,38,0,144,4,0,2,0,10,2,0.3674181818181818,32,0,144,4,0,2,0,10,2,0.35298378378378376,32,0,144,4,0,2,0,10,2
v032,13ac723d-96d9-5dc3-8ff6-64cca40fee1a,4,256,0.097887,0.183089,8,4,1,1,1,2,0,10.802672816507345,0.07026666666666666,32,0,144,4,0,2,0,10,2,0.11850844444444443,38,0,144,4,0,2,0,10,2,0.0625090909090909,32,0,144,4,0,2,0,10,2,0.06011891891891892,32,0,144,4,0,2,0,10,2
v032,277f8cdf-20d1-5ab2-915d-1a7ecebfed13,8,256,0.18867,0.347105,8,4,1,1,1,2,0,11.49581999706729,0.13853333333333334,32,0,144,4,0,2,0,10,2,0.2350168888888889,38,0,144,4,0,2,0,10,2,0.12301818181818182,32,0,144,4,0,2,0,10,2,0.11823783783783783,32,0,144,4,0,2,0,10,2
v032,3565f3a6-e573-5729-bb6a-4b19537e0a85,1,256,0.028527,0.0512805,8,4,1,1,1,2,0,9.416378455387454,0.01906666666666667,32,0,144,4,0,2,0,10,2,0.031127111111111112,38,0,144,4,0,2,0,10,2,0.017127272727272727,32,0,144,4,0,2,0,10,2,0.01652972972972973,32,0,144,4,0,2,0,10,2
v032,388488d1-b780-5422-8839-375f4ae380a4,2,293,0.0586395,0.105681,8,4,1,1,1,2,0,10.244520800484903,0.04106666666666667,32,0,144,4,0,2,0,10,2,0.06867377777777776,38,0,144,4,0,2,0,10,2,0.03662727272727273,32,0,144,4,0,2,0,10,2,0.035259459459459463,32,0,144,4,0,2,0,10,2
v032,3d08c934-3de5-5df5-9704-a82963af6eea,1,1024,0.097775,0.1808805,8,4,1,1,1,2,0,10.802672816507345,0.07026666666666666,32,0,144,4,0,2,0,10,2,0.11850844444444443,38,0,144,4,0,2,0,10,2,0.0625090909090909,32,0,144,4,0,2,0,10,2,0.06011891891891892,32,0,144,4,0,2,0,10,2
v032,473ba98e-bdcb-579c-9c4d-e5de6e3f4a63,1,8192,0.735994,1.321173,8,4,1,1,1,2,0,12.882114358187179,0.5481333333333334,32,0,144,4,0,2,0,10,2,0.9340675555555555,38,0,144,4,0,2,0,10,2,0.48607272727272727,32,0,144,4,0,2,0,10,2,0.46695135135135135,32,0,144,4,0,2,0,10,2
v032,62bb15e8-367e-5ab8-91e2-af3616abece3,4,1657,0.5966355,1.073172,8,4,1,1,1,2,0,12.670259389454344,0.44386666666666663,32,0,144,4,0,2,0,10,2,0.7561191111111112,38,0,144,4,0,2,0,10,2,0.3936545454545455,32,0,144,4,0,2,0,10,2,0.3781837837837838,32,0,144,4,0,2,0,10,2
v032,93b2fe42-1327-5140-8826-c6593f301069,4,512,0.18951849999999998,0.3466895,8,4,1,1,1,2,0,11.49581999706729,0.13853333333333334,32,0,144,4,0,2,0,10,2,0.2350168888888889,38,0,144,4,0,2,0,10,2,0.12301818181818182,32,0,144,4,0,2,0,10,2,0.11823783783783783,32,0,144,4,0,2,0,10,2
v032,c47946fe-4f9b-507c-a425-760d50ee0ac9,2,128,0.030352,0.0450565,8,4,1,1,1,2,0,9.416378455387454,0.01906666666666667,32,0,144,4,0,2,0,10,2,0.031127111111111112,38,0,144,4,0,2,0,10,2,0.017127272727272727,32,0,144,4,0,2,0,10,2,0.01652972972972973,32,0,144,4,0,2,0,10,2
v032,ce51aff5-8ef2-5730-9de1-f1527d8edb19,32,128,0.371149,0.672706,8,4,1,1,1,2,0,12.188967177627235,0.2750666666666667,32,0,144,4,0,2,0,10,2,0.46803377777777777,38,0,144,4,0,2,0,10,2,0.24403636363636363,32,0,144,4,0,2,0,10,2,0.23447567567567568,32,0,144,4,0,2,0,10,2
v032,d6f8d507-17f7-5ead-9522-09c7ecbf1207,16,256,0.371517,0.668098,8,4,1,1,1,2,0,12.188967177627235,0.2750666666666667,32,0,144,4,0,2,0,10,2,0.46803377777777777,38,0,144,4,0,2,0,10,2,0.24403636363636363,32,0,144,4,0,2,0,10,2,0.23447567567567568,32,0,144,4,0,2,0,10,2
v032,dcdec775-21aa-58cb-9fd9-322376d59814,1,128,0.016399999999999998,0.022768,8,4,1,1,1,2,0,8.723231274827508,0.010533333333333334,32,0,144,4,0,2,0,10,2,0.016563555555555557,38,0,144,4,0,2,0,10,2,0.009563636363636363,32,0,144,4,0,2,0,10,2,0.009264864864864865,32,0,144,4,0,2,0,10,2
v032,e4d4aebe-8349-5613-9bbc-d1c0ddbe191b,1,131,0.0166395,0.027808,8,4,1,1,1,2,0,8.746398334109042,0.010733333333333333,32,0,144,4,0,2,0,10,2,0.01690488888888889,38,0,144,4,0,2,0,10,2,0.00974090909090909,32,0,144,4,0,2,0,10,2,0.009435135135135135,32,0,144,4,0,2,0,10,2
v032,fbd78167-8dca-5fc3-9793-3e5867bde298,8,128,0.0981265,0.180449,8,4,1,1,1,2,0,10.802672816507345,0.07026666666666666,32,0,144,4,0,2,0,10,2,0.11850844444444443,38,0,144,4,0,2,0,10,2,0.0625090909090909,32,0,144,4,0,2,0,10,2,0.06011891891891892,32,0,144,4,0,2,0,10,2
v033,0648abad-cca5-589b-afce-ee461e799da3,4,1024,0.260573,0.6503384999999999,16,1,4,0,1,8,0,12.188967177627235,0.20147581363413436,168,0,712,32,0,16,0,80,2,0.4700337777777778,96,0,728,32,0,16,0,80,2,0.08788607999999999,96,0,728,32,0,16,0,80,2,0.054331648,100,0,720,32,0,16,0,80,2
v033,0f5618d6-7901-570c-8f57-273588f40be1,8,773,0.3827965,0.9703710000000001,16,1,4,0,1,8,0,12.600921601175148,0.3021421951937224,168,0,712,32,0,16,0,80,2,0.7076017777777778,96,0,728,32,0,16,0,80,2,0.13064831999999998,96,0,728,32,0,16,0,80,2,0.079988992,100,0,720,32,0,16,0,80,2
v033,13ac723d-96d9-5dc3-8ff6-64cca40fee1a,4,256,0.0670875,0.16886400000000001,16,1,4,0,1,8,0,10.802672816507345,0.05336895340853359,168,0,712,32,0,16,0,80,2,0.12050844444444445,96,0,728,32,0,16,0,80,2,0.024971519999999997,96,0,728,32,0,16,0,80,2,0.016582911999999998,100,0,720,32,0,16,0,80,2
v033,277f8cdf-20d1-5ab2-915d-1a7ecebfed13,8,256,0.1312145,0.331073,16,1,4,0,1,8,0,11.49581999706729,0.10273790681706718,168,0,712,32,0,16,0,80,2,0.23701688888888886,96,0,728,32,0,16,0,80,2,0.04594304,96,0,728,32,0,16,0,80,2,0.029165824,100,0,720,32,0,16,0,80,2
v033,3565f3a6-e573-5729-bb6a-4b19537e0a85,1,256,0.037232,0.037887500000000005,16,1,4,0,1,8,0,9.416378455387454,0.016342238352133397,168,0,712,32,0,16,0,80,2,0.033127111111111114,96,0,728,32,0,16,0,80,2,0.00924288,96,0,728,32,0,16,0,80,2,0.007145728,100,0,720,32,0,16,0,80,2
v033,388488d1-b780-5422-8839-375f4ae380a4,2,293,0.0476955,0.09675249999999999,16,1,4,0,1,8,0,10.244520800484903,0.03225215497793036,168,0,712,32,0,16,0,80,2,0.07067377777777778,96,0,728,32,0,16,0,80,2,0.01600128,96,0,728,32,0,16,0,80,2,0.011200767999999998,100,0,720,32,0,16,0,80,2
v033,3d08c934-3de5-5df5-9704-a82963af6eea,1,1024,0.067008,0.1705285,16,1,4,0,1,8,0,10.802672816507345,0.05336895340853359,168,0,712,32,0,16,0,80,2,0.12050844444444445,96,0,728,32,0,16,0,80,2,0.024971519999999997,96,0,728,32,0,16,0,80,2,0.016582911999999998,100,0,720,32,0,16,0,80,2
v033,473ba98e-bdcb-579c-9c4d-e5de6e3f4a63,1,8192,0.5015959999999999,1.2677645,16,1,4,0,1,8,0,12.882114358187179,0.3989516272682687,168,0,712,32,0,16,0,80,2,0.9360675555555555,96,0,728,32,0,16,0,80,2,0.17177215999999998,96,0,728,32,0,16,0,80,2,0.104663296,100,0,720,32,0,16,0,80,2
v033,62bb15e8-367e-5ab8-91e2-af3616abece3,4,1657,0.4116925,1.0375714999999999,16,1,4,0,1,8,0,12.670259389454344,0.32354826483570376,168,0,712,32,0,16,0,80,2,0.7581191111111111,96,0,728,32,0,16,0,80,2,0.13974143999999997,96,0,728,32,0,16,0,80,2,0.08544486400000001,100,0,720,32,0,16,0,80,2
v033,93b2fe42-1327-5140-8826-c6593f301069,4,512,0.131822,0.331521,16,1,4,0,1,8,0,11.49581999706729,0.10273790681706718,168,0,712,32,0,16,0,80,2,0.23701688888888886,96,0,728,32,0,16,0,80,2,0.04594304,96,0,728,32,0,16,0,80,2,0.029165824,100,0,720,32,0,16,0,80,2
v033,c47946fe-4f9b-507c-a425-760d50ee0ac9,2,128,0.0385435,0.037504499999999996,16,1,4,0,1,8,0,9.416378455387454,0.016342238352133397,168,0,712,32,0,16,0,80,2,0.033127111111111114,96,0,728,32,0,16,0,80,2,0.00924288,96,0,728,32,0,16,0,80,2,0.007145728,100,0,720,32,0,16,0,80,2
v033,ce51aff5-8ef2-5730-9de1-f1527d8edb19,32,128,0.25880000000000003,0.650514,16,1,4,0,1,8,0,12.188967177627235,0.20147581363413436,168,0,712,32,0,16,0,80,2,0.4700337777777778,96,0,728,32,0,16,0,80,2,0.08788607999999999,96,0,728,32,0,16,0,80,2,0.054331648,100,0,720,32,0,16,0,80,2
v033,d6f8d507-17f7-5ead-9522-09c7ecbf1207,16,256,0.25987,0.649602,16,1,4,0,1,8,0,12.188967177627235,0.20147581363413436,168,0,712,32,0,16,0,80,2,0.4700337777777778,96,0,728,32,0,16,0,80,2,0.08788607999999999,96,0,728,32,0,16,0,80,2,0.054331648,100,0,720,32,0,16,0,80,2
v033,dcdec775-21aa-58cb-9fd9-322376d59814,1,128,0.0335675,0.024576,16,1,4,0,1,8,0,8.723231274827508,0.010171119176066699,168,0,712,32,0,16,0,80,2,0.018563555555555555,96,0,728,32,0,16,0,80,2,0.00662144,96,0,728,32,0,16,0,80,2,0.0068000000000000005,100,0,720,32,0,16,0,80,2
v033,e4d4aebe-8349-5613-9bbc-d1c0ddbe191b,1,131,0.034432,0.025376000000000003,16,1,4,0,1,8,0,8.746398334109042,0.01031575478175576,168,0,712,32,0,16,0,80,2,0.01890488888888889,96,0,728,32,0,16,0,80,2,0.00668288,96,0,728,32,0,16,0,80,2,0.0068,100,0,720,32,0,16,0,80,2
v033,fbd78167-8dca-5fc3-9793-3e5867bde298,8,128,0.06716749999999999,0.1680165,16,1,4,0,1,8,0,10.802672816507345,0.05336895340853359,168,0,712,32,0,16,0,80,2,0.12050844444444445,96,0,728,32,0,16,0,80,2,0.024971519999999997,96,0,728,32,0,16,0,80,2,0.016582911999999998,100,0,720,32,0,16,0,80,2
v034,0648abad-cca5-589b-afce-ee461e799da3,4,1024,2.6676895,1.404693,1,8,1,0,1,1,0,12.188967177627235,4.373066666666666,20,0,80,0,2,0,1,7,2,3.3269521126760564,22,0,80,0,2,0,1,7,2,3.876581818181818,25,0,88,0,2,0,1,7,2,3.723610810810811,25,0,88,0,2,0,1,7,2
v034,0f5618d6-7901-570c-8f57-273588f40be1,8,773,4.0145265000000006,2.103575,1,8,1,0,1,1,0,12.600921601175148,6.600266666666666,20,0,80,0,2,0,1,7,2,5.020878873239436,22,0,80,0,2,0,1,7,2,5.8506909090909085,25,0,88,0,2,0,1,7,2,5.6197405405405405,25,0,88,0,2,0,1,7,2
v034,13ac723d-96d9-5dc3-8ff6-64cca40fee1a,4,256,0.6738985,0.363009,1,8,1,0,1,1,0,10.802672816507345,1.0962666666666667,20,0,80,0,2,0,1,7,2,0.834738028169014,22,0,80,0,2,0,1,7,2,0.9721454545454545,25,0,88,0,2,0,1,7,2,0.9339027027027027,25,0,88,0,2,0,1,7,2
v034,277f8cdf-20d1-5ab2-915d-1a7ecebfed13,8,256,1.340613,0.712467,1,8,1,0,1,1,0,11.49581999706729,2.1885333333333334,20,0,80,0,2,0,1,7,2,1.6654760563380282,22,0,80,0,2,0,1,7,2,1.9402909090909093,25,0,88,0,2,0,1,7,2,1.8638054054054054,25,0,88,0,2,0,1,7,2
v034,3565f3a6-e573-5729-bb6a-4b19537e0a85,1,256,0.17627,0.1000165,1,8,1,0,1,1,0,9.416378455387454,0.2770666666666667,20,0,80,0,2,0,1,7,2,0.2116845070422535,22,0,80,0,2,0,1,7,2,0.24603636363636364,25,0,88,0,2,0,1,7,2,0.23647567567567565,25,0,88,0,2,0,1,7,2
v034,388488d1-b780-5422-8839-375f4ae380a4,2,293,0.391341,0.216401,1,8,1,0,1,1,0,10.244520800484903,0.6290666666666667,20,0,80,0,2,0,1,7,2,0.4794028169014084,22,0,80,0,2,0,1,7,2,0.5580363636363637,25,0,88,0,2,0,1,7,2,0.5361513513513514,25,0,88,0,2,0,1,7,2
v034,3d08c934-3de5-5df5-9704-a82963af6eea,1,1024,0.674794,0.364417,1,8,1,0,1,1,0,10.802672816507345,1.0962666666666667,20,0,80,0,2,0,1,7,2,0.834738028169014,22,0,80,0,2,0,1,7,2,0.9721454545454545,25,0,88,0,2,0,1,7,2,0.9339027027027027,25,0,88,0,2,0,1,7,2
v034,473ba98e-bdcb-579c-9c4d-e5de6e3f4a63,1,8192,5.308004,2.7742180000000003,1,8,1,0,1,1,0,12.882114358187179,8.742133333333333,20,0,80,0,2,0,1,7,2,6.6499042253521115,22,0,80,0,2,0,1,7,2,7.749163636363636,25,0,88,0,2,0,1,7,2,7.443221621621621,25,0,88,0,2,0,1,7,2
v034,62bb15e8-367e-5ab8-91e2-af3616abece3,4,1657,4.304747000000001,2.2522320000000002,1,8,1,0,1,1,0,12.670259389454344,7.0738666666666665,20,0,80,0,2,0,1,7,2,5.381081690140844,22,0,80,0,2,0,1,7,2,6.270472727272727,25,0,88,0,2,0,1,7,2,6.0229405405405405,25,0,88,0,2,0,1,7,2
v034,93b2fe42-1327-5140-8826-c6593f301069,4,512,1.3386170000000002,0.7111700000000001,1,8,1,0,1,1,0,11.49581999706729,2.1885333333333334,20,0,80,0,2,0,1,7,2,1.6654760563380282,22,0,80,0,2,0,1,7,2,1.9402909090909093,25,0,88,0,2,0,1,7,2,1.8638054054054054,25,0,88,0,2,0,1,7,2
v034,c47946fe-4f9b-507c-a425-760d50ee0ac9,2,128,0.18939,0.1011525,1,8,1,0,1,1,0,9.416378455387454,0.2770666666666667,20,0,80,0,2,0,1,7,2,0.2116845070422535,22,0,80,0,2,0,1,7,2,0.24603636363636364,25,0,88,0,2,0,1,7,2,0.23647567567567565,25,0,88,0,2,0,1,7,2
v034,ce51aff5-8ef2-5730-9de1-f1527d8edb19,32,128,2.661914,1.4031085,1,8,1,0,1,1,0,12.188967177627235,4.373066666666666,20,0,80,0,2,0,1,7,2,3.3269521126760564,22,0,80,0,2,0,1,7,2,3.876581818181818,25,0,88,0,2,0,1,7,2,3.723610810810811,25,0,88,0,2,0,1,7,2
v034,d6f8d507-17f7-5ead-9522-09c7ecbf1207,16,256,2.6670815,1.4043565,1,8,1,0,1,1,0,12.188967177627235,4.373066666666666,20,0,80,0,2,0,1,7,2,3.3269521126760564,22,0,80,0,2,0,1,7,2,3.876581818181818,25,0,88,0,2,0,1,7,2,3.723610810810811,25,0,88,0,2,0,1,7,2
v034,dcdec775-21aa-58cb-9fd9-322376d59814,1,128,0.0915515,0.0534885,1,8,1,0,1,1,0,8.723231274827508,0.14053333333333332,20,0,80,0,2,0,1,7,2,0.10784225352112675,22,0,80,0,2,0,1,7,2,0.1250181818181818,25,0,88,0,2,0,1,7,2,0.12023783783783784,25,0,88,0,2,0,1,7,2
v034,e4d4aebe-8349-5613-9bbc-d1c0ddbe191b,1,131,0.094287,0.054592,1,8,1,0,1,1,0,8.746398334109042,0.14373333333333332,20,0,80,0,2,0,1,7,2,0.11027605633802817,22,0,80,0,2,0,1,7,2,0.12785454545454544,25,0,88,0,2,0,1,7,2,0.12296216216216214,25,0,88,0,2,0,1,7,2
v034,fbd78167-8dca-5fc3-9793-3e5867bde298,8,128,0.6736424999999999,0.3640975,1,8,1,0,1,1,0,10.802672816507345,1.0962666666666667,20,0,80,0,2,0,1,7,2,0.834738028169014,22,0,80,0,2,0,1,7,2,0.9721454545454545,25,0,88,0,2,0,1,7,2,0.9339027027027027,25,0,88,0,2,0,1,7,2
v035,0648abad-cca5-589b-afce-ee461e799da3,4,1024,0.6619465,0.635298,4,4,3,1,1,1,0,12.188967177627235,1.0942666666666667,25,0,104,2,0,1,0,5,2,0.8327380281690141,25,0,104,2,0,1,0,5,2,0.9701454545454546,28,0,104,2,0,1,0,5,2,0.9319027027027027,28,0,104,2,0,1,0,5,2
v035,0f5618d6-7901-570c-8f57-273588f40be1,8,773,0.996935,0.9425155000000001,4,4,3,1,1,1,0,12.600921601175148,1.6510666666666667,25,0,104,2,0,1,0,5,2,1.2562197183098591,25,0,104,2,0,1,0,5,2,1.4636727272727272,28,0,104,2,0,1,0,5,2,1.4059351351351352,28,0,104,2,0,1,0,5,2
v035,13ac723d-96d9-5dc3-8ff6-64cca40fee1a,4,256,0.1702865,0.180593,4,4,3,1,1,1,0,10.802672816507345,0.2750666666666667,25,0,104,2,0,1,0,5,2,0.2096845070422535,25,0,104,2,0,1,0,5,2,0.24403636363636363,28,0,104,2,0,1,0,5,2,0.23447567567567568,28,0,104,2,0,1,0,5,2
v035,277f8cdf-20d1-5ab2-915d-1a7ecebfed13,8,256,0.333917,0.33435400000000004,4,4,3,1,1,1,0,11.49581999706729,0.5481333333333334,25,0,104,2,0,1,0,5,2,0.417369014084507,25,0,104,2,0,1,0,5,2,0.48607272727272727,28,0,104,2,0,1,0,5,2,0.46695135135135135,28,0,104,2,0,1,0,5,2
v035,3565f3a6-e573-5729-bb6a-4b19537e0a85,1,256,0.046031,0.056576,4,4,3,1,1,1,0,9.416378455387454,0.07026666666666666,25,0,104,2,0,1,0,5,2,0.053921126760563376,25,0,104,2,0,1,0,5,2,0.0625090909090909,28,0,104,2,0,1,0,5,2,0.06011891891891892,28,0,104,2,0,1,0,5,2
v035,388488d1-b780-5422-8839-375f4ae380a4,2,293,0.099935,0.1096965,4,4,3,1,1,1,0,10.244520800484903,0.15826666666666667,25,0,104,2,0,1,0,5,2,0.1208507042253521,25,0,104,2,0,1,0,5,2,0.14050909090909092,28,0,104,2,0,1,0,5,2,0.13503783783783782,28,0,104,2,0,1,0,5,2
v035,3d08c934-3de5-5df5-9704-a82963af6eea,1,1024,0.169998,0.181409,4,4,3,1,1,1,0,10.802672816507345,0.2750666666666667,25,0,104,2,0,1,0,5,2,0.2096845070422535,25,0,104,2,0,1,0,5,2,0.24403636363636363,28,0,104,2,0,1,0,5,2,0.23447567567567568,28,0,104,2,0,1,0,5,2
v035,473ba98e-bdcb-579c-9c4d-e5de6e3f4a63,1,8192,1.320885,1.2364205,4,4,3,1,1,1,0,12.882114358187179,2.186533333333333,25,0,104,2,0,1,0,5,2,1.6634760563380282,25,0,104,2,0,1,0,5,2,1.938290909090909,28,0,104,2,0,1,0,5,2,1.8618054054054054,28,0,104,2,0,1,0,5,2
v035,62bb15e8-367e-5ab8-91e2-af3616abece3,4,1657,1.073671,1.006884,4,4,3,1,1,1,0,12.670259389454344,1.7694666666666667,25,0,104,2,0,1,0,5,2,1.3462704225352111,25,0,104,2,0,1,0,5,2,1.568618181818182,28,0,104,2,0,1,0,5,2,1.5067351351351352,28,0,104,2,0,1,0,5,2
v035,93b2fe42-1327-5140-8826-c6593f301069,4,512,0.334285,0.333985,4,4,3,1,1,1,0,11.49581999706729,0.5481333333333334,25,0,104,2,0,1,0,5,2,0.417369014084507,25,0,104,2,0,1,0,5,2,0.48607272727272727,28,0,104,2,0,1,0,5,2,0.46695135135135135,28,0,104,2,0,1,0,5,2
v035,c47946fe-4f9b-507c-a425-760d50ee0ac9,2,128,0.048960000000000004,0.0533285,4,4,3,1,1,1,0,9.416378455387454,0.07026666666666666,25,0,104,2,0,1,0,5,2,0.053921126760563376,25,0,104,2,0,1,0,5,2,0.0625090909090909,28,0,104,2,0,1,0,5,2,0.06011891891891892,28,0,104,2,0,1,0,5,2
v035,ce51aff5-8ef2-5730-9de1-f1527d8edb19,32,128,0.6617059999999999,0.635458,4,4,3,1,1,1,0,12.188967177627235,1.0942666666666667,25,0,104,2,0,1,0,5,2,0.8327380281690141,25,0,104,2,0,1,0,5,2,0.9701454545454546,28,0,104,2,0,1,0,5,2,0.9319027027027027,28,0,104,2,0,1,0,5,2
v035,d6f8d507-17f7-5ead-9522-09c7ecbf1207,16,256,0.6621699999999999,0.6359859999999999,4,4,3,1,1,1,0,12.188967177627235,1.0942666666666667,25,0,104,2,0,1,0,5,2,0.8327380281690141,25,0,104,2,0,1,0,5,2,0.9701454545454546,28,0,104,2,0,1,0,5,2,0.9319027027027027,28,0,104,2,0,1,0,5,2
v035,dcdec775-21aa-58cb-9fd9-322376d59814,1,128,0.024896,0.029712000000000002,4,4,3,1,1,1,0,8.723231274827508,0.03613333333333334,25,0,104,2,0,1,0,5,2,0.02796056338028169,25,0,104,2,0,1,0,5,2,0.03225454545454546,28,0,104,2,0,1,0,5,2,0.03105945945945946,28,0,104,2,0,1,0,5,2
v035,e4d4aebe-8349-5613-9bbc-d1c0ddbe191b,1,131,0.0251035,0.032208,4,4,3,1,1,1,0,8.746398334109042,0.03693333333333333,25,0,104,2,0,1,0,5,2,0.028569014084507044,25,0,104,2,0,1,0,5,2,0.03296363636363636,28,0,104,2,0,1,0,5,2,0.03174054054054054,28,0,104,2,0,1,0,5,2
v035,fbd78167-8dca-5fc3-9793-3e5867bde298,8,128,0.16952,0.18068849999999997,4,4,3,1,1,1,0,10.802672816507345,0.2750666666666667,25,0,104,2,0,1,0,5,2,0.2096845070422535,25,0,104,2,0,1,0,5,2,0.24403636363636363,28,0,104,2,0,1,0,5,2,0.23447567567567568,28,0,104,2,0,1,0,5,2
v036,0648abad-cca5-589b-afce-ee461e799da3,4,1024,0.400444,0.6804025,8,2,1,0,1,2,1,12.188967177627235,0.2770666666666667,48,0,240,8,0,4,0,20,2,0.4700337777777778,48,0,240,8,0,4,0,20,2,0.24603636363636364,40,0,232,8,0,4,0,20,2,0.23647567567567565,40,0,232,8,0,4,0,20,2
v036,0f5618d6-7901-570c-8f57-273588f40be1,8,773,0.600331,1.0191075,8,2,1,0,1,2,1,12.600921601175148,0.4162666666666666,48,0,240,8,0,4,0,20,2,0.7076017777777778,48,0,240,8,0,4,0,20,2,0.3694181818181818,40,0,232,8,0,4,0,20,2,0.35498378378378376,40,0,232,8,0,4,0,20,2
v036,13ac723d-96d9-5dc3-8ff6-64cca40fee1a,4,256,0.106687,0.1746725,8,2,1,0,1,2,1,10.802672816507345,0.07226666666666667,48,0,240,8,0,4,0,20,2,0.12050844444444445,48,0,240,8,0,4,0,20,2,0.06450909090909092,40,0,232,8,0,4,0,20,2,0.06211891891891892,40,0,232,8,0,4,0,20,2
v036,277f8cdf-20d1-5ab2-915d-1a7ecebfed13,8,256,0.204622,0.3402575,8,2,1,0,1,2,1,11.49581999706729,0.14053333333333332,48,0,240,8,0,4,0,20,2,0.23701688888888886,48,0,240,8,0,4,0,20,2,0.1250181818181818,40,0,232,8,0,4,0,20,2,0.12023783783783784,40,0,232,8,0,4,0,20,2
v036,3565f3a6-e573-5729-bb6a-4b19537e0a85,1,256,0.043119500000000005,0.049104499999999995,8,2,1,0,1,2,1,9.416378455387454,0.021066666666666668,48,0,240,8,0,4,0,20,2,0.033127111111111114,48,0,240,8,0,4,0,20,2,0.019127272727272725,40,0,232,8,0,4,0,20,2,0.01852972972972973,40,0,232,8,0,4,0,20,2
v036,388488d1-b780-5422-8839-375f4ae380a4,2,293,0.0653115,0.1005125,8,2,1,0,1,2,1,10.244520800484903,0.04306666666666667,48,0,240,8,0,4,0,20,2,0.07067377777777778,48,0,240,8,0,4,0,20,2,0.03862727272727273,40,0,232,8,0,4,0,20,2,0.037259459459459465,40,0,232,8,0,4,0,20,2
v036,3d08c934-3de5-5df5-9704-a82963af6eea,1,1024,0.106415,0.1712325,8,2,1,0,1,2,1,10.802672816507345,0.07226666666666667,48,0,240,8,0,4,0,20,2,0.12050844444444445,48,0,240,8,0,4,0,20,2,0.06450909090909092,40,0,232,8,0,4,0,20,2,0.06211891891891892,40,0,232,8,0,4,0,20,2
v036,473ba98e-bdcb-579c-9c4d-e5de6e3f4a63,1,8192,0.789305,1.3434925,8,2,1,0,1,2,1,12.882114358187179,0.5501333333333334,48,0,240,8,0,4,0,20,2,0.9360675555555555,48,0,240,8,0,4,0,20,2,0.48807272727272727,40,0,232,8,0,4,0,20,2,0.46895135135135135,40,0,232,8,0,4,0,20,2
v036,62bb15e8-367e-5ab8-91e2-af3616abece3,4,1657,0.641227,1.089348,8,2,1,0,1,2,1,12.670259389454344,0.44586666666666663,48,0,240,8,0,4,0,20,2,0.7581191111111111,48,0,240,8,0,4,0,20,2,0.3956545454545455,40,0,232,8,0,4,0,20,2,0.38018378378378376,40,0,232,8,0,4,0,20,2
v036,93b2fe42-1327-5140-8826-c6593f301069,4,512,0.204702,0.343137,8,2,1,0,1,2,1,11.49581999706729,0.14053333333333332,48,0,240,8,0,4,0,20,2,0.23701688888888886,48,0,240,8,0,4,0,20,2,0.1250181818181818,40,0,232,8,0,4,0,20,2,0.12023783783783784,40,0,232,8,0,4,0,20,2
v036,c47946fe-4f9b-507c-a425-760d50ee0ac9,2,128,0.044351,0.0463685,8,2,1,0,1,2,1,9.416378455387454,0.021066666666666668,48,0,240,8,0,4,0,20,2,0.033127111111111114,48,0,240,8,0,4,0,20,2,0.019127272727272725,40,0,232,8,0,4,0,20,2,0.01852972972972973,40,0,232,8,0,4,0,20,2
v036,ce51aff5-8ef2-5730-9de1-f1527d8edb19,32,128,0.399821,0.6790745,8,2,1,0,1,2,1,12.188967177627235,0.2770666666666667,48,0,240,8,0,4,0,20,2,0.4700337777777778,48,0,240,8,0,4,0,20,2,0.24603636363636364,40,0,232,8,0,4,0,20,2,0.23647567567567565,40,0,232,8,0,4,0,20,2
v036,d6f8d507-17f7-5ead-9522-09c7ecbf1207,16,256,0.400045,0.680338,8,2,1,0,1,2,1,12.188967177627235,0.2770666666666667,48,0,240,8,0,4,0,20,2,0.4700337777777778,48,0,240,8,0,4,0,20,2,0.24603636363636364,40,0,232,8,0,4,0,20,2,0.23647567567567565,40,0,232,8,0,4,0,20,2
v036,dcdec775-21aa-58cb-9fd9-322376d59814,1,128,0.0358075,0.023968,8,2,1,0,1,2,1,8.723231274827508,0.012533333333333334,48,0,240,8,0,4,0,20,2,0.018563555555555555,48,0,240,8,0,4,0,20,2,0.011563636363636364,40,0,232,8,0,4,0,20,2,0.011264864864864863,40,0,232,8,0,4,0,20,2
v036,e4d4aebe-8349-5613-9bbc-d1c0ddbe191b,1,131,0.0357755,0.027776,8,2,1,0,1,2,1,8.746398334109042,0.012733333333333333,48,0,240,8,0,4,0,20,2,0.01890488888888889,48,0,240,8,0,4,0,20,2,0.011740909090909092,40,0,232,8,0,4,0,20,2,0.011435135135135137,40,0,232,8,0,4,0,20,2
v036,fbd78167-8dca-5fc3-9793-3e5867bde298,8,128,0.106127,0.16854449999999999,8,2,1,0,1,2,1,10.802672816507345,0.07226666666666667,48,0,240,8,0,4,0,20,2,0.12050844444444445,48,0,240,8,0,4,0,20,2,0.06450909090909092,40,0,232,8,0,4,0,20,2,0.06211891891891892,40,0,232,8,0,4,0,20,2
v037,0648abad-cca5-589b-afce-ee461e799da3,4,1024,0.28638149999999996,0.6931225,4,2,2,1,1,8,1,12.188967177627235,0.19947581363413436,32,0,160,4,0,2,0,10,2,0.46803377777777777,38,0,160,4,0,2,0,10,2,0.12301818181818182,32,0,160,4,0,2,0,10,2,0.11823783783783783,32,0,160,4,0,2,0,10,2
v037,0f5618d6-7901-570c-8f57-273588f40be1,8,773,0.425037,1.050532,4,2,2,1,1,8,1,12.600921601175148,0.30014219519372237,32,0,160,4,0,2,0,10,2,0.7056017777777779,38,0,160,4,0,2,0,10,2,0.1847090909090909,32,0,160,4,0,2,0,10,2,0.17749189189189188,32,0,160,4,0,2,0,10,2
v037,13ac723d-96d9-5dc3-8ff6-64cca40fee1a,4,256,0.070463,0.180673,4,2,2,1,1,8,1,10.802672816507345,0.05136895340853359,32,0,160,4,0,2,0,10,2,0.11850844444444443,38,0,160,4,0,2,0,10,2,0.03225454545454546,32,0,160,4,0,2,0,10,2,0.03105945945945946,32,0,160,4,0,2,0,10,2
v037,277f8cdf-20d1-5ab2-915d-1a7ecebfed13,8,256,0.13756649999999998,0.352065,4,2,2,1,1,8,1,11.49581999706729,0.10073790681706718,32,0,160,4,0,2,0,10,2,0.2350168888888889,38,0,160,4,0,2,0,10,2,0.0625090909090909,32,0,160,4,0,2,0,10,2,0.06011891891891892,32,0,160,4,0,2,0,10,2
v037,3565f3a6-e573-5729-bb6a-4b19537e0a85,1,256,0.0210075,0.049392,4,2,2,1,1,8,1,9.416378455387454,0.014342238352133397,32,0,160,4,0,2,0,10,2,0.031127111111111112,38,0,160,4,0,2,0,10,2,0.009563636363636363,32,0,160,4,0,2,0,10,2,0.009264864864864865,32,0,160,4,0,2,0,10,2
v037,388488d1-b780-5422-8839-375f4ae380a4,2,293,0.041968000000000005,0.10328,4,2,2,1,1,8,1,10.244520800484903,0.030252154977930358,32,0,160,4,0,2,0,10,2,0.06867377777777776,38,0,160,4,0,2,0,10,2,0.019313636363636366,32,0,160,4,0,2,0,10,2,0.018629729729729733,32,0,160,4,0,2,0,10,2
v037,3d08c934-3de5-5df5-9704-a82963af6eea,1,1024,0.070448,0.180689,4,2,2,1,1,8,1,10.802672816507345,0.05136895340853359,32,0,160,4,0,2,0,10,2,0.11850844444444443,38,0,160,4,0,2,0,10,2,0.03225454545454546,32,0,160,4,0,2,0,10,2,0.03105945945945946,32,0,160,4,0,2,0,10,2
v037,473ba98e-bdcb-579c-9c4d-e5de6e3f4a63,1,8192,0.5653395,1.384133,4,2,2,1,1,8,1,12.882114358187179,0.3969516272682687,32,0,160,4,0,2,0,10,2,0.9340675555555555,38,0,160,4,0,2,0,10,2,0.24403636363636363,32,0,160,4,0,2,0,10,2,0.23447567567567568,32,0,160,4,0,2,0,10,2
v037,62bb15e8-367e-5ab8-91e2-af3616abece3,4,1657,0.460796,1.1182915,4,2,2,1,1,8,1,12.670259389454344,0.32154826483570376,32,0,160,4,0,2,0,10,2,0.7561191111111112,38,0,160,4,0,2,0,10,2,0.19782727272727274,32,0,160,4,0,2,0,10,2,0.19009189189189188,32,0,160,4,0,2,0,10,2
v037,93b2fe42-1327-5140-8826-c6593f301069,4,512,0.137375,0.351649,4,2,2,1,1,8,1,11.49581999706729,0.10073790681706718,32,0,160,4,0,2,0,10,2,0.2350168888888889,38,0,160,4,0,2,0,10,2,0.0625090909090909,32,0,160,4,0,2,0,10,2,0.06011891891891892,32,0,160,4,0,2,0,10,2
v037,c47946fe-4f9b-507c-a425-760d50ee0ac9,2,128,0.0221435,0.043775999999999995,4,2,2,1,1,8,1,9.416378455387454,0.014342238352133397,32,0,160,4,0,2,0,10,2,0.031127111111111112,38,0,160,4,0,2,0,10,2,0.009563636363636363,32,0,160,4,0,2,0,10,2,0.009264864864864865,32,0,160,4,0,2,0,10,2
v037,ce51aff5-8ef2-5730-9de1-f1527d8edb19,32,128,0.2889895,0.6910259999999999,4,2,2,1,1,8,1,12.188967177627235,0.19947581363413436,32,0,160,4,0,2,0,10,2,0.46803377777777777,38,0,160,4,0,2,0,10,2,0.12301818181818182,32,0,160,4,0,2,0,10,2,0.11823783783783783,32,0,160,4,0,2,0,10,2
v037,d6f8d507-17f7-5ead-9522-09c7ecbf1207,16,256,0.2872135,0.6934425,4,2,2,1,1,8,1,12.188967177627235,0.19947581363413436,32,0,160,4,0,2,0,10,2,0.46803377777777777,38,0,160,4,0,2,0,10,2,0.12301818181818182,32,0,160,4,0,2,0,10,2,0.11823783783783783,32,0,160,4,0,2,0,10,2
v037,dcdec775-21aa-58cb-9fd9-322376d59814,1,128,0.012512,0.0213755,4,2,2,1,1,8,1,8.723231274827508,0.008171119176066699,32,0,160,4,0,2,0,10,2,0.016563555555555557,38,0,160,4,0,2,0,10,2,0.005781818181818182,32,0,160,4,0,2,0,10,2,0.005632432432432432,32,0,160,4,0,2,0,10,2
v037,e4d4aebe-8349-5613-9bbc-d1c0ddbe191b,1,131,0.0128635,0.025728,4,2,2,1,1,8,1,8.746398334109042,0.008315754781755762,32,0,160,4,0,2,0,10,2,0.01690488888888889,38,0,160,4,0,2,0,10,2,0.005870454545454546,32,0,160,4,0,2,0,10,2,0.005717567567567568,32,0,160,4,0,2,0,10,2
v037,fbd78167-8dca-5fc3-9793-3e5867bde298,8,128,0.0702235,0.17918499999999998,4,2,2,1,1,8,1,10.802672816507345,0.05136895340853359,32,0,160,4,0,2,0,10,2,0.11850844444444443,38,0,160,4,0,2,0,10,2,0.03225454545454546,32,0,160,4,0,2,0,10,2,0.03105945945945946,32,0,160,4,0,2,0,10,2
v038,0648abad-cca5-589b-afce-ee461e799da3,4,1024,0.2658555,0.6801785,16,4,2,0,1,8,1,12.188967177627235,0.20147581363413436,48,0,240,8,0,4,0,20,2,0.4700337777777778,48,0,240,8,0,4,0,20,2,0.08788607999999999,40,0,232,8,0,4,0,20,2,0.054331648,40,0,232,8,0,4,0,20,2
v038,0f5618d6-7901-570c-8f57-273588f40be1,8,773,0.3962205,1.0304514999999999,16,4,2,0,1,8,1,12.600921601175148,0.3021421951937224,48,0,240,8,0,4,0,20,2,0.7076017777777778,48,0,240,8,0,4,0,20,2,0.13064831999999998,40,0,232,8,0,4,0,20,2,0.079988992,40,0,232,8,0,4,0,20,2
v038,13ac723d-96d9-5dc3-8ff6-64cca40fee1a,4,256,0.066815,0.16609600000000002,16,4,2,0,1,8,1,10.802672816507345,0.05336895340853359,48,0,240,8,0,4,0,20,2,0.12050844444444445,48,0,240,8,0,4,0,20,2,0.024971519999999997,40,0,232,8,0,4,0,20,2,0.016582911999999998,40,0,232,8,0,4,0,20,2
v038,277f8cdf-20d1-5ab2-915d-1a7ecebfed13,8,256,0.130943,0.339233,16,4,2,0,1,8,1,11.49581999706729,0.10273790681706718,48,0,240,8,0,4,0,20,2,0.23701688888888886,48,0,240,8,0,4,0,20,2,0.04594304,40,0,232,8,0,4,0,20,2,0.029165824,40,0,232,8,0,4,0,20,2
v038,3565f3a6-e573-5729-bb6a-4b19537e0a85,1,256,0.035695500000000005,0.037056,16,4,2,0,1,8,1,9.416378455387454,0.016342238352133397,48,0,240,8,0,4,0,20,2,0.033127111111111114,48,0,240,8,0,4,0,20,2,0.00924288,40,0,232,8,0,4,0,20,2,0.007145728,40,0,232,8,0,4,0,20,2
v038,388488d1-b780-5422-8839-375f4ae380a4,2,293,0.045712,0.096737,16,4,2,0,1,8,1,10.244520800484903,0.03225215497793036,48,0,240,8,0,4,0,20,2,0.07067377777777778,48,0,240,8,0,4,0,20,2,0.01600128,40,0,232,8,0,4,0,20,2,0.011200767999999998,40,0,232,8,0,4,0,20,2
v038,3d08c934-3de5-5df5-9704-a82963af6eea,1,1024,0.066528,0.167329,16,4,2,0,1,8,1,10.802672816507345,0.05336895340853359,48,0,240,8,0,4,0,20,2,0.12050844444444445,48,0,240,8,0,4,0,20,2,0.024971519999999997,40,0,232,8,0,4,0,20,2,0.016582911999999998,40,0,232,8,0,4,0,20,2
v038,473ba98e-bdcb-579c-9c4d-e5de6e3f4a63,1,8192,0.5200595,1.363701,16,4,2,0,1,8,1,12.882114358187179,0.3989516272682687,48,0,240,8,0,4,0,20,2,0.9360675555555555,48,0,240,8,0,4,0,20,2,0.17177215999999998,40,0,232,8,0,4,0,20,2,0.104663296,40,0,232,8,0,4,0,20,2
v038,62bb15e8-367e-5ab8-91e2-af3616abece3,4,1657,0.4239965,1.10362,16,4,2,0,1,8,1,12.670259389454344,0.32354826483570376,48,0,240,8,0,4,0,20,2,0.7581191111111111,48,0,240,8,0,4,0,20,2,0.13974143999999997,40,0,232,8,0,4,0,20,2,0.08544486400000001,40,0,232,8,0,4,0,20,2
v038,93b2fe42-1327-5140-8826-c6593f301069,4,512,0.130975,0.339809,16,4,2,0,1,8,1,11.49581999706729,0.10273790681706718,48,0,240,8,0,4,0,20,2,0.23701688888888886,48,0,240,8,0,4,0,20,2,0.04594304,40,0,232,8,0,4,0,20,2,0.029165824,40,0,232,8,0,4,0,20,2
v038,c47946fe-4f9b-507c-a425-760d50ee0ac9,2,128,0.037344,0.03744,16,4,2,0,1,8,1,9.416378455387454,0.016342238352133397,48,0,240,8,0,4,0,20,2,0.033127111111111114,48,0,240,8,0,4,0,20,2,0.00924288,40,0,232,8,0,4,0,20,2,0.007145728,40,0,232,8,0,4,0,20,2
v038,ce51aff5-8ef2-5730-9de1-f1527d8edb19,32,128,0.265246,0.6810585,16,4,2,0,1,8,1,12.188967177627235,0.20147581363413436,48,0,240,8,0,4,0,20,2,0.4700337777777778,48,0,240,8,0,4,0,20,2,0.08788607999999999,40,0,232,8,0,4,0,20,2,0.054331648,40,0,232,8,0,4,0,20,2
v038,d6f8d507-17f7-5ead-9522-09c7ecbf1207,16,256,0.265022,0.68037,16,4,2,0,1,8,1,12.188967177627235,0.20147581363413436,48,0,240,8,0,4,0,20,2,0.4700337777777778,48,0,240,8,0,4,0,20,2,0.08788607999999999,40,0,232,8,0,4,0,20,2,0.054331648,40,0,232,8,0,4,0,20,2
v038,dcdec775-21aa-58cb-9fd9-322376d59814,1,128,0.0324155,0.021359999999999997,16,4,2,0,1,8,1,8.723231274827508,0.010171119176066699,48,0,240,8,0,4,0,20,2,0.018563555555555555,48,0,240,8,0,4,0,20,2,0.00662144,40,0,232,8,0,4,0,20,2,0.0068000000000000005,40,0,232,8,0,4,0,20,2
v038,e4d4aebe-8349-5613-9bbc-d1c0ddbe191b,1,131,0.032464,0.022496,16,4,2,0,1,8,1,8.746398334109042,0.01031575478175576,48,0,240,8,0,4,0,20,2,0.01890488888888889,48,0,240,8,0,4,0,20,2,0.00668288,40,0,232,8,0,4,0,20,2,0.0068,40,0,232,8,0,4,0,20,2
v038,fbd78167-8dca-5fc3-9793-3e5867bde298,8,128,0.066383,0.1652005,16,4,2,0,1,8,1,10.802672816507345,0.05336895340853359,48,0,240,8,0,4,0,20,2,0.12050844444444445,48,0,240,8,0,4,0,20,2,0.024971519999999997,40,0,232,8,0,4,0,20,2,0.016582911999999998,40,0,232,8,0,4,0,20,2
v039,0648abad-cca5-589b-afce-ee461e799da3,4,1024,0.26092550000000003,0.701762,16,8,1,1,1,8,1,12.188967177627235,0.19947581363413436,32,0,160,4,0,2,0,10,2,0.46803377777777777,38,0,160,4,0,2,0,10,2,0.08588607999999999,32,0,160,4,0,2,0,10,2,0.052331648,32,0,160,4,0,2,0,10,2
v039,0f5618d6-7901-570c-8f57-273588f40be1,8,773,0.39206050000000003,1.0618919999999998,16,8,1,1,1,8,1,12.600921601175148,0.30014219519372237,32,0,160,4,0,2,0,10,2,0.7056017777777779,38,0,160,4,0,2,0,10,2,0.12864832,32,0,160,4,0,2,0,10,2,0.077988992,32,0,160,4,0,2,0,10,2
v039,13ac723d-96d9-5dc3-8ff6-64cca40fee1a,4,256,0.062624,0.182609,16,8,1,1,1,8,1,10.802672816507345,0.05136895340853359,32,0,160,4,0,2,0,10,2,0.11850844444444443,38,0,160,4,0,2,0,10,2,0.02297152,32,0,160,4,0,2,0,10,2,0.014582912,32,0,160,4,0,2,0,10,2
v039,277f8cdf-20d1-5ab2-915d-1a7ecebfed13,8,256,0.125871,0.3548335,16,8,1,1,1,8,1,11.49581999706729,0.10073790681706718,32,0,160,4,0,2,0,10,2,0.2350168888888889,38,0,160,4,0,2,0,10,2,0.043943039999999996,32,0,160,4,0,2,0,10,2,0.027165824,32,0,160,4,0,2,0,10,2
v039,3565f3a6-e573-5729-bb6a-4b19537e0a85,1,256,0.0176155,0.042912500000000006,16,8,1,1,1,8,1,9.416378455387454,0.014342238352133397,32,0,160,4,0,2,0,10,2,0.031127111111111112,38,0,160,4,0,2,0,10,2,0.00724288,32,0,160,4,0,2,0,10,2,0.0051457280000000005,32,0,160,4,0,2,0,10,2
v039,388488d1-b780-5422-8839-375f4ae380a4,2,293,0.037391999999999995,0.1084005,16,8,1,1,1,8,1,10.244520800484903,0.030252154977930358,32,0,160,4,0,2,0,10,2,0.06867377777777776,38,0,160,4,0,2,0,10,2,0.01400128,32,0,160,4,0,2,0,10,2,0.009200768,32,0,160,4,0,2,0,10,2
v039,3d08c934-3de5-5df5-9704-a82963af6eea,1,1024,0.062751,0.1856645,16,8,1,1,1,8,1,10.802672816507345,0.05136895340853359,32,0,160,4,0,2,0,10,2,0.11850844444444443,38,0,160,4,0,2,0,10,2,0.02297152,32,0,160,4,0,2,0,10,2,0.014582912,32,0,160,4,0,2,0,10,2
v039,473ba98e-bdcb-579c-9c4d-e5de6e3f4a63,1,8192,0.5128440000000001,1.3945005,16,8,1,1,1,8,1,12.882114358187179,0.3969516272682687,32,0,160,4,0,2,0,10,2,0.9340675555555555,38,0,160,4,0,2,0,10,2,0.16977215999999998,32,0,160,4,0,2,0,10,2,0.102663296,32,0,160,4,0,2,0,10,2
v039,62bb15e8-367e-5ab8-91e2-af3616abece3,4,1657,0.41878000000000004,1.1301155,16,8,1,1,1,8,1,12.670259389454344,0.32154826483570376,32,0,160,4,0,2,0,10,2,0.7561191111111112,38,0,160,4,0,2,0,10,2,0.13774144,32,0,160,4,0,2,0,10,2,0.083444864,32,0,160,4,0,2,0,10,2
v039,93b2fe42-1327-5140-8826-c6593f301069,4,512,0.12556699999999998,0.3547215,16,8,1,1,1,8,1,11.49581999706729,0.10073790681706718,32,0,160,4,0,2,0,10,2,0.2350168888888889,38,0,160,4,0,2,0,10,2,0.043943039999999996,32,0,160,4,0,2,0,10,2,0.027165824,32,0,160,4,0,2,0,10,2
v039,c47946fe-4f9b-507c-a425-760d50ee0ac9,2,128,0.0181915,0.041792499999999996,16,8,1,1,1,8,1,9.416378455387454,0.014342238352133397,32,0,160,4,0,2,0,10,2,0.031127111111111112,38,0,160,4,0,2,0,10,2,0.00724288,32,0,160,4,0,2,0,10,2,0.0051457280000000005,32,0,160,4,0,2,0,10,2
v039,ce51aff5-8ef2-5730-9de1-f1527d8edb19,32,128,0.2604935,0.700882,16,8,1,1,1,8,1,12.188967177627235,0.19947581363413436,32,0,160,4,0,2,0,10,2,0.46803377777777777,38,0,160,4,0,2,0,10,2,0.08588607999999999,32,0,160,4,0,2,0,10,2,0.052331648,32,0,160,4,0,2,0,10,2
v039,d6f8d507-17f7-5ead-9522-09c7ecbf1207,16,256,0.25996600000000003,0.6999230000000001,16,8,1,1,1,8,1,12.188967177627235,0.19947581363413436,32,0,160,4,0,2,0,10,2,0.46803377777777777,38,0,160,4,0,2,0,10,2,0.08588607999999999,32,0,160,4,0,2,0,10,2,0.052331648,32,0,160,4,0,2,0,10,2
v039,dcdec775-21aa-58cb-9fd9-322376d59814,1,128,0.009792,0.018624,16,8,1,1,1,8,1,8.723231274827508,0.008171119176066699,32,0,160,4,0,2,0,10,2,0.016563555555555557,38,0,160,4,0,2,0,10,2,0.00462144,32,0,160,4,0,2,0,10,2,0.003572864,32,0,160,4,0,2,0,10,2
v039,e4d4aebe-8349-5613-9bbc-d1c0ddbe191b,1,131,0.009920499999999999,0.02144,16,8,1,1,1,8,1,8.746398334109042,0.008315754781755762,32,0,160,4,0,2,0,10,2,0.01690488888888889,38,0,160,4,0,2,0,10,2,0.00468288,32,0,160,4,0,2,0,10,2,0.003609728,32,0,160,4,0,2,0,10,2
v039,fbd78167-8dca-5fc3-9793-3e5867bde298,8,128,0.062655,0.1809285,16,8,1,1,1,8,1,10.802672816507345,0.05136895340853359,32,0,160,4,0,2,0,10,2,0.11850844444444443,38,0,160,4,0,2,0,10,2,0.02297152,32,0,160,4,0,2,0,10,2,0.014582912,32,0,160,4,0,2,0,10,2
v040,0648abad-cca5-589b-afce-ee461e799da3,4,1024,0.252078,0.622034,2,4,1,1,0,0,0,12.188967177627235,0.19986150858263854,26,0,112,0,0,0,0,6,2,0.47053688888888884,28,0,112,0,0,0,0,6,2,0.12419999999999998,28,0,112,0,0,0,0,6,2,0.1196,28,0,112,0,0,0,0,6,2
v040,0f5618d6-7901-570c-8f57-273588f40be1,8,773,0.3760925,0.937155,2,4,1,1,0,0,0,12.600921601175148,0.3005278901422266,26,0,112,0,0,0,0,6,2,0.7088444444444445,28,0,112,0,0,0,0,6,2,0.1853,28,0,112,0,0,0,0,6,2,0.1784,28,0,112,0,0,0,0,6,2
v040,13ac723d-96d9-5dc3-8ff6-64cca40fee1a,4,256,0.061935500000000004,0.15992099999999998,2,4,1,1,0,0,0,10.802672816507345,0.052333190779794016,26,0,112,0,0,0,0,6,2,0.11913422222222221,28,0,112,0,0,0,0,6,2,0.0332,28,0,112,0,0,0,0,6,2,0.0314,28,0,112,0,0,0,0,6,2
v040,277f8cdf-20d1-5ab2-915d-1a7ecebfed13,8,256,0.12187100000000001,0.315825,2,4,1,1,0,0,0,11.49581999706729,0.10093075429131926,26,0,112,0,0,0,0,6,2,0.23626844444444442,28,0,112,0,0,0,0,6,2,0.06309999999999999,28,0,112,0,0,0,0,6,2,0.0608,28,0,112,0,0,0,0,6,2
v040,3565f3a6-e573-5729-bb6a-4b19537e0a85,1,256,0.0180955,0.044384,2,4,1,1,0,0,0,9.416378455387454,0.015885018146150075,26,0,112,0,0,0,0,6,2,0.034312888888888886,28,0,112,0,0,0,0,6,2,0.0098,28,0,112,0,0,0,0,6,2,0.0104,28,0,112,0,0,0,0,6,2
v040,388488d1-b780-5422-8839-375f4ae380a4,2,293,0.0373435,0.0932165,2,4,1,1,0,0,0,10.244520800484903,0.0315056635605689,26,0,112,0,0,0,0,6,2,0.07066488888888887,28,0,112,0,0,0,0,6,2,0.020200000000000003,28,0,112,0,0,0,0,6,2,0.0188,28,0,112,0,0,0,0,6,2
v040,3d08c934-3de5-5df5-9704-a82963af6eea,1,1024,0.0619995,0.1617445,2,4,1,1,0,0,0,10.802672816507345,0.052333190779794016,26,0,112,0,0,0,0,6,2,0.11913422222222221,28,0,112,0,0,0,0,6,2,0.0332,28,0,112,0,0,0,0,6,2,0.0314,28,0,112,0,0,0,0,6,2
v040,473ba98e-bdcb-579c-9c4d-e5de6e3f4a63,1,8192,0.5000914999999999,1.2271239999999999,2,4,1,1,0,0,0,12.882114358187179,0.3977230171652771,26,0,112,0,0,0,0,6,2,0.9350346666666667,28,0,112,0,0,0,0,6,2,0.24509999999999998,28,0,112,0,0,0,0,6,2,0.23579999999999998,28,0,112,0,0,0,0,6,2
v040,62bb15e8-367e-5ab8-91e2-af3616abece3,4,1657,0.4084595,0.997315,2,4,1,1,0,0,0,12.670259389454344,0.32309104462972044,26,0,112,0,0,0,0,6,2,0.7573137777777779,28,0,112,0,0,0,0,6,2,0.19830000000000003,28,0,112,0,0,0,0,6,2,0.191,28,0,112,0,0,0,0,6,2
v040,93b2fe42-1327-5140-8826-c6593f301069,4,512,0.121407,0.3141135,2,4,1,1,0,0,0,11.49581999706729,0.10093075429131926,26,0,112,0,0,0,0,6,2,0.23626844444444442,28,0,112,0,0,0,0,6,2,0.06309999999999999,28,0,112,0,0,0,0,6,2,0.0608,28,0,112,0,0,0,0,6,2
v040,c47946fe-4f9b-507c-a425-760d50ee0ac9,2,128,0.018528,0.041568,2,4,1,1,0,0,0,9.416378455387454,0.015885018146150075,26,0,112,0,0,0,0,6,2,0.034312888888888886,28,0,112,0,0,0,0,6,2,0.0098,28,0,112,0,0,0,0,6,2,0.0104,28,0,112,0,0,0,0,6,2
v040,ce51aff5-8ef2-5730-9de1-f1527d8edb19,32,128,0.2515975,0.6222735,2,4,1,1,0,0,0,12.188967177627235,0.19986150858263854,26,0,112,0,0,0,0,6,2,0.47053688888888884,28,0,112,0,0,0,0,6,2,0.12419999999999998,28,0,112,0,0,0,0,6,2,0.1196,28,0,112,0,0,0,0,6,2
v040,d6f8d507-17f7-5ead-9522-09c7ecbf1207,16,256,0.253038,0.6207860000000001,2,4,1,1,0,0,0,12.188967177627235,0.19986150858263854,26,0,112,0,0,0,0,6,2,0.47053688888888884,28,0,112,0,0,0,0,6,2,0.12419999999999998,28,0,112,0,0,0,0,6,2,0.1196,28,0,112,0,0,0,0,6,2
v040,dcdec775-21aa-58cb-9fd9-322376d59814,1,128,0.0104805,0.020416,2,4,1,1,0,0,0,8.723231274827508,0.008942509073075035,26,0,112,0,0,0,0,6,2,0.018156444444444444,28,0,112,0,0,0,0,6,2,0.005899999999999999,28,0,112,0,0,0,0,6,2,0.0062,28,0,112,0,0,0,0,6,2
v040,e4d4aebe-8349-5613-9bbc-d1c0ddbe191b,1,131,0.010688,0.022496000000000002,2,4,1,1,0,0,0,8.746398334109042,0.008942509073075037,26,0,112,0,0,0,0,6,2,0.018156444444444447,28,0,112,0,0,0,0,6,2,0.005899999999999999,28,0,112,0,0,0,0,6,2,0.0062,28,0,112,0,0,0,0,6,2
v040,fbd78167-8dca-5fc3-9793-3e5867bde298,8,128,0.0617275,0.159265,2,4,1,1,0,0,0,10.802672816507345,0.052333190779794016,26,0,112,0,0,0,0,6,2,0.11913422222222221,28,0,112,0,0,0,0,6,2,0.0332,28,0,112,0,0,0,0,6,2,0.0314,28,0,112,0,0,0,0,6,2
v041,0648abad-cca5-589b-afce-ee461e799da3,4,1024,0.273102,0.6707385,16,1,3,0,1,8,1,12.188967177627235,0.20147581363413436,168,0,808,32,0,16,0,80,2,0.4700337777777778,80,0,832,32,0,16,0,80,2,0.08788607999999999,96,0,776,32,0,16,0,80,2,0.054331648,100,0,768,32,0,16,0,80,2
v041,0f5618d6-7901-570c-8f57-273588f40be1,8,773,0.40604450000000003,1.0055395,16,1,3,0,1,8,1,12.600921601175148,0.3021421951937224,168,0,808,32,0,16,0,80,2,0.7076017777777778,80,0,832,32,0,16,0,80,2,0.13064831999999998,96,0,776,32,0,16,0,80,2,0.079988992,100,0,768,32,0,16,0,80,2
v041,13ac723d-96d9-5dc3-8ff6-64cca40fee1a,4,256,0.06948750000000001,0.1701765,16,1,3,0,1,8,1,10.802672816507345,0.05336895340853359,168,0,808,32,0,16,0,80,2,0.12050844444444445,80,0,832,32,0,16,0,80,2,0.024971519999999997,96,0,776,32,0,16,0,80,2,0.016582911999999998,100,0,768,32,0,16,0,80,2
v041,277f8cdf-20d1-5ab2-915d-1a7ecebfed13,8,256,0.134783,0.33841699999999997,16,1,3,0,1,8,1,11.49581999706729,0.10273790681706718,168,0,808,32,0,16,0,80,2,0.23701688888888886,80,0,832,32,0,16,0,80,2,0.04594304,96,0,776,32,0,16,0,80,2,0.029165824,100,0,768,32,0,16,0,80,2
v041,3565f3a6-e573-5729-bb6a-4b19537e0a85,1,256,0.0374395,0.042672,16,1,3,0,1,8,1,9.416378455387454,0.016342238352133397,168,0,808,32,0,16,0,80,2,0.033127111111111114,80,0,832,32,0,16,0,80,2,0.00924288,96,0,776,32,0,16,0,80,2,0.007145728,100,0,768,32,0,16,0,80,2
v041,388488d1-b780-5422-8839-375f4ae380a4,2,293,0.0488315,0.09912,16,1,3,0,1,8,1,10.244520800484903,0.03225215497793036,168,0,808,32,0,16,0,80,2,0.07067377777777778,80,0,832,32,0,16,0,80,2,0.01600128,96,0,776,32,0,16,0,80,2,0.011200767999999998,100,0,768,32,0,16,0,80,2
v041,3d08c934-3de5-5df5-9704-a82963af6eea,1,1024,0.069551,0.1732645,16,1,3,0,1,8,1,10.802672816507345,0.05336895340853359,168,0,808,32,0,16,0,80,2,0.12050844444444445,80,0,832,32,0,16,0,80,2,0.024971519999999997,96,0,776,32,0,16,0,80,2,0.016582911999999998,100,0,768,32,0,16,0,80,2
v041,473ba98e-bdcb-579c-9c4d-e5de6e3f4a63,1,8192,0.530076,1.3258130000000001,16,1,3,0,1,8,1,12.882114358187179,0.3989516272682687,168,0,808,32,0,16,0,80,2,0.9360675555555555,80,0,832,32,0,16,0,80,2,0.17177215999999998,96,0,776,32,0,16,0,80,2,0.104663296,100,0,768,32,0,16,0,80,2
v041,62bb15e8-367e-5ab8-91e2-af3616abece3,4,1657,0.43382050000000005,1.0791235000000001,16,1,3,0,1,8,1,12.670259389454344,0.32354826483570376,168,0,808,32,0,16,0,80,2,0.7581191111111111,80,0,832,32,0,16,0,80,2,0.13974143999999997,96,0,776,32,0,16,0,80,2,0.08544486400000001,100,0,768,32,0,16,0,80,2
v041,93b2fe42-1327-5140-8826-c6593f301069,4,512,0.135023,0.338673,16,1,3,0,1,8,1,11.49581999706729,0.10273790681706718,168,0,808,32,0,16,0,80,2,0.23701688888888886,80,0,832,32,0,16,0,80,2,0.04594304,96,0,776,32,0,16,0,80,2,0.029165824,100,0,768,32,0,16,0,80,2
v041,c47946fe-4f9b-507c-a425-760d50ee0ac9,2,128,0.038031999999999996,0.041968,16,1,3,0,1,8,1,9.416378455387454,0.016342238352133397,168,0,808,32,0,16,0,80,2,0.033127111111111114,80,0,832,32,0,16,0,80,2,0.00924288,96,0,776,32,0,16,0,80,2,0.007145728,100,0,768,32,0,16,0,80,2
v041,ce51aff5-8ef2-5730-9de1-f1527d8edb19,32,128,0.272014,0.668738,16,1,3,0,1,8,1,12.188967177627235,0.20147581363413436,168,0,808,32,0,16,0,80,2,0.4700337777777778,80,0,832,32,0,16,0,80,2,0.08788607999999999,96,0,776,32,0,16,0,80,2,0.054331648,100,0,768,32,0,16,0,80,2
v041,d6f8d507-17f7-5ead-9522-09c7ecbf1207,16,256,0.2725255,0.6735225,16,1,3,0,1,8,1,12.188967177627235,0.20147581363413436,168,0,808,32,0,16,0,80,2,0.4700337777777778,80,0,832,32,0,16,0,80,2,0.08788607999999999,96,0,776,32,0,16,0,80,2,0.054331648,100,0,768,32,0,16,0,80,2
v041,dcdec775-21aa-58cb-9fd9-322376d59814,1,128,0.0336955,0.029199500000000003,16,1,3,0,1,8,1,8.723231274827508,0.010171119176066699,168,0,808,32,0,16,0,80,2,0.018563555555555555,80,0,832,32,0,16,0,80,2,0.00662144,96,0,776,32,0,16,0,80,2,0.0068000000000000005,100,0,768,32,0,16,0,80,2
v041,e4d4aebe-8349-5613-9bbc-d1c0ddbe191b,1,131,0.03456,0.029600500000000002,16,1,3,0,1,8,1,8.746398334109042,0.01031575478175576,168,0,808,32,0,16,0,80,2,0.01890488888888889,80,0,832,32,0,16,0,80,2,0.00668288,96,0,776,32,0,16,0,80,2,0.0068,100,0,768,32,0,16,0,80,2
v041,fbd78167-8dca-5fc3-9793-3e5867bde298,8,128,0.0697435,0.169345,16,1,3,0,1,8,1,10.802672816507345,0.05336895340853359,168,0,808,32,0,16,0,80,2,0.12050844444444445,80,0,832,32,0,16,0,80,2,0.024971519999999997,96,0,776,32,0,16,0,80,2,0.016582911999999998,100,0,768,32,0,16,0,80,2
v042,0648abad-cca5-589b-afce-ee461e799da3,4,1024,0.38180400000000003,0.6659539999999999,8,2,2,0,1,2,0,12.188967177627235,0.2770666666666667,48,0,208,8,0,4,0,20,2,0.4700337777777778,48,0,208,8,0,4,0,20,2,0.24603636363636364,40,0,216,8,0,4,0,20,2,0.23647567567567565,40,0,216,8,0,4,0,20,2
v042,0f5618d6-7901-570c-8f57-273588f40be1,8,773,0.5705545000000001,0.988516,8,2,2,0,1,2,0,12.600921601175148,0.4162666666666666,48,0,208,8,0,4,0,20,2,0.7076017777777778,48,0,208,8,0,4,0,20,2,0.3694181818181818,40,0,216,8,0,4,0,20,2,0.35498378378378376,40,0,216,8,0,4,0,20,2
v042,13ac723d-96d9-5dc3-8ff6-64cca40fee1a,4,256,0.10315150000000001,0.173377,8,2,2,0,1,2,0,10.802672816507345,0.07226666666666667,48,0,208,8,0,4,0,20,2,0.12050844444444445,48,0,208,8,0,4,0,20,2,0.06450909090909092,40,0,216,8,0,4,0,20,2,0.06211891891891892,40,0,216,8,0,4,0,20,2
v042,277f8cdf-20d1-5ab2-915d-1a7ecebfed13,8,256,0.19627,0.33241699999999996,8,2,2,0,1,2,0,11.49581999706729,0.14053333333333332,48,0,208,8,0,4,0,20,2,0.23701688888888886,48,0,208,8,0,4,0,20,2,0.1250181818181818,40,0,216,8,0,4,0,20,2,0.12023783783783784,40,0,216,8,0,4,0,20,2
v042,3565f3a6-e573-5729-bb6a-4b19537e0a85,1,256,0.043120000000000006,0.0491685,8,2,2,0,1,2,0,9.416378455387454,0.021066666666666668,48,0,208,8,0,4,0,20,2,0.033127111111111114,48,0,208,8,0,4,0,20,2,0.019127272727272725,40,0,216,8,0,4,0,20,2,0.01852972972972973,40,0,216,8,0,4,0,20,2
v042,388488d1-b780-5422-8839-375f4ae380a4,2,293,0.0640635,0.09971250000000001,8,2,2,0,1,2,0,10.244520800484903,0.04306666666666667,48,0,208,8,0,4,0,20,2,0.07067377777777778,48,0,208,8,0,4,0,20,2,0.03862727272727273,40,0,216,8,0,4,0,20,2,0.037259459459459465,40,0,216,8,0,4,0,20,2
v042,3d08c934-3de5-5df5-9704-a82963af6eea,1,1024,0.102895,0.1712325,8,2,2,0,1,2,0,10.802672816507345,0.07226666666666667,48,0,208,8,0,4,0,20,2,0.12050844444444445,48,0,208,8,0,4,0,20,2,0.06450909090909092,40,0,216,8,0,4,0,20,2,0.06211891891891892,40,0,216,8,0,4,0,20,2
v042,473ba98e-bdcb-579c-9c4d-e5de6e3f4a63,1,8192,0.750794,1.3029645,8,2,2,0,1,2,0,12.882114358187179,0.5501333333333334,48,0,208,8,0,4,0,20,2,0.9360675555555555,48,0,208,8,0,4,0,20,2,0.48807272727272727,40,0,216,8,0,4,0,20,2,0.46895135135135135,40,0,216,8,0,4,0,20,2
v042,62bb15e8-367e-5ab8-91e2-af3616abece3,4,1657,0.6503304999999999,1.058244,8,2,2,0,1,2,0,12.670259389454344,0.44586666666666663,48,0,208,8,0,4,0,20,2,0.7581191111111111,48,0,208,8,0,4,0,20,2,0.3956545454545455,40,0,216,8,0,4,0,20,2,0.38018378378378376,40,0,216,8,0,4,0,20,2
v042,93b2fe42-1327-5140-8826-c6593f301069,4,512,0.1961425,0.333569,8,2,2,0,1,2,0,11.49581999706729,0.14053333333333332,48,0,208,8,0,4,0,20,2,0.23701688888888886,48,0,208,8,0,4,0,20,2,0.1250181818181818,40,0,216,8,0,4,0,20,2,0.12023783783783784,40,0,216,8,0,4,0,20,2
v042,c47946fe-4f9b-507c-a425-760d50ee0ac9,2,128,0.045055,0.046736,8,2,2,0,1,2,0,9.416378455387454,0.021066666666666668,48,0,208,8,0,4,0,20,2,0.033127111111111114,48,0,208,8,0,4,0,20,2,0.019127272727272725,40,0,216,8,0,4,0,20,2,0.01852972972972973,40,0,216,8,0,4,0,20,2
v042,ce51aff5-8ef2-5730-9de1-f1527d8edb19,32,128,0.380861,0.6643699999999999,8,2,2,0,1,2,0,12.188967177627235,0.2770666666666667,48,0,208,8,0,4,0,20,2,0.4700337777777778,48,0,208,8,0,4,0,20,2,0.24603636363636364,40,0,216,8,0,4,0,20,2,0.23647567567567565,40,0,216,8,0,4,0,20,2
v042,d6f8d507-17f7-5ead-9522-09c7ecbf1207,16,256,0.3822985,0.6669625,8,2,2,0,1,2,0,12.188967177627235,0.2770666666666667,48,0,208,8,0,4,0,20,2,0.4700337777777778,48,0,208,8,0,4,0,20,2,0.24603636363636364,40,0,216,8,0,4,0,20,2,0.23647567567567565,40,0,216,8,0,4,0,20,2
v042,dcdec775-21aa-58cb-9fd9-322376d59814,1,128,0.036688,0.0238395,8,2,2,0,1,2,0,8.723231274827508,0.012533333333333334,48,0,208,8,0,4,0,20,2,0.018563555555555555,48,0,208,8,0,4,0,20,2,0.011563636363636364,40,0,216,8,0,4,0,20,2,0.011264864864864863,40,0,216,8,0,4,0,20,2
v042,e4d4aebe-8349-5613-9bbc-d1c0ddbe191b,1,131,0.0365435,0.027392,8,2,2,0,1,2,0,8.746398334109042,0.012733333333333333,48,0,208,8,0,4,0,20,2,0.01890488888888889,48,0,208,8,0,4,0,20,2,0.011740909090909092,40,0,216,8,0,4,0,20,2,0.011435135135135137,40,0,216,8,0,4,0,20,2
v042,fbd78167-8dca-5fc3-9793-3e5867bde298,8,128,0.1030545,0.1689605,8,2,2,0,1,2,0,10.802672816507345,0.07226666666666667,48,0,208,8,0,4,0,20,2,0.12050844444444445,48,0,208,8,0,4,0,20,2,0.06450909090909092,40,0,216,8,0,4,0,20,2,0.06211891891891892,40,0,216,8,0,4,0,20,2
v043,0648abad-cca5-589b-afce-ee461e799da3,4,1024,0.29522950000000003,0.68893,8,8,3,1,1,2,1,12.188967177627235,0.2750666666666667,27,0,112,2,0,1,0,5,2,0.46803377777777777,27,0,112,2,0,1,0,5,2,0.24403636363636363,28,0,112,2,0,1,0,5,2,0.23447567567567568,28,0,112,2,0,1,0,5,2
v043,0f5618d6-7901-570c-8f57-273588f40be1,8,773,0.43934,1.0455714999999999,8,8,3,1,1,2,1,12.600921601175148,0.4142666666666666,27,0,112,2,0,1,0,5,2,0.7056017777777779,27,0,112,2,0,1,0,5,2,0.3674181818181818,28,0,112,2,0,1,0,5,2,0.35298378378378376,28,0,112,2,0,1,0,5,2
v043,13ac723d-96d9-5dc3-8ff6-64cca40fee1a,4,256,0.072799,0.184641,8,8,3,1,1,2,1,10.802672816507345,0.07026666666666666,27,0,112,2,0,1,0,5,2,0.11850844444444443,27,0,112,2,0,1,0,5,2,0.0625090909090909,28,0,112,2,0,1,0,5,2,0.06011891891891892,28,0,112,2,0,1,0,5,2
v043,277f8cdf-20d1-5ab2-915d-1a7ecebfed13,8,256,0.1420635,0.355041,8,8,3,1,1,2,1,11.49581999706729,0.13853333333333334,27,0,112,2,0,1,0,5,2,0.2350168888888889,27,0,112,2,0,1,0,5,2,0.12301818181818182,28,0,112,2,0,1,0,5,2,0.11823783783783783,28,0,112,2,0,1,0,5,2
v043,3565f3a6-e573-5729-bb6a-4b19537e0a85,1,256,0.020832,0.051519999999999996,8,8,3,1,1,2,1,9.416378455387454,0.01906666666666667,27,0,112,2,0,1,0,5,2,0.031127111111111112,27,0,112,2,0,1,0,5,2,0.017127272727272727,28,0,112,2,0,1,0,5,2,0.01652972972972973,28,0,112,2,0,1,0,5,2
v043,388488d1-b780-5422-8839-375f4ae380a4,2,293,0.0432795,0.106176,8,8,3,1,1,2,1,10.244520800484903,0.04106666666666667,27,0,112,2,0,1,0,5,2,0.06867377777777776,27,0,112,2,0,1,0,5,2,0.03662727272727273,28,0,112,2,0,1,0,5,2,0.035259459459459463,28,0,112,2,0,1,0,5,2
v043,3d08c934-3de5-5df5-9704-a82963af6eea,1,1024,0.07268749999999999,0.183361,8,8,3,1,1,2,1,10.802672816507345,0.07026666666666666,27,0,112,2,0,1,0,5,2,0.11850844444444443,27,0,112,2,0,1,0,5,2,0.0625090909090909,28,0,112,2,0,1,0,5,2,0.06011891891891892,28,0,112,2,0,1,0,5,2
v043,473ba98e-bdcb-579c-9c4d-e5de6e3f4a63,1,8192,0.578923,1.372501,8,8,3,1,1,2,1,12.882114358187179,0.5481333333333334,27,0,112,2,0,1,0,5,2,0.9340675555555555,27,0,112,2,0,1,0,5,2,0.48607272727272727,28,0,112,2,0,1,0,5,2,0.46695135135135135,28,0,112,2,0,1,0,5,2
v043,62bb15e8-367e-5ab8-91e2-af3616abece3,4,1657,0.469788,1.110244,8,8,3,1,1,2,1,12.670259389454344,0.44386666666666663,27,0,112,2,0,1,0,5,2,0.7561191111111112,27,0,112,2,0,1,0,5,2,0.3936545454545455,28,0,112,2,0,1,0,5,2,0.3781837837837838,28,0,112,2,0,1,0,5,2
v043,93b2fe42-1327-5140-8826-c6593f301069,4,512,0.142271,0.352609,8,8,3,1,1,2,1,11.49581999706729,0.13853333333333334,27,0,112,2,0,1,0,5,2,0.2350168888888889,27,0,112,2,0,1,0,5,2,0.12301818181818182,28,0,112,2,0,1,0,5,2,0.11823783783783783,28,0,112,2,0,1,0,5,2
v043,c47946fe-4f9b-507c-a425-760d50ee0ac9,2,128,0.021519999999999997,0.045632,8,8,3,1,1,2,1,9.416378455387454,0.01906666666666667,27,0,112,2,0,1,0,5,2,0.031127111111111112,27,0,112,2,0,1,0,5,2,0.017127272727272727,28,0,112,2,0,1,0,5,2,0.01652972972972973,28,0,112,2,0,1,0,5,2
v043,ce51aff5-8ef2-5730-9de1-f1527d8edb19,32,128,0.294398,0.6914899999999999,8,8,3,1,1,2,1,12.188967177627235,0.2750666666666667,27,0,112,2,0,1,0,5,2,0.46803377777777777,27,0,112,2,0,1,0,5,2,0.24403636363636363,28,0,112,2,0,1,0,5,2,0.23447567567567568,28,0,112,2,0,1,0,5,2
v043,d6f8d507-17f7-5ead-9522-09c7ecbf1207,16,256,0.2918695,0.6890425,8,8,3,1,1,2,1,12.188967177627235,0.2750666666666667,27,0,112,2,0,1,0,5,2,0.46803377777777777,27,0,112,2,0,1,0,5,2,0.24403636363636363,28,0,112,2,0,1,0,5,2,0.23447567567567568,28,0,112,2,0,1,0,5,2
v043,dcdec775-21aa-58cb-9fd9-322376d59814,1,128,0.012352,0.0228965,8,8,3,1,1,2,1,8.723231274827508,0.010533333333333334,27,0,112,2,0,1,0,5,2,0.016563555555555557,27,0,112,2,0,1,0,5,2,0.009563636363636363,28,0,112,2,0,1,0,5,2,0.009264864864864865,28,0,112,2,0,1,0,5,2
v043,e4d4aebe-8349-5613-9bbc-d1c0ddbe191b,1,131,0.01264,0.028336,8,8,3,1,1,2,1,8.746398334109042,0.010733333333333333,27,0,112,2,0,1,0,5,2,0.01690488888888889,27,0,112,2,0,1,0,5,2,0.00974090909090909,28,0,112,2,0,1,0,5,2,0.009435135135135135,28,0,112,2,0,1,0,5,2
v043,fbd78167-8dca-5fc3-9793-3e5867bde298,8,128,0.07281599999999999,0.182433,8,8,3,1,1,2,1,10.802672816507345,0.07026666666666666,27,0,112,2,0,1,0,5,2,0.11850844444444443,27,0,112,2,0,1,0,5,2,0.0625090909090909,28,0,112,2,0,1,0,5,2,0.06011891891891892,28,0,112,2,0,1,0,5,2
v044,0648abad-cca5-589b-afce-ee461e799da3,4,1024,0.4795475,0.6817305,2,8,4,0,1,4,1,12.188967177627235,0.5501333333333334,24,0,104,0,2,0,1,7,2,0.4700337777777778,24,0,104,0,2,0,1,7,2,0.48807272727272727,29,0,112,0,2,0,1,7,2,0.46895135135135135,29,0,112,0,2,0,1,7,2
v044,0f5618d6-7901-570c-8f57-273588f40be1,8,773,0.7195455,1.0189955,2,8,4,0,1,4,1,12.600921601175148,0.8285333333333332,24,0,104,0,2,0,1,7,2,0.7076017777777778,24,0,104,0,2,0,1,7,2,0.7348363636363636,29,0,112,0,2,0,1,7,2,0.7059675675675675,29,0,112,0,2,0,1,7,2
v044,13ac723d-96d9-5dc3-8ff6-64cca40fee1a,4,256,0.126127,0.170929,2,8,4,0,1,4,1,10.802672816507345,0.14053333333333332,24,0,104,0,2,0,1,7,2,0.12050844444444445,24,0,104,0,2,0,1,7,2,0.1250181818181818,29,0,112,0,2,0,1,7,2,0.12023783783783784,29,0,112,0,2,0,1,7,2
v044,277f8cdf-20d1-5ab2-915d-1a7ecebfed13,8,256,0.24314999999999998,0.340306,2,8,4,0,1,4,1,11.49581999706729,0.2770666666666667,24,0,104,0,2,0,1,7,2,0.23701688888888886,24,0,104,0,2,0,1,7,2,0.24603636363636364,29,0,112,0,2,0,1,7,2,0.23647567567567565,29,0,112,0,2,0,1,7,2
v044,3565f3a6-e573-5729-bb6a-4b19537e0a85,1,256,0.0444475,0.050048499999999996,2,8,4,0,1,4,1,9.416378455387454,0.03813333333333334,24,0,104,0,2,0,1,7,2,0.033127111111111114,24,0,104,0,2,0,1,7,2,0.034254545454545454,29,0,112,0,2,0,1,7,2,0.03305945945945946,29,0,112,0,2,0,1,7,2
v044,388488d1-b780-5422-8839-375f4ae380a4,2,293,0.075056,0.10062399999999999,2,8,4,0,1,4,1,10.244520800484903,0.08213333333333334,24,0,104,0,2,0,1,7,2,0.07067377777777778,24,0,104,0,2,0,1,7,2,0.07325454545454546,29,0,112,0,2,0,1,7,2,0.07051891891891893,29,0,112,0,2,0,1,7,2
v044,3d08c934-3de5-5df5-9704-a82963af6eea,1,1024,0.126591,0.1679365,2,8,4,0,1,4,1,10.802672816507345,0.14053333333333332,24,0,104,0,2,0,1,7,2,0.12050844444444445,24,0,104,0,2,0,1,7,2,0.1250181818181818,29,0,112,0,2,0,1,7,2,0.12023783783783784,29,0,112,0,2,0,1,7,2
v044,473ba98e-bdcb-579c-9c4d-e5de6e3f4a63,1,8192,0.9576395,1.3617650000000001,2,8,4,0,1,4,1,12.882114358187179,1.0962666666666667,24,0,104,0,2,0,1,7,2,0.9360675555555555,24,0,104,0,2,0,1,7,2,0.9721454545454545,29,0,112,0,2,0,1,7,2,0.9339027027027027,29,0,112,0,2,0,1,7,2
v044,62bb15e8-367e-5ab8-91e2-af3616abece3,4,1657,0.776842,1.0974599999999999,2,8,4,0,1,4,1,12.670259389454344,0.8877333333333333,24,0,104,0,2,0,1,7,2,0.7581191111111111,24,0,104,0,2,0,1,7,2,0.787309090909091,29,0,112,0,2,0,1,7,2,0.7563675675675676,29,0,112,0,2,0,1,7,2
v044,93b2fe42-1327-5140-8826-c6593f301069,4,512,0.2439345,0.34304100000000004,2,8,4,0,1,4,1,11.49581999706729,0.2770666666666667,24,0,104,0,2,0,1,7,2,0.23701688888888886,24,0,104,0,2,0,1,7,2,0.24603636363636364,29,0,112,0,2,0,1,7,2,0.23647567567567565,29,0,112,0,2,0,1,7,2
v044,c47946fe-4f9b-507c-a425-760d50ee0ac9,2,128,0.046287499999999995,0.046672000000000005,2,8,4,0,1,4,1,9.416378455387454,0.03813333333333334,24,0,104,0,2,0,1,7,2,0.033127111111111114,24,0,104,0,2,0,1,7,2,0.034254545454545454,29,0,112,0,2,0,1,7,2,0.03305945945945946,29,0,112,0,2,0,1,7,2
v044,ce51aff5-8ef2-5730-9de1-f1527d8edb19,32,128,0.4795155,0.679794,2,8,4,0,1,4,1,12.188967177627235,0.5501333333333334,24,0,104,0,2,0,1,7,2,0.4700337777777778,24,0,104,0,2,0,1,7,2,0.48807272727272727,29,0,112,0,2,0,1,7,2,0.46895135135135135,29,0,112,0,2,0,1,7,2
v044,d6f8d507-17f7-5ead-9522-09c7ecbf1207,16,256,0.4792755,0.6832505,2,8,4,0,1,4,1,12.188967177627235,0.5501333333333334,24,0,104,0,2,0,1,7,2,0.4700337777777778,24,0,104,0,2,0,1,7,2,0.48807272727272727,29,0,112,0,2,0,1,7,2,0.46895135135135135,29,0,112,0,2,0,1,7,2
v044,dcdec775-21aa-58cb-9fd9-322376d59814,1,128,0.037248,0.025551499999999998,2,8,4,0,1,4,1,8.723231274827508,0.021066666666666668,24,0,104,0,2,0,1,7,2,0.018563555555555555,24,0,104,0,2,0,1,7,2,0.019127272727272725,29,0,112,0,2,0,1,7,2,0.01852972972972973,29,0,112,0,2,0,1,7,2
v044,e4d4aebe-8349-5613-9bbc-d1c0ddbe191b,1,131,0.037584,0.027136,2,8,4,0,1,4,1,8.746398334109042,0.021466666666666665,24,0,104,0,2,0,1,7,2,0.01890488888888889,24,0,104,0,2,0,1,7,2,0.01948181818181818,29,0,112,0,2,0,1,7,2,0.01887027027027027,29,0,112,0,2,0,1,7,2
v044,fbd78167-8dca-5fc3-9793-3e5867bde298,8,128,0.125696,0.16691250000000002,2,8,4,0,1,4,1,10.802672816507345,0.14053333333333332,24,0,104,0,2,0,1,7,2,0.12050844444444445,24,0,104,0,2,0,1,7,2,0.1250181818181818,29,0,112,0,2,0,1,7,2,0.12023783783783784,29,0,112,0,2,0,1,7,2
v045,0648abad-cca5-589b-afce-ee461e799da3,4,1024,0.4331805,0.688307,1,2,4,0,1,8,1,12.188967177627235,0.5501333333333334,22,0,80,0,0,0,0,6,2,0.4700337777777778,22,0,80,0,0,0,0,6,2,0.48807272727272727,28,0,88,0,0,0,0,6,2,0.46895135135135135,28,0,88,0,0,0,0,6,2
v045,0f5618d6-7901-570c-8f57-273588f40be1,8,773,0.6496580000000001,1.0302435,1,2,4,0,1,8,1,12.600921601175148,0.8285333333333332,22,0,80,0,0,0,0,6,2,0.7076017777777778,22,0,80,0,0,0,0,6,2,0.7348363636363636,28,0,88,0,0,0,0,6,2,0.7059675675675675,28,0,88,0,0,0,0,6,2
v045,13ac723d-96d9-5dc3-8ff6-64cca40fee1a,4,256,0.11411,0.1739045,1,2,4,0,1,8,1,10.802672816507345,0.14053333333333332,22,0,80,0,0,0,0,6,2,0.12050844444444445,22,0,80,0,0,0,0,6,2,0.1250181818181818,28,0,88,0,0,0,0,6,2,0.12023783783783784,28,0,88,0,0,0,0,6,2
v045,277f8cdf-20d1-5ab2-915d-1a7ecebfed13,8,256,0.220126,0.34993799999999997,1,2,4,0,1,8,1,11.49581999706729,0.2770666666666667,22,0,80,0,0,0,0,6,2,0.23701688888888886,22,0,80,0,0,0,0,6,2,0.24603636363636364,28,0,88,0,0,0,0,6,2,0.23647567567567565,28,0,88,0,0,0,0,6,2
v045,3565f3a6-e573-5729-bb6a-4b19537e0a85,1,256,0.043007,0.0504005,1,2,4,0,1,8,1,9.416378455387454,0.03813333333333334,22,0,80,0,0,0,0,6,2,0.033127111111111114,22,0,80,0,0,0,0,6,2,0.034254545454545454,28,0,88,0,0,0,0,6,2,0.03305945945945946,28,0,88,0,0,0,0,6,2
v045,388488d1-b780-5422-8839-375f4ae380a4,2,293,0.068607,0.10116800000000001,1,2,4,0,1,8,1,10.244520800484903,0.08213333333333334,22,0,80,0,0,0,0,6,2,0.07067377777777778,22,0,80,0,0,0,0,6,2,0.07325454545454546,28,0,88,0,0,0,0,6,2,0.07051891891891893,28,0,88,0,0,0,0,6,2
v045,3d08c934-3de5-5df5-9704-a82963af6eea,1,1024,0.11452699999999999,0.17336049999999997,1,2,4,0,1,8,1,10.802672816507345,0.14053333333333332,22,0,80,0,0,0,0,6,2,0.12050844444444445,22,0,80,0,0,0,0,6,2,0.1250181818181818,28,0,88,0,0,0,0,6,2,0.12023783783783784,28,0,88,0,0,0,0,6,2
v045,473ba98e-bdcb-579c-9c4d-e5de6e3f4a63,1,8192,0.8583605,1.375637,1,2,4,0,1,8,1,12.882114358187179,1.0962666666666667,22,0,80,0,0,0,0,6,2,0.9360675555555555,22,0,80,0,0,0,0,6,2,0.9721454545454545,28,0,88,0,0,0,0,6,2,0.9339027027027027,28,0,88,0,0,0,0,6,2
v045,62bb15e8-367e-5ab8-91e2-af3616abece3,4,1657,0.6953705,1.1128040000000001,1,2,4,0,1,8,1,12.670259389454344,0.8877333333333333,22,0,80,0,0,0,0,6,2,0.7581191111111111,22,0,80,0,0,0,0,6,2,0.787309090909091,28,0,88,0,0,0,0,6,2,0.7563675675675676,28,0,88,0,0,0,0,6,2
v045,93b2fe42-1327-5140-8826-c6593f301069,4,512,0.22052650000000001,0.352993,1,2,4,0,1,8,1,11.49581999706729,0.2770666666666667,22,0,80,0,0,0,0,6,2,0.23701688888888886,22,0,80,0,0,0,0,6,2,0.24603636363636364,28,0,88,0,0,0,0,6,2,0.23647567567567565,28,0,88,0,0,0,0,6,2
v045,c47946fe-4f9b-507c-a425-760d50ee0ac9,2,128,0.0444155,0.047920500000000005,1,2,4,0,1,8,1,9.416378455387454,0.03813333333333334,22,0,80,0,0,0,0,6,2,0.033127111111111114,22,0,80,0,0,0,0,6,2,0.034254545454545454,28,0,88,0,0,0,0,6,2,0.03305945945945946,28,0,88,0,0,0,0,6,2
v045,ce51aff5-8ef2-5730-9de1-f1527d8edb19,32,128,0.43182,0.692947,1,2,4,0,1,8,1,12.188967177627235,0.5501333333333334,22,0,80,0,0,0,0,6,2,0.4700337777777778,22,0,80,0,0,0,0,6,2,0.48807272727272727,28,0,88,0,0,0,0,6,2,0.46895135135135135,28,0,88,0,0,0,0,6,2
v045,d6f8d507-17f7-5ead-9522-09c7ecbf1207,16,256,0.4331155,0.691442,1,2,4,0,1,8,1,12.188967177627235,0.5501333333333334,22,0,80,0,0,0,0,6,2,0.4700337777777778,22,0,80,0,0,0,0,6,2,0.48807272727272727,28,0,88,0,0,0,0,6,2,0.46895135135135135,28,0,88,0,0,0,0,6,2
v045,dcdec775-21aa-58cb-9fd9-322376d59814,1,128,0.0367355,0.025536,1,2,4,0,1,8,1,8.723231274827508,0.021066666666666668,22,0,80,0,0,0,0,6,2,0.018563555555555555,22,0,80,0,0,0,0,6,2,0.019127272727272725,28,0,88,0,0,0,0,6,2,0.01852972972972973,28,0,88,0,0,0,0,6,2
v045,e4d4aebe-8349-5613-9bbc-d1c0ddbe191b,1,131,0.0361275,0.027712,1,2,4,0,1,8,1,8.746398334109042,0.021466666666666665,22,0,80,0,0,0,0,6,2,0.01890488888888889,22,0,80,0,0,0,0,6,2,0.01948181818181818,28,0,88,0,0,0,0,6,2,0.01887027027027027,28,0,88,0,0,0,0,6,2
v045,fbd78167-8dca-5fc3-9793-3e5867bde298,8,128,0.11446300000000001,0.169937,1,2,4,0,1,8,1,10.802672816507345,0.14053333333333332,22,0,80,0,0,0,0,6,2,0.12050844444444445,22,0,80,0,0,0,0,6,2,0.1250181818181818,28,0,88,0,0,0,0,6,2,0.12023783783783784,28,0,88,0,0,0,0,6,2
v046,0648abad-cca5-589b-afce-ee461e799da3,4,1024,0.2966215,0.6735865000000001,16,1,2,1,1,8,1,12.188967177627235,0.19947581363413436,96,0,864,32,0,16,0,80,2,0.46803377777777777,96,0,864,32,0,16,0,80,2,0.08588607999999999,96,0,816,32,0,16,0,80,2,0.052331648,128,0,808,32,0,16,0,80,2
v046,0f5618d6-7901-570c-8f57-273588f40be1,8,773,0.438812,1.0136515,16,1,2,1,1,8,1,12.600921601175148,0.30014219519372237,96,0,864,32,0,16,0,80,2,0.7056017777777779,96,0,864,32,0,16,0,80,2,0.12864832,96,0,816,32,0,16,0,80,2,0.077988992,128,0,808,32,0,16,0,80,2
v046,13ac723d-96d9-5dc3-8ff6-64cca40fee1a,4,256,0.081919,0.1790245,16,1,2,1,1,8,1,10.802672816507345,0.05136895340853359,96,0,864,32,0,16,0,80,2,0.11850844444444443,96,0,864,32,0,16,0,80,2,0.02297152,96,0,816,32,0,16,0,80,2,0.014582912,128,0,808,32,0,16,0,80,2
v046,277f8cdf-20d1-5ab2-915d-1a7ecebfed13,8,256,0.153327,0.345121,16,1,2,1,1,8,1,11.49581999706729,0.10073790681706718,96,0,864,32,0,16,0,80,2,0.2350168888888889,96,0,864,32,0,16,0,80,2,0.043943039999999996,96,0,816,32,0,16,0,80,2,0.027165824,128,0,808,32,0,16,0,80,2
v046,3565f3a6-e573-5729-bb6a-4b19537e0a85,1,256,0.0248475,0.050576499999999996,16,1,2,1,1,8,1,9.416378455387454,0.014342238352133397,96,0,864,32,0,16,0,80,2,0.031127111111111112,96,0,864,32,0,16,0,80,2,0.00724288,96,0,816,32,0,16,0,80,2,0.0051457280000000005,128,0,808,32,0,16,0,80,2
v046,388488d1-b780-5422-8839-375f4ae380a4,2,293,0.0522875,0.1084325,16,1,2,1,1,8,1,10.244520800484903,0.030252154977930358,96,0,864,32,0,16,0,80,2,0.06867377777777776,96,0,864,32,0,16,0,80,2,0.01400128,96,0,816,32,0,16,0,80,2,0.009200768,128,0,808,32,0,16,0,80,2
v046,3d08c934-3de5-5df5-9704-a82963af6eea,1,1024,0.08214350000000001,0.179489,16,1,2,1,1,8,1,10.802672816507345,0.05136895340853359,96,0,864,32,0,16,0,80,2,0.11850844444444443,96,0,864,32,0,16,0,80,2,0.02297152,96,0,816,32,0,16,0,80,2,0.014582912,128,0,808,32,0,16,0,80,2
v046,473ba98e-bdcb-579c-9c4d-e5de6e3f4a63,1,8192,0.5750345,1.3369010000000001,16,1,2,1,1,8,1,12.882114358187179,0.3969516272682687,96,0,864,32,0,16,0,80,2,0.9340675555555555,96,0,864,32,0,16,0,80,2,0.16977215999999998,96,0,816,32,0,16,0,80,2,0.102663296,128,0,808,32,0,16,0,80,2
v046,62bb15e8-367e-5ab8-91e2-af3616abece3,4,1657,0.476908,1.0852355,16,1,2,1,1,8,1,12.670259389454344,0.32154826483570376,96,0,864,32,0,16,0,80,2,0.7561191111111112,96,0,864,32,0,16,0,80,2,0.13774144,96,0,816,32,0,16,0,80,2,0.083444864,128,0,808,32,0,16,0,80,2
v046,93b2fe42-1327-5140-8826-c6593f301069,4,512,0.1529745,0.34430499999999997,16,1,2,1,1,8,1,11.49581999706729,0.10073790681706718,96,0,864,32,0,16,0,80,2,0.2350168888888889,96,0,864,32,0,16,0,80,2,0.043943039999999996,96,0,816,32,0,16,0,80,2,0.027165824,128,0,808,32,0,16,0,80,2
v046,c47946fe-4f9b-507c-a425-760d50ee0ac9,2,128,0.0258875,0.0469445,16,1,2,1,1,8,1,9.416378455387454,0.014342238352133397,96,0,864,32,0,16,0,80,2,0.031127111111111112,96,0,864,32,0,16,0,80,2,0.00724288,96,0,816,32,0,16,0,80,2,0.0051457280000000005,128,0,808,32,0,16,0,80,2
v046,ce51aff5-8ef2-5730-9de1-f1527d8edb19,32,128,0.297022,0.6725145,16,1,2,1,1,8,1,12.188967177627235,0.19947581363413436,96,0,864,32,0,16,0,80,2,0.46803377777777777,96,0,864,32,0,16,0,80,2,0.08588607999999999,96,0,816,32,0,16,0,80,2,0.052331648,128,0,808,32,0,16,0,80,2
v046,d6f8d507-17f7-5ead-9522-09c7ecbf1207,16,256,0.29775799999999997,0.6729784999999999,16,1,2,1,1,8,1,12.188967177627235,0.19947581363413436,96,0,864,32,0,16,0,80,2,0.46803377777777777,96,0,864,32,0,16,0,80,2,0.08588607999999999,96,0,816,32,0,16,0,80,2,0.052331648,128,0,808,32,0,16,0,80,2
v046,dcdec775-21aa-58cb-9fd9-322376d59814,1,128,0.013408,0.023168,16,1,2,1,1,8,1,8.723231274827508,0.008171119176066699,96,0,864,32,0,16,0,80,2,0.016563555555555557,96,0,864,32,0,16,0,80,2,0.00462144,96,0,816,32,0,16,0,80,2,0.003572864,128,0,808,32,0,16,0,80,2
v046,e4d4aebe-8349-5613-9bbc-d1c0ddbe191b,1,131,0.013599,0.0256325,16,1,2,1,1,8,1,8.746398334109042,0.008315754781755762,96,0,864,32,0,16,0,80,2,0.01690488888888889,96,0,864,32,0,16,0,80,2,0.00468288,96,0,816,32,0,16,0,80,2,0.003609728,128,0,808,32,0,16,0,80,2
v046,fbd78167-8dca-5fc3-9793-3e5867bde298,8,128,0.082048,0.1772165,16,1,2,1,1,8,1,10.802672816507345,0.05136895340853359,96,0,864,32,0,16,0,80,2,0.11850844444444443,96,0,864,32,0,16,0,80,2,0.02297152,96,0,816,32,0,16,0,80,2,0.014582912,128,0,808,32,0,16,0,80,2
v047,0648abad-cca5-589b-afce-ee461e799da3,4,1024,2.295196,1.251028,1,1,2,1,1,1,0,12.188967177627235,4.371066666666667,24,0,88,2,0,1,0,5,2,3.3249521126760557,23,0,88,2,0,1,0,5,2,3.874581818181818,28,0,88,2,0,1,0,5,2,3.7216108108108106,28,0,88,2,0,1,0,5,2
v047,0f5618d6-7901-570c-8f57-273588f40be1,8,773,3.462834,1.877303,1,1,2,1,1,1,0,12.600921601175148,6.5982666666666665,24,0,88,2,0,1,0,5,2,5.018878873239436,23,0,88,2,0,1,0,5,2,5.84869090909091,28,0,88,2,0,1,0,5,2,5.617740540540541,28,0,88,2,0,1,0,5,2
v047,13ac723d-96d9-5dc3-8ff6-64cca40fee1a,4,256,0.5792269999999999,0.32760100000000003,1,1,2,1,1,1,0,10.802672816507345,1.0942666666666667,24,0,88,2,0,1,0,5,2,0.8327380281690141,23,0,88,2,0,1,0,5,2,0.9701454545454546,28,0,88,2,0,1,0,5,2,0.9319027027027027,28,0,88,2,0,1,0,5,2
v047,277f8cdf-20d1-5ab2-915d-1a7ecebfed13,8,256,1.150774,0.6361785,1,1,2,1,1,1,0,11.49581999706729,2.186533333333333,24,0,88,2,0,1,0,5,2,1.6634760563380282,23,0,88,2,0,1,0,5,2,1.938290909090909,28,0,88,2,0,1,0,5,2,1.8618054054054054,28,0,88,2,0,1,0,5,2
v047,3565f3a6-e573-5729-bb6a-4b19537e0a85,1,256,0.148383,0.0892965,1,1,2,1,1,1,0,9.416378455387454,0.2750666666666667,24,0,88,2,0,1,0,5,2,0.2096845070422535,23,0,88,2,0,1,0,5,2,0.24403636363636363,28,0,88,2,0,1,0,5,2,0.23447567567567568,28,0,88,2,0,1,0,5,2
v047,388488d1-b780-5422-8839-375f4ae380a4,2,293,0.3348775,0.1951205,1,1,2,1,1,1,0,10.244520800484903,0.6270666666666668,24,0,88,2,0,1,0,5,2,0.4774028169014084,23,0,88,2,0,1,0,5,2,0.5560363636363638,28,0,88,2,0,1,0,5,2,0.5341513513513514,28,0,88,2,0,1,0,5,2
v047,3d08c934-3de5-5df5-9704-a82963af6eea,1,1024,0.579739,0.3275215,1,1,2,1,1,1,0,10.802672816507345,1.0942666666666667,24,0,88,2,0,1,0,5,2,0.8327380281690141,23,0,88,2,0,1,0,5,2,0.9701454545454546,28,0,88,2,0,1,0,5,2,0.9319027027027027,28,0,88,2,0,1,0,5,2
v047,473ba98e-bdcb-579c-9c4d-e5de6e3f4a63,1,8192,4.582553000000001,2.477561,1,1,2,1,1,1,0,12.882114358187179,8.740133333333334,24,0,88,2,0,1,0,5,2,6.647904225352113,23,0,88,2,0,1,0,5,2,7.747163636363637,28,0,88,2,0,1,0,5,2,7.441221621621622,28,0,88,2,0,1,0,5,2
v047,62bb15e8-367e-5ab8-91e2-af3616abece3,4,1657,3.709088,2.011447,1,1,2,1,1,1,0,12.670259389454344,7.071866666666667,24,0,88,2,0,1,0,5,2,5.379081690140844,23,0,88,2,0,1,0,5,2,6.268472727272728,28,0,88,2,0,1,0,5,2,6.020940540540541,28,0,88,2,0,1,0,5,2
v047,93b2fe42-1327-5140-8826-c6593f301069,4,512,1.150246,0.63717,1,1,2,1,1,1,0,11.49581999706729,2.186533333333333,24,0,88,2,0,1,0,5,2,1.6634760563380282,23,0,88,2,0,1,0,5,2,1.938290909090909,28,0,88,2,0,1,0,5,2,1.8618054054054054,28,0,88,2,0,1,0,5,2
v047,c47946fe-4f9b-507c-a425-760d50ee0ac9,2,128,0.160047,0.0901125,1,1,2,1,1,1,0,9.416378455387454,0.2750666666666667,24,0,88,2,0,1,0,5,2,0.2096845070422535,23,0,88,2,0,1,0,5,2,0.24403636363636363,28,0,88,2,0,1,0,5,2,0.23447567567567568,28,0,88,2,0,1,0,5,2
v047,ce51aff5-8ef2-5730-9de1-f1527d8edb19,32,128,2.2926365,1.2526285000000001,1,1,2,1,1,1,0,12.188967177627235,4.371066666666667,24,0,88,2,0,1,0,5,2,3.3249521126760557,23,0,88,2,0,1,0,5,2,3.874581818181818,28,0,88,2,0,1,0,5,2,3.7216108108108106,28,0,88,2,0,1,0,5,2
v047,d6f8d507-17f7-5ead-9522-09c7ecbf1207,16,256,2.2984445,1.2519725,1,1,2,1,1,1,0,12.188967177627235,4.371066666666667,24,0,88,2,0,1,0,5,2,3.3249521126760557,23,0,88,2,0,1,0,5,2,3.874581818181818,28,0,88,2,0,1,0,5,2,3.7216108108108106,28,0,88,2,0,1,0,5,2
v047,dcdec775-21aa-58cb-9fd9-322376d59814,1,128,0.076095,0.046544,1,1,2,1,1,1,0,8.723231274827508,0.13853333333333334,24,0,88,2,0,1,0,5,2,0.10584225352112675,23,0,88,2,0,1,0,5,2,0.12301818181818182,28,0,88,2,0,1,0,5,2,0.11823783783783783,28,0,88,2,0,1,0,5,2
v047,e4d4aebe-8349-5613-9bbc-d1c0ddbe191b,1,131,0.078287,0.047936,1,1,2,1,1,1,0,8.746398334109042,0.14173333333333332,24,0,88,2,0,1,0,5,2,0.10827605633802816,23,0,88,2,0,1,0,5,2,0.12585454545454544,28,0,88,2,0,1,0,5,2,0.12096216216216216,28,0,88,2,0,1,0,5,2
v047,fbd78167-8dca-5fc3-9793-3e5867bde298,8,128,0.5796589999999999,0.327905,1,1,2,1,1,1,0,10.802672816507345,1.0942666666666667,24,0,88,2,0,1,0,5,2,0.8327380281690141,23,0,88,2,0,1,0,5,2,0.9701454545454546,28,0,88,2,0,1,0,5,2,0.9319027027027027,28,0,88,2,0,1,0,5,2
v048,0648abad-cca5-589b-afce-ee461e799da3,4,1024,1.368148,0.810691,1,4,4,0,1,2,1,12.188967177627235,2.1885333333333334,20,0,80,0,2,0,1,7,2,1.6654760563380282,22,0,80,0,2,0,1,7,2,1.9402909090909093,28,0,88,0,2,0,1,7,2,1.8638054054054054,28,0,88,0,2,0,1,7,2
v048,0f5618d6-7901-570c-8f57-273588f40be1,8,773,2.06187,1.211716,1,4,4,0,1,2,1,12.600921601175148,3.3021333333333334,20,0,80,0,2,0,1,7,2,2.5124394366197182,22,0,80,0,2,0,1,7,2,2.9273454545454545,28,0,88,0,2,0,1,7,2,2.8118702702702705,28,0,88,0,2,0,1,7,2
v048,13ac723d-96d9-5dc3-8ff6-64cca40fee1a,4,256,0.347661,0.229201,1,4,4,0,1,2,1,10.802672816507345,0.5501333333333334,20,0,80,0,2,0,1,7,2,0.419369014084507,22,0,80,0,2,0,1,7,2,0.48807272727272727,28,0,88,0,2,0,1,7,2,0.46895135135135135,28,0,88,0,2,0,1,7,2
v048,277f8cdf-20d1-5ab2-915d-1a7ecebfed13,8,256,0.6874180000000001,0.424273,1,4,4,0,1,2,1,11.49581999706729,1.0962666666666667,20,0,80,0,2,0,1,7,2,0.834738028169014,22,0,80,0,2,0,1,7,2,0.9721454545454545,28,0,88,0,2,0,1,7,2,0.9339027027027027,28,0,88,0,2,0,1,7,2
v048,3565f3a6-e573-5729-bb6a-4b19537e0a85,1,256,0.093407,0.0716325,1,4,4,0,1,2,1,9.416378455387454,0.14053333333333332,20,0,80,0,2,0,1,7,2,0.10784225352112675,22,0,80,0,2,0,1,7,2,0.1250181818181818,28,0,88,0,2,0,1,7,2,0.12023783783783784,28,0,88,0,2,0,1,7,2
v048,388488d1-b780-5422-8839-375f4ae380a4,2,293,0.202878,0.1470565,1,4,4,0,1,2,1,10.244520800484903,0.31653333333333333,20,0,80,0,2,0,1,7,2,0.2417014084507042,22,0,80,0,2,0,1,7,2,0.28101818181818183,28,0,88,0,2,0,1,7,2,0.27007567567567564,28,0,88,0,2,0,1,7,2
v048,3d08c934-3de5-5df5-9704-a82963af6eea,1,1024,0.348397,0.22947250000000002,1,4,4,0,1,2,1,10.802672816507345,0.5501333333333334,20,0,80,0,2,0,1,7,2,0.419369014084507,22,0,80,0,2,0,1,7,2,0.48807272727272727,28,0,88,0,2,0,1,7,2,0.46895135135135135,28,0,88,0,2,0,1,7,2
v048,473ba98e-bdcb-579c-9c4d-e5de6e3f4a63,1,8192,2.730905,1.5900215,1,4,4,0,1,2,1,12.882114358187179,4.373066666666666,20,0,80,0,2,0,1,7,2,3.3269521126760564,22,0,80,0,2,0,1,7,2,3.876581818181818,28,0,88,0,2,0,1,7,2,3.723610810810811,28,0,88,0,2,0,1,7,2
v048,62bb15e8-367e-5ab8-91e2-af3616abece3,4,1657,2.3305239999999996,1.2928045,1,4,4,0,1,2,1,12.670259389454344,3.5389333333333335,20,0,80,0,2,0,1,7,2,2.6925408450704222,22,0,80,0,2,0,1,7,2,3.137236363636364,28,0,88,0,2,0,1,7,2,3.0134702702702705,28,0,88,0,2,0,1,7,2
v048,93b2fe42-1327-5140-8826-c6593f301069,4,512,0.6871780000000001,0.4239855,1,4,4,0,1,2,1,11.49581999706729,1.0962666666666667,20,0,80,0,2,0,1,7,2,0.834738028169014,22,0,80,0,2,0,1,7,2,0.9721454545454545,28,0,88,0,2,0,1,7,2,0.9339027027027027,28,0,88,0,2,0,1,7,2
v048,c47946fe-4f9b-507c-a425-760d50ee0ac9,2,128,0.100607,0.071904,1,4,4,0,1,2,1,9.416378455387454,0.14053333333333332,20,0,80,0,2,0,1,7,2,0.10784225352112675,22,0,80,0,2,0,1,7,2,0.1250181818181818,28,0,88,0,2,0,1,7,2,0.12023783783783784,28,0,88,0,2,0,1,7,2
v048,ce51aff5-8ef2-5730-9de1-f1527d8edb19,32,128,1.364516,0.810835,1,4,4,0,1,2,1,12.188967177627235,2.1885333333333334,20,0,80,0,2,0,1,7,2,1.6654760563380282,22,0,80,0,2,0,1,7,2,1.9402909090909093,28,0,88,0,2,0,1,7,2,1.8638054054054054,28,0,88,0,2,0,1,7,2
v048,d6f8d507-17f7-5ead-9522-09c7ecbf1207,16,256,1.365268,0.8118270000000001,1,4,4,0,1,2,1,12.188967177627235,2.1885333333333334,20,0,80,0,2,0,1,7,2,1.6654760563380282,22,0,80,0,2,0,1,7,2,1.9402909090909093,28,0,88,0,2,0,1,7,2,1.8638054054054054,28,0,88,0,2,0,1,7,2
v048,dcdec775-21aa-58cb-9fd9-322376d59814,1,128,0.052544,0.0388485,1,4,4,0,1,2,1,8.723231274827508,0.07226666666666667,20,0,80,0,2,0,1,7,2,0.05592112676056338,22,0,80,0,2,0,1,7,2,0.06450909090909092,28,0,88,0,2,0,1,7,2,0.06211891891891892,28,0,88,0,2,0,1,7,2
v048,e4d4aebe-8349-5613-9bbc-d1c0ddbe191b,1,131,0.053679,0.0394725,1,4,4,0,1,2,1,8.746398334109042,0.07386666666666666,20,0,80,0,2,0,1,7,2,0.05713802816901409,22,0,80,0,2,0,1,7,2,0.06592727272727272,28,0,88,0,2,0,1,7,2,0.06348108108108108,28,0,88,0,2,0,1,7,2
v048,fbd78167-8dca-5fc3-9793-3e5867bde298,8,128,0.347451,0.229905,1,4,4,0,1,2,1,10.802672816507345,0.5501333333333334,20,0,80,0,2,0,1,7,2,0.419369014084507,22,0,80,0,2,0,1,7,2,0.48807272727272727,28,0,88,0,2,0,1,7,2,0.46895135135135135,28,0,88,0,2,0,1,7,2
v049,0648abad-cca5-589b-afce-ee461e799da3,4,1024,0.419613,0.668114,32,2,3,1,1,1,1,12.188967177627235,0.19947581363413436,128,0,872,32,0,16,0,80,2,0.46803377777777777,128,0,872,32,0,16,0,80,2,0.12301818181818182,128,0,816,32,0,16,0,80,2,0.11823783783783783,149,0,808,32,0,16,0,80,2
v049,0f5618d6-7901-570c-8f57-273588f40be1,8,773,0.630653,0.9961154999999999,32,2,3,1,1,1,1,12.600921601175148,0.30014219519372237,128,0,872,32,0,16,0,80,2,0.7056017777777779,128,0,872,32,0,16,0,80,2,0.1847090909090909,128,0,816,32,0,16,0,80,2,0.17749189189189188,149,0,808,32,0,16,0,80,2
v049,13ac723d-96d9-5dc3-8ff6-64cca40fee1a,4,256,0.108591,0.1756965,32,2,3,1,1,1,1,10.802672816507345,0.05136895340853359,128,0,872,32,0,16,0,80,2,0.11850844444444443,128,0,872,32,0,16,0,80,2,0.03225454545454546,128,0,816,32,0,16,0,80,2,0.03105945945945946,149,0,808,32,0,16,0,80,2
v049,277f8cdf-20d1-5ab2-915d-1a7ecebfed13,8,256,0.21131,0.33923349999999997,32,2,3,1,1,1,1,11.49581999706729,0.10073790681706718,128,0,872,32,0,16,0,80,2,0.2350168888888889,128,0,872,32,0,16,0,80,2,0.0625090909090909,128,0,816,32,0,16,0,80,2,0.06011891891891892,149,0,808,32,0,16,0,80,2
v049,3565f3a6-e573-5729-bb6a-4b19537e0a85,1,256,0.031648,0.050783999999999996,32,2,3,1,1,1,1,9.416378455387454,0.014342238352133397,128,0,872,32,0,16,0,80,2,0.031127111111111112,128,0,872,32,0,16,0,80,2,0.009563636363636363,128,0,816,32,0,16,0,80,2,0.009264864864864865,149,0,808,32,0,16,0,80,2
v049,388488d1-b780-5422-8839-375f4ae380a4,2,293,0.0651515,0.0995045,32,2,3,1,1,1,1,10.244520800484903,0.030252154977930358,128,0,872,32,0,16,0,80,2,0.06867377777777776,128,0,872,32,0,16,0,80,2,0.019313636363636366,128,0,816,32,0,16,0,80,2,0.018629729729729733,149,0,808,32,0,16,0,80,2
v049,3d08c934-3de5-5df5-9704-a82963af6eea,1,1024,0.10825499999999999,0.1758565,32,2,3,1,1,1,1,10.802672816507345,0.05136895340853359,128,0,872,32,0,16,0,80,2,0.11850844444444443,128,0,872,32,0,16,0,80,2,0.03225454545454546,128,0,816,32,0,16,0,80,2,0.03105945945945946,149,0,808,32,0,16,0,80,2
v049,473ba98e-bdcb-579c-9c4d-e5de6e3f4a63,1,8192,0.8338650000000001,1.3127879999999998,32,2,3,1,1,1,1,12.882114358187179,0.3969516272682687,128,0,872,32,0,16,0,80,2,0.9340675555555555,128,0,872,32,0,16,0,80,2,0.24403636363636363,128,0,816,32,0,16,0,80,2,0.23447567567567568,149,0,808,32,0,16,0,80,2
v049,62bb15e8-367e-5ab8-91e2-af3616abece3,4,1657,0.720682,1.0760035000000001,32,2,3,1,1,1,1,12.670259389454344,0.32154826483570376,128,0,872,32,0,16,0,80,2,0.7561191111111112,128,0,872,32,0,16,0,80,2,0.19782727272727274,128,0,816,32,0,16,0,80,2,0.19009189189189188,149,0,808,32,0,16,0,80,2
v049,93b2fe42-1327-5140-8826-c6593f301069,4,512,0.21174199999999999,0.338769,32,2,3,1,1,1,1,11.49581999706729,0.10073790681706718,128,0,872,32,0,16,0,80,2,0.2350168888888889,128,0,872,32,0,16,0,80,2,0.0625090909090909,128,0,816,32,0,16,0,80,2,0.06011891891891892,149,0,808,32,0,16,0,80,2
v049,c47946fe-4f9b-507c-a425-760d50ee0ac9,2,128,0.034,0.046144,32,2,3,1,1,1,1,9.416378455387454,0.014342238352133397,128,0,872,32,0,16,0,80,2,0.031127111111111112,128,0,872,32,0,16,0,80,2,0.009563636363636363,128,0,816,32,0,16,0,80,2,0.009264864864864865,149,0,808,32,0,16,0,80,2
v049,ce51aff5-8ef2-5730-9de1-f1527d8edb19,32,128,0.41914850000000003,0.6683705,32,2,3,1,1,1,1,12.188967177627235,0.19947581363413436,128,0,872,32,0,16,0,80,2,0.46803377777777777,128,0,872,32,0,16,0,80,2,0.12301818181818182,128,0,816,32,0,16,0,80,2,0.11823783783783783,149,0,808,32,0,16,0,80,2
v049,d6f8d507-17f7-5ead-9522-09c7ecbf1207,16,256,0.418892,0.670114,32,2,3,1,1,1,1,12.188967177627235,0.19947581363413436,128,0,872,32,0,16,0,80,2,0.46803377777777777,128,0,872,32,0,16,0,80,2,0.12301818181818182,128,0,816,32,0,16,0,80,2,0.11823783783783783,149,0,808,32,0,16,0,80,2
v049,dcdec775-21aa-58cb-9fd9-322376d59814,1,128,0.0175675,0.0228005,32,2,3,1,1,1,1,8.723231274827508,0.008171119176066699,128,0,872,32,0,16,0,80,2,0.016563555555555557,128,0,872,32,0,16,0,80,2,0.005781818181818182,128,0,816,32,0,16,0,80,2,0.005632432432432432,149,0,808,32,0,16,0,80,2
v049,e4d4aebe-8349-5613-9bbc-d1c0ddbe191b,1,131,0.017888,0.0269125,32,2,3,1,1,1,1,8.746398334109042,0.008315754781755762,128,0,872,32,0,16,0,80,2,0.01690488888888889,128,0,872,32,0,16,0,80,2,0.005870454545454546,128,0,816,32,0,16,0,80,2,0.005717567567567568,149,0,808,32,0,16,0,80,2
v049,fbd78167-8dca-5fc3-9793-3e5867bde298,8,128,0.108879,0.1716805,32,2,3,1,1,1,1,10.802672816507345,0.05136895340853359,128,0,872,32,0,16,0,80,2,0.11850844444444443,128,0,872,32,0,16,0,80,2,0.03225454545454546,128,0,816,32,0,16,0,80,2,0.03105945945945946,149,0,808,32,0,16,0,80,2
v050,0648abad-cca5-589b-afce-ee461e799da3,4,1024,0.248254,0.634098,8,1,1,0,0,0,0,12.188967177627235,0.22616029033840115,64,0,360,16,0,8,0,40,1,0.5210062222222221,80,0,360,16,0,8,0,40,1,0.09050752000000001,64,0,368,16,0,8,0,40,1,0.05855872000000001,68,0,360,16,0,8,0,40,1
v050,0f5618d6-7901-570c-8f57-273588f40be1,8,773,0.366669,0.9531075,8,1,1,0,0,0,0,12.600921601175148,0.3094703992153016,64,0,360,16,0,8,0,40,1,0.7148835555555556,80,0,360,16,0,8,0,40,1,0.13376128,64,0,368,16,0,8,0,40,1,0.08583808,68,0,360,16,0,8,0,40,1
v050,13ac723d-96d9-5dc3-8ff6-64cca40fee1a,4,256,0.06508749999999999,0.158753,8,1,1,0,0,0,0,10.802672816507345,0.05954007258460029,64,0,360,16,0,8,0,40,1,0.13325155555555554,80,0,360,16,0,8,0,40,1,0.03283584,64,0,368,16,0,8,0,40,1,0.02218624,68,0,360,16,0,8,0,40,1
v050,277f8cdf-20d1-5ab2-915d-1a7ecebfed13,8,256,0.125743,0.316929,8,1,1,0,0,0,0,11.49581999706729,0.11508014516920058,64,0,360,16,0,8,0,40,1,0.2625031111111111,80,0,360,16,0,8,0,40,1,0.04725376,64,0,368,16,0,8,0,40,1,0.03127936,68,0,360,16,0,8,0,40,1
v050,3565f3a6-e573-5729-bb6a-4b19537e0a85,1,256,0.0374875,0.037584000000000006,8,1,1,0,0,0,0,9.416378455387454,0.016342238352133397,64,0,360,16,0,8,0,40,1,0.033127111111111114,80,0,360,16,0,8,0,40,1,0.00924288,64,0,368,16,0,8,0,40,1,0.007145728,68,0,360,16,0,8,0,40,1
v050,388488d1-b780-5422-8839-375f4ae380a4,2,293,0.0480795,0.0894085,8,1,1,0,0,0,0,10.244520800484903,0.05954007258460029,64,0,360,16,0,8,0,40,1,0.13325155555555554,80,0,360,16,0,8,0,40,1,0.01600128,64,0,368,16,0,8,0,40,1,0.011200767999999998,68,0,360,16,0,8,0,40,1
v050,3d08c934-3de5-5df5-9704-a82963af6eea,1,1024,0.0651515,0.16137649999999998,8,1,1,0,0,0,0,10.802672816507345,0.05954007258460029,64,0,360,16,0,8,0,40,1,0.13325155555555554,80,0,360,16,0,8,0,40,1,0.03283584,64,0,368,16,0,8,0,40,1,0.02218624,68,0,360,16,0,8,0,40,1
v050,473ba98e-bdcb-579c-9c4d-e5de6e3f4a63,1,8192,0.47998,1.249988,8,1,1,0,0,0,0,12.882114358187179,0.4205505443845022,64,0,360,16,0,8,0,40,1,0.9733866666666666,80,0,360,16,0,8,0,40,1,0.17701503999999998,64,0,368,16,0,8,0,40,1,0.11311744000000001,68,0,360,16,0,8,0,40,1
v050,62bb15e8-367e-5ab8-91e2-af3616abece3,4,1657,0.3909565,1.01298,8,1,1,0,0,0,0,12.670259389454344,0.33724043550760174,64,0,360,16,0,8,0,40,1,0.7795093333333333,80,0,360,16,0,8,0,40,1,0.14817919999999998,64,0,368,16,0,8,0,40,1,0.08583808,68,0,360,16,0,8,0,40,1
v050,93b2fe42-1327-5140-8826-c6593f301069,4,512,0.1251825,0.317025,8,1,1,0,0,0,0,11.49581999706729,0.11508014516920058,64,0,360,16,0,8,0,40,1,0.2625031111111111,80,0,360,16,0,8,0,40,1,0.04725376,64,0,368,16,0,8,0,40,1,0.03127936,68,0,360,16,0,8,0,40,1
v050,c47946fe-4f9b-507c-a425-760d50ee0ac9,2,128,0.038224,0.037728,8,1,1,0,0,0,0,9.416378455387454,0.016342238352133397,64,0,360,16,0,8,0,40,1,0.033127111111111114,80,0,360,16,0,8,0,40,1,0.00924288,64,0,368,16,0,8,0,40,1,0.007145728,68,0,360,16,0,8,0,40,1
v050,ce51aff5-8ef2-5730-9de1-f1527d8edb19,32,128,0.2477255,0.631682,8,1,1,0,0,0,0,12.188967177627235,0.22616029033840115,64,0,360,16,0,8,0,40,1,0.5210062222222221,80,0,360,16,0,8,0,40,1,0.09050752000000001,64,0,368,16,0,8,0,40,1,0.05855872000000001,68,0,360,16,0,8,0,40,1
v050,d6f8d507-17f7-5ead-9522-09c7ecbf1207,16,256,0.24788549999999998,0.630594,8,1,1,0,0,0,0,12.188967177627235,0.22616029033840115,64,0,360,16,0,8,0,40,1,0.5210062222222221,80,0,360,16,0,8,0,40,1,0.09050752000000001,64,0,368,16,0,8,0,40,1,0.05855872000000001,68,0,360,16,0,8,0,40,1
v050,dcdec775-21aa-58cb-9fd9-322376d59814,1,128,0.034575499999999995,0.021344,8,1,1,0,0,0,0,8.723231274827508,0.010171119176066699,64,0,360,16,0,8,0,40,1,0.018563555555555555,80,0,360,16,0,8,0,40,1,0.00662144,64,0,368,16,0,8,0,40,1,0.0068000000000000005,68,0,360,16,0,8,0,40,1
v050,e4d4aebe-8349-5613-9bbc-d1c0ddbe191b,1,131,0.0342555,0.022576,8,1,1,0,0,0,0,8.746398334109042,0.01031575478175576,64,0,360,16,0,8,0,40,1,0.01890488888888889,80,0,360,16,0,8,0,40,1,0.00668288,64,0,368,16,0,8,0,40,1,0.0068,68,0,360,16,0,8,0,40,1
v050,fbd78167-8dca-5fc3-9793-3e5867bde298,8,128,0.0653115,0.1567845,8,1,1,0,0,0,0,10.802672816507345,0.05954007258460029,64,0,360,16,0,8,0,40,1,0.13325155555555554,80,0,360,16,0,8,0,40,1,0.03283584,64,0,368,16,0,8,0,40,1,0.02218624,68,0,360,16,0,8,0,40,1
v051,0648abad-cca5-589b-afce-ee461e799da3,4,1024,0.2567985,0.6556345,32,2,2,0,1,8,0,12.188967177627235,0.20147581363413436,128,0,720,32,0,16,0,80,2,0.4700337777777778,128,0,720,32,0,16,0,80,2,0.08788607999999999,128,0,728,32,0,16,0,80,2,0.054331648,128,0,720,32,0,16,0,80,2
v051,0f5618d6-7901-570c-8f57-273588f40be1,8,773,0.37988500000000003,0.9847075000000001,32,2,2,0,1,8,0,12.600921601175148,0.3021421951937224,128,0,720,32,0,16,0,80,2,0.7076017777777778,128,0,720,32,0,16,0,80,2,0.13064831999999998,128,0,728,32,0,16,0,80,2,0.079988992,128,0,720,32,0,16,0,80,2
v051,13ac723d-96d9-5dc3-8ff6-64cca40fee1a,4,256,0.06550349999999999,0.1611845,32,2,2,0,1,8,0,10.802672816507345,0.05336895340853359,128,0,720,32,0,16,0,80,2,0.12050844444444445,128,0,720,32,0,16,0,80,2,0.024971519999999997,128,0,728,32,0,16,0,80,2,0.016582911999999998,128,0,720,32,0,16,0,80,2
v051,277f8cdf-20d1-5ab2-915d-1a7ecebfed13,8,256,0.129375,0.3245455,32,2,2,0,1,8,0,11.49581999706729,0.10273790681706718,128,0,720,32,0,16,0,80,2,0.23701688888888886,128,0,720,32,0,16,0,80,2,0.04594304,128,0,728,32,0,16,0,80,2,0.029165824,128,0,720,32,0,16,0,80,2
v051,3565f3a6-e573-5729-bb6a-4b19537e0a85,1,256,0.038127499999999995,0.037136,32,2,2,0,1,8,0,9.416378455387454,0.016342238352133397,128,0,720,32,0,16,0,80,2,0.033127111111111114,128,0,720,32,0,16,0,80,2,0.00924288,128,0,728,32,0,16,0,80,2,0.007145728,128,0,720,32,0,16,0,80,2
v051,388488d1-b780-5422-8839-375f4ae380a4,2,293,0.0485595,0.0887365,32,2,2,0,1,8,0,10.244520800484903,0.03225215497793036,128,0,720,32,0,16,0,80,2,0.07067377777777778,128,0,720,32,0,16,0,80,2,0.01600128,128,0,728,32,0,16,0,80,2,0.011200767999999998,128,0,720,32,0,16,0,80,2
v051,3d08c934-3de5-5df5-9704-a82963af6eea,1,1024,0.065183,0.1637925,32,2,2,0,1,8,0,10.802672816507345,0.05336895340853359,128,0,720,32,0,16,0,80,2,0.12050844444444445,128,0,720,32,0,16,0,80,2,0.024971519999999997,128,0,728,32,0,16,0,80,2,0.016582911999999998,128,0,720,32,0,16,0,80,2
v051,473ba98e-bdcb-579c-9c4d-e5de6e3f4a63,1,8192,0.49649200000000004,1.2994124999999999,32,2,2,0,1,8,0,12.882114358187179,0.3989516272682687,128,0,720,32,0,16,0,80,2,0.9360675555555555,128,0,720,32,0,16,0,80,2,0.17177215999999998,128,0,728,32,0,16,0,80,2,0.104663296,128,0,720,32,0,16,0,80,2
v051,62bb15e8-367e-5ab8-91e2-af3616abece3,4,1657,0.40693999999999997,1.05474,32,2,2,0,1,8,0,12.670259389454344,0.32354826483570376,128,0,720,32,0,16,0,80,2,0.7581191111111111,128,0,720,32,0,16,0,80,2,0.13974143999999997,128,0,728,32,0,16,0,80,2,0.08544486400000001,128,0,720,32,0,16,0,80,2
v051,93b2fe42-1327-5140-8826-c6593f301069,4,512,0.1285425,0.324113,32,2,2,0,1,8,0,11.49581999706729,0.10273790681706718,128,0,720,32,0,16,0,80,2,0.23701688888888886,128,0,720,32,0,16,0,80,2,0.04594304,128,0,728,32,0,16,0,80,2,0.029165824,128,0,720,32,0,16,0,80,2
v051,c47946fe-4f9b-507c-a425-760d50ee0ac9,2,128,0.0385435,0.036559999999999995,32,2,2,0,1,8,0,9.416378455387454,0.016342238352133397,128,0,720,32,0,16,0,80,2,0.033127111111111114,128,0,720,32,0,16,0,80,2,0.00924288,128,0,728,32,0,16,0,80,2,0.007145728,128,0,720,32,0,16,0,80,2
v051,ce51aff5-8ef2-5730-9de1-f1527d8edb19,32,128,0.25641400000000003,0.653346,32,2,2,0,1,8,0,12.188967177627235,0.20147581363413436,128,0,720,32,0,16,0,80,2,0.4700337777777778,128,0,720,32,0,16,0,80,2,0.08788607999999999,128,0,728,32,0,16,0,80,2,0.054331648,128,0,720,32,0,16,0,80,2
v051,d6f8d507-17f7-5ead-9522-09c7ecbf1207,16,256,0.25766100000000003,0.6526105,32,2,2,0,1,8,0,12.188967177627235,0.20147581363413436,128,0,720,32,0,16,0,80,2,0.4700337777777778,128,0,720,32,0,16,0,80,2,0.08788607999999999,128,0,728,32,0,16,0,80,2,0.054331648,128,0,720,32,0,16,0,80,2
v051,dcdec775-21aa-58cb-9fd9-322376d59814,1,128,0.0344475,0.02176,32,2,2,0,1,8,0,8.723231274827508,0.010171119176066699,128,0,720,32,0,16,0,80,2,0.018563555555555555,128,0,720,32,0,16,0,80,2,0.00662144,128,0,728,32,0,16,0,80,2,0.0068000000000000005,128,0,720,32,0,16,0,80,2
v051,e4d4aebe-8349-5613-9bbc-d1c0ddbe191b,1,131,0.034639500000000004,0.022848,32,2,2,0,1,8,0,8.746398334109042,0.01031575478175576,128,0,720,32,0,16,0,80,2,0.01890488888888889,128,0,720,32,0,16,0,80,2,0.00668288,128,0,728,32,0,16,0,80,2,0.0067928934010152275,128,0,720,32,0,16,0,80,2
v051,fbd78167-8dca-5fc3-9793-3e5867bde298,8,128,0.065184,0.160177,32,2,2,0,1,8,0,10.802672816507345,0.05336895340853359,128,0,720,32,0,16,0,80,2,0.12050844444444445,128,0,720,32,0,16,0,80,2,0.024971519999999997,128,0,728,32,0,16,0,80,2,0.016582911999999998,128,0,720,32,0,16,0,80,2
v052,0648abad-cca5-589b-afce-ee461e799da3,4,1024,0.27055700000000005,0.6800665,32,8,3,0,1,8,1,12.188967177627235,0.20147581363413436,48,0,248,8,0,4,0,20,2,0.4700337777777778,48,0,248,8,0,4,0,20,2,0.08788607999999999,48,0,240,8,0,4,0,20,2,0.054331648,53,0,240,8,0,4,0,20,2
v052,0f5618d6-7901-570c-8f57-273588f40be1,8,773,0.401821,1.0342115,32,8,3,0,1,8,1,12.600921601175148,0.3021421951937224,48,0,248,8,0,4,0,20,2,0.7076017777777778,48,0,248,8,0,4,0,20,2,0.13064831999999998,48,0,240,8,0,4,0,20,2,0.079988992,53,0,240,8,0,4,0,20,2
v052,13ac723d-96d9-5dc3-8ff6-64cca40fee1a,4,256,0.0673275,0.1654085,32,8,3,0,1,8,1,10.802672816507345,0.05336895340853359,48,0,248,8,0,4,0,20,2,0.12050844444444445,48,0,248,8,0,4,0,20,2,0.024971519999999997,48,0,240,8,0,4,0,20,2,0.016582911999999998,53,0,240,8,0,4,0,20,2
v052,277f8cdf-20d1-5ab2-915d-1a7ecebfed13,8,256,0.131359,0.3371535,32,8,3,0,1,8,1,11.49581999706729,0.10273790681706718,48,0,248,8,0,4,0,20,2,0.23701688888888886,48,0,248,8,0,4,0,20,2,0.04594304,48,0,240,8,0,4,0,20,2,0.029165824,53,0,240,8,0,4,0,20,2
v052,3565f3a6-e573-5729-bb6a-4b19537e0a85,1,256,0.037151500000000004,0.0387525,32,8,3,0,1,8,1,9.416378455387454,0.016342238352133397,48,0,248,8,0,4,0,20,2,0.033127111111111114,48,0,248,8,0,4,0,20,2,0.00924288,48,0,240,8,0,4,0,20,2,0.007145728,53,0,240,8,0,4,0,20,2
v052,388488d1-b780-5422-8839-375f4ae380a4,2,293,0.0481115,0.0960645,32,8,3,0,1,8,1,10.244520800484903,0.03225215497793036,48,0,248,8,0,4,0,20,2,0.07067377777777778,48,0,248,8,0,4,0,20,2,0.01600128,48,0,240,8,0,4,0,20,2,0.011200767999999998,53,0,240,8,0,4,0,20,2
v052,3d08c934-3de5-5df5-9704-a82963af6eea,1,1024,0.066911,0.16336099999999998,32,8,3,0,1,8,1,10.802672816507345,0.05336895340853359,48,0,248,8,0,4,0,20,2,0.12050844444444445,48,0,248,8,0,4,0,20,2,0.024971519999999997,48,0,240,8,0,4,0,20,2,0.016582911999999998,53,0,240,8,0,4,0,20,2
v052,473ba98e-bdcb-579c-9c4d-e5de6e3f4a63,1,8192,0.5283795,1.367829,32,8,3,0,1,8,1,12.882114358187179,0.3989516272682687,48,0,248,8,0,4,0,20,2,0.9360675555555555,48,0,248,8,0,4,0,20,2,0.17177215999999998,48,0,240,8,0,4,0,20,2,0.104663296,53,0,240,8,0,4,0,20,2
v052,62bb15e8-367e-5ab8-91e2-af3616abece3,4,1657,0.4294515,1.103124,32,8,3,0,1,8,1,12.670259389454344,0.32354826483570376,48,0,248,8,0,4,0,20,2,0.7581191111111111,48,0,248,8,0,4,0,20,2,0.13974143999999997,48,0,240,8,0,4,0,20,2,0.08544486400000001,53,0,240,8,0,4,0,20,2
v052,93b2fe42-1327-5140-8826-c6593f301069,4,512,0.131199,0.3361775,32,8,3,0,1,8,1,11.49581999706729,0.10273790681706718,48,0,248,8,0,4,0,20,2,0.23701688888888886,48,0,248,8,0,4,0,20,2,0.04594304,48,0,240,8,0,4,0,20,2,0.029165824,53,0,240,8,0,4,0,20,2
v052,c47946fe-4f9b-507c-a425-760d50ee0ac9,2,128,0.0380475,0.0375685,32,8,3,0,1,8,1,9.416378455387454,0.016342238352133397,48,0,248,8,0,4,0,20,2,0.033127111111111114,48,0,248,8,0,4,0,20,2,0.00924288,48,0,240,8,0,4,0,20,2,0.007145728,53,0,240,8,0,4,0,20,2
v052,ce51aff5-8ef2-5730-9de1-f1527d8edb19,32,128,0.26954999999999996,0.6814105,32,8,3,0,1,8,1,12.188967177627235,0.20147581363413436,48,0,248,8,0,4,0,20,2,0.4700337777777778,48,0,248,8,0,4,0,20,2,0.08788607999999999,48,0,240,8,0,4,0,20,2,0.054331648,53,0,240,8,0,4,0,20,2
v052,d6f8d507-17f7-5ead-9522-09c7ecbf1207,16,256,0.269774,0.6818905,32,8,3,0,1,8,1,12.188967177627235,0.20147581363413436,48,0,248,8,0,4,0,20,2,0.4700337777777778,48,0,248,8,0,4,0,20,2,0.08788607999999999,48,0,240,8,0,4,0,20,2,0.054331648,53,0,240,8,0,4,0,20,2
v052,dcdec775-21aa-58cb-9fd9-322376d59814,1,128,0.034576,0.021584,32,8,3,0,1,8,1,8.723231274827508,0.010171119176066699,48,0,248,8,0,4,0,20,2,0.018563555555555555,48,0,248,8,0,4,0,20,2,0.00662144,48,0,240,8,0,4,0,20,2,0.0068000000000000005,53,0,240,8,0,4,0,20,2
v052,e4d4aebe-8349-5613-9bbc-d1c0ddbe191b,1,131,0.034352,0.022592,32,8,3,0,1,8,1,8.746398334109042,0.01031575478175576,48,0,248,8,0,4,0,20,2,0.01890488888888889,48,0,248,8,0,4,0,20,2,0.00668288,48,0,240,8,0,4,0,20,2,0.0067928934010152275,53,0,240,8,0,4,0,20,2
v052,fbd78167-8dca-5fc3-9793-3e5867bde298,8,128,0.067215,0.162688,32,8,3,0,1,8,1,10.802672816507345,0.05336895340853359,48,0,248,8,0,4,0,20,2,0.12050844444444445,48,0,248,8,0,4,0,20,2,0.024971519999999997,48,0,240,8,0,4,0,20,2,0.016582911999999998,53,0,240,8,0,4,0,20,2
v053,0648abad-cca5-589b-afce-ee461e799da3,4,1024,0.2616775,0.6428185,32,1,1,0,1,8,0,12.188967177627235,0.20147581363413436,255,0,1384,64,0,32,0,160,2,0.4700337777777778,168,0,1424,64,0,32,0,160,2,0.08788607999999999,168,0,1416,64,0,32,0,160,2,0.054331648,168,0,1440,64,0,32,0,160,2
v053,0f5618d6-7901-570c-8f57-273588f40be1,8,773,0.38641250000000005,0.9673635,32,1,1,0,1,8,0,12.600921601175148,0.3021421951937224,255,0,1384,64,0,32,0,160,2,0.7076017777777778,168,0,1424,64,0,32,0,160,2,0.13064831999999998,168,0,1416,64,0,32,0,160,2,0.079988992,168,0,1440,64,0,32,0,160,2
v053,13ac723d-96d9-5dc3-8ff6-64cca40fee1a,4,256,0.067776,0.163329,32,1,1,0,1,8,0,10.802672816507345,0.05336895340853359,255,0,1384,64,0,32,0,160,2,0.12050844444444445,168,0,1424,64,0,32,0,160,2,0.024971519999999997,168,0,1416,64,0,32,0,160,2,0.016582911999999998,168,0,1440,64,0,32,0,160,2
v053,277f8cdf-20d1-5ab2-915d-1a7ecebfed13,8,256,0.132463,0.321665,32,1,1,0,1,8,0,11.49581999706729,0.10273790681706718,255,0,1384,64,0,32,0,160,2,0.23701688888888886,168,0,1424,64,0,32,0,160,2,0.04594304,168,0,1416,64,0,32,0,160,2,0.029165824,168,0,1440,64,0,32,0,160,2
v053,3565f3a6-e573-5729-bb6a-4b19537e0a85,1,256,0.038608,0.040112,32,1,1,0,1,8,0,9.416378455387454,0.016342238352133397,255,0,1384,64,0,32,0,160,2,0.033127111111111114,168,0,1424,64,0,32,0,160,2,0.00924288,168,0,1416,64,0,32,0,160,2,0.007145728,168,0,1440,64,0,32,0,160,2
v053,388488d1-b780-5422-8839-375f4ae380a4,2,293,0.049855,0.0889445,32,1,1,0,1,8,0,10.244520800484903,0.03225215497793036,255,0,1384,64,0,32,0,160,2,0.07067377777777778,168,0,1424,64,0,32,0,160,2,0.01600128,168,0,1416,64,0,32,0,160,2,0.011200767999999998,168,0,1440,64,0,32,0,160,2
v053,3d08c934-3de5-5df5-9704-a82963af6eea,1,1024,0.0677755,0.166097,32,1,1,0,1,8,0,10.802672816507345,0.05336895340853359,255,0,1384,64,0,32,0,160,2,0.12050844444444445,168,0,1424,64,0,32,0,160,2,0.024971519999999997,168,0,1416,64,0,32,0,160,2,0.016582911999999998,168,0,1440,64,0,32,0,160,2
v053,473ba98e-bdcb-579c-9c4d-e5de6e3f4a63,1,8192,0.5082835,1.2630279999999998,32,1,1,0,1,8,0,12.882114358187179,0.3989516272682687,255,0,1384,64,0,32,0,160,2,0.9360675555555555,168,0,1424,64,0,32,0,160,2,0.17177215999999998,168,0,1416,64,0,32,0,160,2,0.104663296,168,0,1440,64,0,32,0,160,2
v053,62bb15e8-367e-5ab8-91e2-af3616abece3,4,1657,0.412126,1.0283555,32,1,1,0,1,8,0,12.670259389454344,0.32354826483570376,255,0,1384,64,0,32,0,160,2,0.7581191111111111,168,0,1424,64,0,32,0,160,2,0.13974143999999997,168,0,1416,64,0,32,0,160,2,0.08544486400000001,168,0,1440,64,0,32,0,160,2
v053,93b2fe42-1327-5140-8826-c6593f301069,4,512,0.132447,0.321329,32,1,1,0,1,8,0,11.49581999706729,0.10273790681706718,255,0,1384,64,0,32,0,160,2,0.23701688888888886,168,0,1424,64,0,32,0,160,2,0.04594304,168,0,1416,64,0,32,0,160,2,0.029165824,168,0,1440,64,0,32,0,160,2
v053,c47946fe-4f9b-507c-a425-760d50ee0ac9,2,128,0.0395035,0.037856,32,1,1,0,1,8,0,9.416378455387454,0.016342238352133397,255,0,1384,64,0,32,0,160,2,0.033127111111111114,168,0,1424,64,0,32,0,160,2,0.00924288,168,0,1416,64,0,32,0,160,2,0.007145728,168,0,1440,64,0,32,0,160,2
v053,ce51aff5-8ef2-5730-9de1-f1527d8edb19,32,128,0.2608615,0.6424185,32,1,1,0,1,8,0,12.188967177627235,0.20147581363413436,255,0,1384,64,0,32,0,160,2,0.4700337777777778,168,0,1424,64,0,32,0,160,2,0.08788607999999999,168,0,1416,64,0,32,0,160,2,0.054331648,168,0,1440,64,0,32,0,160,2
v053,d6f8d507-17f7-5ead-9522-09c7ecbf1207,16,256,0.26207749999999996,0.6403220000000001,32,1,1,0,1,8,0,12.188967177627235,0.20147581363413436,255,0,1384,64,0,32,0,160,2,0.4700337777777778,168,0,1424,64,0,32,0,160,2,0.08788607999999999,168,0,1416,64,0,32,0,160,2,0.054331648,168,0,1440,64,0,32,0,160,2
v053,dcdec775-21aa-58cb-9fd9-322376d59814,1,128,0.034767,0.025568,32,1,1,0,1,8,0,8.723231274827508,0.010171119176066699,255,0,1384,64,0,32,0,160,2,0.018563555555555555,168,0,1424,64,0,32,0,160,2,0.00662144,168,0,1416,64,0,32,0,160,2,0.0068000000000000005,168,0,1440,64,0,32,0,160,2
v053,e4d4aebe-8349-5613-9bbc-d1c0ddbe191b,1,131,0.03488,0.026687500000000003,32,1,1,0,1,8,0,8.746398334109042,0.01031575478175576,255,0,1384,64,0,32,0,160,2,0.01890488888888889,168,0,1424,64,0,32,0,160,2,0.00668288,168,0,1416,64,0,32,0,160,2,0.0067928934010152275,168,0,1440,64,0,32,0,160,2
v053,fbd78167-8dca-5fc3-9793-3e5867bde298,8,128,0.067743,0.16302499999999998,32,1,1,0,1,8,0,10.802672816507345,0.05336895340853359,255,0,1384,64,0,32,0,160,2,0.12050844444444445,168,0,1424,64,0,32,0,160,2,0.024971519999999997,168,0,1416,64,0,32,0,160,2,0.016582911999999998,168,0,1440,64,0,32,0,160,2
v054,0648abad-cca5-589b-afce-ee461e799da3,4,1024,0.2622375,0.666162,16,4,4,0,1,4,0,12.188967177627235,0.20147581363413436,48,0,208,8,0,4,0,20,2,0.4700337777777778,48,0,208,8,0,4,0,20,2,0.08788607999999999,40,0,216,8,0,4,0,20,2,0.06211891891891892,40,0,216,8,0,4,0,20,2
v054,0f5618d6-7901-570c-8f57-273588f40be1,8,773,0.39054049999999996,0.9934115,16,4,4,0,1,4,0,12.600921601175148,0.3021421951937224,48,0,208,8,0,4,0,20,2,0.7076017777777778,48,0,208,8,0,4,0,20,2,0.13064831999999998,40,0,216,8,0,4,0,20,2,0.09174594594594594,40,0,216,8,0,4,0,20,2
v054,13ac723d-96d9-5dc3-8ff6-64cca40fee1a,4,256,0.068495,0.1726405,16,4,4,0,1,4,0,10.802672816507345,0.05336895340853359,48,0,208,8,0,4,0,20,2,0.12050844444444445,48,0,208,8,0,4,0,20,2,0.024971519999999997,40,0,216,8,0,4,0,20,2,0.01852972972972973,40,0,216,8,0,4,0,20,2
v054,277f8cdf-20d1-5ab2-915d-1a7ecebfed13,8,256,0.13022299999999998,0.336961,16,4,4,0,1,4,0,11.49581999706729,0.10273790681706718,48,0,208,8,0,4,0,20,2,0.23701688888888886,48,0,208,8,0,4,0,20,2,0.04594304,40,0,216,8,0,4,0,20,2,0.03305945945945946,40,0,216,8,0,4,0,20,2
v054,3565f3a6-e573-5729-bb6a-4b19537e0a85,1,256,0.0371355,0.0464005,16,4,4,0,1,4,0,9.416378455387454,0.016342238352133397,48,0,208,8,0,4,0,20,2,0.033127111111111114,48,0,208,8,0,4,0,20,2,0.00924288,40,0,216,8,0,4,0,20,2,0.007632432432432433,40,0,216,8,0,4,0,20,2
v054,388488d1-b780-5422-8839-375f4ae380a4,2,293,0.0478715,0.098736,16,4,4,0,1,4,0,10.244520800484903,0.03225215497793036,48,0,208,8,0,4,0,20,2,0.07067377777777778,48,0,208,8,0,4,0,20,2,0.01600128,40,0,216,8,0,4,0,20,2,0.012314864864864866,40,0,216,8,0,4,0,20,2
v054,3d08c934-3de5-5df5-9704-a82963af6eea,1,1024,0.0687035,0.17318450000000002,16,4,4,0,1,4,0,10.802672816507345,0.05336895340853359,48,0,208,8,0,4,0,20,2,0.12050844444444445,48,0,208,8,0,4,0,20,2,0.024971519999999997,40,0,216,8,0,4,0,20,2,0.01852972972972973,40,0,216,8,0,4,0,20,2
v054,473ba98e-bdcb-579c-9c4d-e5de6e3f4a63,1,8192,0.5122675,1.2980049999999999,16,4,4,0,1,4,0,12.882114358187179,0.3989516272682687,48,0,208,8,0,4,0,20,2,0.9360675555555555,48,0,208,8,0,4,0,20,2,0.17177215999999998,40,0,216,8,0,4,0,20,2,0.12023783783783784,40,0,216,8,0,4,0,20,2
v054,62bb15e8-367e-5ab8-91e2-af3616abece3,4,1657,0.4175,1.0557634999999999,16,4,4,0,1,4,0,12.670259389454344,0.32354826483570376,48,0,208,8,0,4,0,20,2,0.7581191111111111,48,0,208,8,0,4,0,20,2,0.13974143999999997,40,0,216,8,0,4,0,20,2,0.09804594594594596,40,0,216,8,0,4,0,20,2
v054,93b2fe42-1327-5140-8826-c6593f301069,4,512,0.129743,0.33817699999999995,16,4,4,0,1,4,0,11.49581999706729,0.10273790681706718,48,0,208,8,0,4,0,20,2,0.23701688888888886,48,0,208,8,0,4,0,20,2,0.04594304,40,0,216,8,0,4,0,20,2,0.03305945945945946,40,0,216,8,0,4,0,20,2
v054,c47946fe-4f9b-507c-a425-760d50ee0ac9,2,128,0.0384795,0.04432,16,4,4,0,1,4,0,9.416378455387454,0.016342238352133397,48,0,208,8,0,4,0,20,2,0.033127111111111114,48,0,208,8,0,4,0,20,2,0.00924288,40,0,216,8,0,4,0,20,2,0.007632432432432433,40,0,216,8,0,4,0,20,2
v054,ce51aff5-8ef2-5730-9de1-f1527d8edb19,32,128,0.2614375,0.661219,16,4,4,0,1,4,0,12.188967177627235,0.20147581363413436,48,0,208,8,0,4,0,20,2,0.4700337777777778,48,0,208,8,0,4,0,20,2,0.08788607999999999,40,0,216,8,0,4,0,20,2,0.06211891891891892,40,0,216,8,0,4,0,20,2
v054,d6f8d507-17f7-5ead-9522-09c7ecbf1207,16,256,0.261246,0.6608185,16,4,4,0,1,4,0,12.188967177627235,0.20147581363413436,48,0,208,8,0,4,0,20,2,0.4700337777777778,48,0,208,8,0,4,0,20,2,0.08788607999999999,40,0,216,8,0,4,0,20,2,0.06211891891891892,40,0,216,8,0,4,0,20,2
v054,dcdec775-21aa-58cb-9fd9-322376d59814,1,128,0.032943,0.0216005,16,4,4,0,1,4,0,8.723231274827508,0.010171119176066699,48,0,208,8,0,4,0,20,2,0.018563555555555555,48,0,208,8,0,4,0,20,2,0.00662144,40,0,216,8,0,4,0,20,2,0.0068000000000000005,40,0,216,8,0,4,0,20,2
v054,e4d4aebe-8349-5613-9bbc-d1c0ddbe191b,1,131,0.032959,0.022448000000000003,16,4,4,0,1,4,0,8.746398334109042,0.01031575478175576,48,0,208,8,0,4,0,20,2,0.01890488888888889,48,0,208,8,0,4,0,20,2,0.00668288,40,0,216,8,0,4,0,20,2,0.0068,40,0,216,8,0,4,0,20,2
v054,fbd78167-8dca-5fc3-9793-3e5867bde298,8,128,0.0684785,0.171328,16,4,4,0,1,4,0,10.802672816507345,0.05336895340853359,48,0,208,8,0,4,0,20,2,0.12050844444444445,48,0,208,8,0,4,0,20,2,0.024971519999999997,40,0,216,8,0,4,0,20,2,0.01852972972972973,40,0,216,8,0,4,0,20,2
v055,0648abad-cca5-589b-afce-ee461e799da3,4,1024,2.2907,1.255172,1,1,1,0,1,1,0,12.188967177627235,4.373066666666666,23,0,72,2,0,1,0,5,2,3.3269521126760564,23,0,72,2,0,1,0,5,2,3.876581818181818,30,0,72,2,0,1,0,5,2,3.723610810810811,30,0,72,2,0,1,0,5,2
v055,0f5618d6-7901-570c-8f57-273588f40be1,8,773,3.449158,1.8777185,1,1,1,0,1,1,0,12.600921601175148,6.600266666666666,23,0,72,2,0,1,0,5,2,5.020878873239436,23,0,72,2,0,1,0,5,2,5.8506909090909085,30,0,72,2,0,1,0,5,2,5.6197405405405405,30,0,72,2,0,1,0,5,2
v055,13ac723d-96d9-5dc3-8ff6-64cca40fee1a,4,256,0.5812425,0.3287215,1,1,1,0,1,1,0,10.802672816507345,1.0962666666666667,23,0,72,2,0,1,0,5,2,0.834738028169014,23,0,72,2,0,1,0,5,2,0.9721454545454545,30,0,72,2,0,1,0,5,2,0.9339027027027027,30,0,72,2,0,1,0,5,2
v055,277f8cdf-20d1-5ab2-915d-1a7ecebfed13,8,256,1.149894,0.638722,1,1,1,0,1,1,0,11.49581999706729,2.1885333333333334,23,0,72,2,0,1,0,5,2,1.6654760563380282,23,0,72,2,0,1,0,5,2,1.9402909090909093,30,0,72,2,0,1,0,5,2,1.8638054054054054,30,0,72,2,0,1,0,5,2
v055,3565f3a6-e573-5729-bb6a-4b19537e0a85,1,256,0.15196700000000002,0.09244849999999999,1,1,1,0,1,1,0,9.416378455387454,0.2770666666666667,23,0,72,2,0,1,0,5,2,0.2116845070422535,23,0,72,2,0,1,0,5,2,0.24603636363636364,30,0,72,2,0,1,0,5,2,0.23647567567567565,30,0,72,2,0,1,0,5,2
v055,388488d1-b780-5422-8839-375f4ae380a4,2,293,0.33830000000000005,0.19806449999999998,1,1,1,0,1,1,0,10.244520800484903,0.6290666666666667,23,0,72,2,0,1,0,5,2,0.4794028169014084,23,0,72,2,0,1,0,5,2,0.5580363636363637,30,0,72,2,0,1,0,5,2,0.5361513513513514,30,0,72,2,0,1,0,5,2
v055,3d08c934-3de5-5df5-9704-a82963af6eea,1,1024,0.5805555,0.329346,1,1,1,0,1,1,0,10.802672816507345,1.0962666666666667,23,0,72,2,0,1,0,5,2,0.834738028169014,23,0,72,2,0,1,0,5,2,0.9721454545454545,30,0,72,2,0,1,0,5,2,0.9339027027027027,30,0,72,2,0,1,0,5,2
v055,473ba98e-bdcb-579c-9c4d-e5de6e3f4a63,1,8192,4.559945,2.473977,1,1,1,0,1,1,0,12.882114358187179,8.742133333333333,23,0,72,2,0,1,0,5,2,6.6499042253521115,23,0,72,2,0,1,0,5,2,7.749163636363636,30,0,72,2,0,1,0,5,2,7.443221621621621,30,0,72,2,0,1,0,5,2
v055,62bb15e8-367e-5ab8-91e2-af3616abece3,4,1657,3.6982559999999998,2.011286,1,1,1,0,1,1,0,12.670259389454344,7.0738666666666665,23,0,72,2,0,1,0,5,2,5.381081690140844,23,0,72,2,0,1,0,5,2,6.270472727272727,30,0,72,2,0,1,0,5,2,6.0229405405405405,30,0,72,2,0,1,0,5,2
v055,93b2fe42-1327-5140-8826-c6593f301069,4,512,1.150102,0.63853,1,1,1,0,1,1,0,11.49581999706729,2.1885333333333334,23,0,72,2,0,1,0,5,2,1.6654760563380282,23,0,72,2,0,1,0,5,2,1.9402909090909093,30,0,72,2,0,1,0,5,2,1.8638054054054054,30,0,72,2,0,1,0,5,2
v055,c47946fe-4f9b-507c-a425-760d50ee0ac9,2,128,0.163406,0.09296,1,1,1,0,1,1,0,9.416378455387454,0.2770666666666667,23,0,72,2,0,1,0,5,2,0.2116845070422535,23,0,72,2,0,1,0,5,2,0.24603636363636364,30,0,72,2,0,1,0,5,2,0.23647567567567565,30,0,72,2,0,1,0,5,2
v055,ce51aff5-8ef2-5730-9de1-f1527d8edb19,32,128,2.2851325,1.2550445,1,1,1,0,1,1,0,12.188967177627235,4.373066666666666,23,0,72,2,0,1,0,5,2,3.3269521126760564,23,0,72,2,0,1,0,5,2,3.876581818181818,30,0,72,2,0,1,0,5,2,3.723610810810811,30,0,72,2,0,1,0,5,2
v055,d6f8d507-17f7-5ead-9522-09c7ecbf1207,16,256,2.2916755,1.254292,1,1,1,0,1,1,0,12.188967177627235,4.373066666666666,23,0,72,2,0,1,0,5,2,3.3269521126760564,23,0,72,2,0,1,0,5,2,3.876581818181818,30,0,72,2,0,1,0,5,2,3.723610810810811,30,0,72,2,0,1,0,5,2
v055,dcdec775-21aa-58cb-9fd9-322376d59814,1,128,0.079823,0.0495685,1,1,1,0,1,1,0,8.723231274827508,0.14053333333333332,23,0,72,2,0,1,0,5,2,0.10784225352112675,23,0,72,2,0,1,0,5,2,0.1250181818181818,30,0,72,2,0,1,0,5,2,0.12023783783783784,30,0,72,2,0,1,0,5,2
v055,e4d4aebe-8349-5613-9bbc-d1c0ddbe191b,1,131,0.0816315,0.050608,1,1,1,0,1,1,0,8.746398334109042,0.14373333333333332,23,0,72,2,0,1,0,5,2,0.11027605633802817,23,0,72,2,0,1,0,5,2,0.12785454545454544,30,0,72,2,0,1,0,5,2,0.12296216216216214,30,0,72,2,0,1,0,5,2
v055,fbd78167-8dca-5fc3-9793-3e5867bde298,8,128,0.580552,0.329793,1,1,1,0,1,1,0,10.802672816507345,1.0962666666666667,23,0,72,2,0,1,0,5,2,0.834738028169014,23,0,72,2,0,1,0,5,2,0.9721454545454545,30,0,72,2,0,1,0,5,2,0.9339027027027027,30,0,72,2,0,1,0,5,2
v056,0648abad-cca5-589b-afce-ee461e799da3,4,1024,0.42580450000000003,0.684994,16,4,2,1,1,1,1,12.188967177627235,0.2750666666666667,40,0,272,8,0,4,0,20,2,0.46803377777777777,40,0,272,8,0,4,0,20,2,0.24403636363636363,40,0,256,8,0,4,0,20,2,0.23447567567567568,40,0,256,8,0,4,0,20,2
v056,0f5618d6-7901-570c-8f57-273588f40be1,8,773,0.638682,1.0252995,16,4,2,1,1,1,1,12.600921601175148,0.4142666666666666,40,0,272,8,0,4,0,20,2,0.7056017777777779,40,0,272,8,0,4,0,20,2,0.3674181818181818,40,0,256,8,0,4,0,20,2,0.35298378378378376,40,0,256,8,0,4,0,20,2
v056,13ac723d-96d9-5dc3-8ff6-64cca40fee1a,4,256,0.109471,0.1828165,16,4,2,1,1,1,1,10.802672816507345,0.07026666666666666,40,0,272,8,0,4,0,20,2,0.11850844444444443,40,0,272,8,0,4,0,20,2,0.0625090909090909,40,0,256,8,0,4,0,20,2,0.06011891891891892,40,0,256,8,0,4,0,20,2
v056,277f8cdf-20d1-5ab2-915d-1a7ecebfed13,8,256,0.21388600000000002,0.349057,16,4,2,1,1,1,1,11.49581999706729,0.13853333333333334,40,0,272,8,0,4,0,20,2,0.2350168888888889,40,0,272,8,0,4,0,20,2,0.12301818181818182,40,0,256,8,0,4,0,20,2,0.11823783783783783,40,0,256,8,0,4,0,20,2
v056,3565f3a6-e573-5729-bb6a-4b19537e0a85,1,256,0.031424,0.05088,16,4,2,1,1,1,1,9.416378455387454,0.01906666666666667,40,0,272,8,0,4,0,20,2,0.031127111111111112,40,0,272,8,0,4,0,20,2,0.017127272727272727,40,0,256,8,0,4,0,20,2,0.01652972972972973,40,0,256,8,0,4,0,20,2
v056,388488d1-b780-5422-8839-375f4ae380a4,2,293,0.065135,0.1019205,16,4,2,1,1,1,1,10.244520800484903,0.04106666666666667,40,0,272,8,0,4,0,20,2,0.06867377777777776,40,0,272,8,0,4,0,20,2,0.03662727272727273,40,0,256,8,0,4,0,20,2,0.035259459459459463,40,0,256,8,0,4,0,20,2
v056,3d08c934-3de5-5df5-9704-a82963af6eea,1,1024,0.1091665,0.179169,16,4,2,1,1,1,1,10.802672816507345,0.07026666666666666,40,0,272,8,0,4,0,20,2,0.11850844444444443,40,0,272,8,0,4,0,20,2,0.0625090909090909,40,0,256,8,0,4,0,20,2,0.06011891891891892,40,0,256,8,0,4,0,20,2
v056,473ba98e-bdcb-579c-9c4d-e5de6e3f4a63,1,8192,0.8454805,1.3534445000000002,16,4,2,1,1,1,1,12.882114358187179,0.5481333333333334,40,0,272,8,0,4,0,20,2,0.9340675555555555,40,0,272,8,0,4,0,20,2,0.48607272727272727,40,0,256,8,0,4,0,20,2,0.46695135135135135,40,0,256,8,0,4,0,20,2
v056,62bb15e8-367e-5ab8-91e2-af3616abece3,4,1657,0.733225,1.1032674999999998,16,4,2,1,1,1,1,12.670259389454344,0.44386666666666663,40,0,272,8,0,4,0,20,2,0.7561191111111112,40,0,272,8,0,4,0,20,2,0.3936545454545455,40,0,256,8,0,4,0,20,2,0.3781837837837838,40,0,256,8,0,4,0,20,2
v056,93b2fe42-1327-5140-8826-c6593f301069,4,512,0.2156925,0.349665,16,4,2,1,1,1,1,11.49581999706729,0.13853333333333334,40,0,272,8,0,4,0,20,2,0.2350168888888889,40,0,272,8,0,4,0,20,2,0.12301818181818182,40,0,256,8,0,4,0,20,2,0.11823783783783783,40,0,256,8,0,4,0,20,2
v056,c47946fe-4f9b-507c-a425-760d50ee0ac9,2,128,0.033632,0.046192,16,4,2,1,1,1,1,9.416378455387454,0.01906666666666667,40,0,272,8,0,4,0,20,2,0.031127111111111112,40,0,272,8,0,4,0,20,2,0.017127272727272727,40,0,256,8,0,4,0,20,2,0.01652972972972973,40,0,256,8,0,4,0,20,2
v056,ce51aff5-8ef2-5730-9de1-f1527d8edb19,32,128,0.42458799999999997,0.683731,16,4,2,1,1,1,1,12.188967177627235,0.2750666666666667,40,0,272,8,0,4,0,20,2,0.46803377777777777,40,0,272,8,0,4,0,20,2,0.24403636363636363,40,0,256,8,0,4,0,20,2,0.23447567567567568,40,0,256,8,0,4,0,20,2
v056,d6f8d507-17f7-5ead-9522-09c7ecbf1207,16,256,0.4253245,0.6830579999999999,16,4,2,1,1,1,1,12.188967177627235,0.2750666666666667,40,0,272,8,0,4,0,20,2,0.46803377777777777,40,0,272,8,0,4,0,20,2,0.24403636363636363,40,0,256,8,0,4,0,20,2,0.23447567567567568,40,0,256,8,0,4,0,20,2
v056,dcdec775-21aa-58cb-9fd9-322376d59814,1,128,0.0180955,0.024224000000000002,16,4,2,1,1,1,1,8.723231274827508,0.010533333333333334,40,0,272,8,0,4,0,20,2,0.016563555555555557,40,0,272,8,0,4,0,20,2,0.009563636363636363,40,0,256,8,0,4,0,20,2,0.009264864864864865,40,0,256,8,0,4,0,20,2
v056,e4d4aebe-8349-5613-9bbc-d1c0ddbe191b,1,131,0.018383999999999998,0.029328,16,4,2,1,1,1,1,8.746398334109042,0.010733333333333333,40,0,272,8,0,4,0,20,2,0.01690488888888889,40,0,272,8,0,4,0,20,2,0.00974090909090909,40,0,256,8,0,4,0,20,2,0.009435135135135135,40,0,256,8,0,4,0,20,2
v056,fbd78167-8dca-5fc3-9793-3e5867bde298,8,128,0.10913500000000001,0.1782245,16,4,2,1,1,1,1,10.802672816507345,0.07026666666666666,40,0,272,8,0,4,0,20,2,0.11850844444444443,40,0,272,8,0,4,0,20,2,0.0625090909090909,40,0,256,8,0,4,0,20,2,0.06011891891891892,40,0,256,8,0,4,0,20,2
v057,0648abad-cca5-589b-afce-ee461e799da3,4,1024,0.26097400000000004,0.6708989999999999,8,4,4,0,1,8,0,12.188967177627235,0.20147581363413436,32,0,128,4,0,2,0,10,2,0.4700337777777778,34,0,128,4,0,2,0,10,2,0.08788607999999999,32,0,128,4,0,2,0,10,2,0.06211891891891892,32,0,128,4,0,2,0,10,2
v057,0f5618d6-7901-570c-8f57-273588f40be1,8,773,0.389581,0.9985310000000001,8,4,4,0,1,8,0,12.600921601175148,0.3021421951937224,32,0,128,4,0,2,0,10,2,0.7076017777777778,34,0,128,4,0,2,0,10,2,0.13064831999999998,32,0,128,4,0,2,0,10,2,0.09174594594594594,32,0,128,4,0,2,0,10,2
v057,13ac723d-96d9-5dc3-8ff6-64cca40fee1a,4,256,0.066511,0.169889,8,4,4,0,1,8,0,10.802672816507345,0.05336895340853359,32,0,128,4,0,2,0,10,2,0.12050844444444445,34,0,128,4,0,2,0,10,2,0.024971519999999997,32,0,128,4,0,2,0,10,2,0.01852972972972973,32,0,128,4,0,2,0,10,2
v057,277f8cdf-20d1-5ab2-915d-1a7ecebfed13,8,256,0.129551,0.337329,8,4,4,0,1,8,0,11.49581999706729,0.10273790681706718,32,0,128,4,0,2,0,10,2,0.23701688888888886,34,0,128,4,0,2,0,10,2,0.04594304,32,0,128,4,0,2,0,10,2,0.03305945945945946,32,0,128,4,0,2,0,10,2
v057,3565f3a6-e573-5729-bb6a-4b19537e0a85,1,256,0.036879499999999996,0.044303999999999996,8,4,4,0,1,8,0,9.416378455387454,0.016342238352133397,32,0,128,4,0,2,0,10,2,0.033127111111111114,34,0,128,4,0,2,0,10,2,0.00924288,32,0,128,4,0,2,0,10,2,0.007632432432432433,32,0,128,4,0,2,0,10,2
v057,388488d1-b780-5422-8839-375f4ae380a4,2,293,0.0467515,0.09499250000000001,8,4,4,0,1,8,0,10.244520800484903,0.03225215497793036,32,0,128,4,0,2,0,10,2,0.07067377777777778,34,0,128,4,0,2,0,10,2,0.01600128,32,0,128,4,0,2,0,10,2,0.012314864864864866,32,0,128,4,0,2,0,10,2
v057,3d08c934-3de5-5df5-9704-a82963af6eea,1,1024,0.06644749999999999,0.1733125,8,4,4,0,1,8,0,10.802672816507345,0.05336895340853359,32,0,128,4,0,2,0,10,2,0.12050844444444445,34,0,128,4,0,2,0,10,2,0.024971519999999997,32,0,128,4,0,2,0,10,2,0.01852972972972973,32,0,128,4,0,2,0,10,2
v057,473ba98e-bdcb-579c-9c4d-e5de6e3f4a63,1,8192,0.5097240000000001,1.3093325,8,4,4,0,1,8,0,12.882114358187179,0.3989516272682687,32,0,128,4,0,2,0,10,2,0.9360675555555555,34,0,128,4,0,2,0,10,2,0.17177215999999998,32,0,128,4,0,2,0,10,2,0.12023783783783784,32,0,128,4,0,2,0,10,2
v057,62bb15e8-367e-5ab8-91e2-af3616abece3,4,1657,0.41518,1.0640520000000002,8,4,4,0,1,8,0,12.670259389454344,0.32354826483570376,32,0,128,4,0,2,0,10,2,0.7581191111111111,34,0,128,4,0,2,0,10,2,0.13974143999999997,32,0,128,4,0,2,0,10,2,0.09804594594594596,32,0,128,4,0,2,0,10,2
v057,93b2fe42-1327-5140-8826-c6593f301069,4,512,0.1288625,0.33752099999999996,8,4,4,0,1,8,0,11.49581999706729,0.10273790681706718,32,0,128,4,0,2,0,10,2,0.23701688888888886,34,0,128,4,0,2,0,10,2,0.04594304,32,0,128,4,0,2,0,10,2,0.03305945945945946,32,0,128,4,0,2,0,10,2
v057,c47946fe-4f9b-507c-a425-760d50ee0ac9,2,128,0.03752,0.04144,8,4,4,0,1,8,0,9.416378455387454,0.016342238352133397,32,0,128,4,0,2,0,10,2,0.033127111111111114,34,0,128,4,0,2,0,10,2,0.00924288,32,0,128,4,0,2,0,10,2,0.007632432432432433,32,0,128,4,0,2,0,10,2
v057,ce51aff5-8ef2-5730-9de1-f1527d8edb19,32,128,0.2599175,0.6635385,8,4,4,0,1,8,0,12.188967177627235,0.20147581363413436,32,0,128,4,0,2,0,10,2,0.4700337777777778,34,0,128,4,0,2,0,10,2,0.08788607999999999,32,0,128,4,0,2,0,10,2,0.06211891891891892,32,0,128,4,0,2,0,10,2
v057,d6f8d507-17f7-5ead-9522-09c7ecbf1207,16,256,0.2612935,0.6625305,8,4,4,0,1,8,0,12.188967177627235,0.20147581363413436,32,0,128,4,0,2,0,10,2,0.4700337777777778,34,0,128,4,0,2,0,10,2,0.08788607999999999,32,0,128,4,0,2,0,10,2,0.06211891891891892,32,0,128,4,0,2,0,10,2
v057,dcdec775-21aa-58cb-9fd9-322376d59814,1,128,0.032848,0.0212,8,4,4,0,1,8,0,8.723231274827508,0.010171119176066699,32,0,128,4,0,2,0,10,2,0.018563555555555555,34,0,128,4,0,2,0,10,2,0.00662144,32,0,128,4,0,2,0,10,2,0.0068000000000000005,32,0,128,4,0,2,0,10,2
v057,e4d4aebe-8349-5613-9bbc-d1c0ddbe191b,1,131,0.032784,0.02208,8,4,4,0,1,8,0,8.746398334109042,0.01031575478175576,32,0,128,4,0,2,0,10,2,0.01890488888888889,34,0,128,4,0,2,0,10,2,0.00668288,32,0,128,4,0,2,0,10,2,0.0068,32,0,128,4,0,2,0,10,2
v057,fbd78167-8dca-5fc3-9793-3e5867bde298,8,128,0.066512,0.169761,8,4,4,0,1,8,0,10.802672816507345,0.05336895340853359,32,0,128,4,0,2,0,10,2,0.12050844444444445,34,0,128,4,0,2,0,10,2,0.024971519999999997,32,0,128,4,0,2,0,10,2,0.01852972972972973,32,0,128,4,0,2,0,10,2
v058,0648abad-cca5-589b-afce-ee461e799da3,4,1024,0.6641870000000001,0.63557,4,4,1,0,1,1,0,12.188967177627235,1.0962666666666667,24,0,88,2,0,1,0,5,2,0.834738028169014,24,0,88,2,0,1,0,5,2,0.9721454545454545,30,0,88,2,0,1,0,5,2,0.9339027027027027,30,0,88,2,0,1,0,5,2
v058,0f5618d6-7901-570c-8f57-273588f40be1,8,773,0.9991909999999999,0.9409955000000001,4,4,1,0,1,1,0,12.600921601175148,1.6530666666666667,24,0,88,2,0,1,0,5,2,1.2582197183098591,24,0,88,2,0,1,0,5,2,1.4656727272727275,30,0,88,2,0,1,0,5,2,1.4079351351351352,30,0,88,2,0,1,0,5,2
v058,13ac723d-96d9-5dc3-8ff6-64cca40fee1a,4,256,0.1738385,0.185313,4,4,1,0,1,1,0,10.802672816507345,0.2770666666666667,24,0,88,2,0,1,0,5,2,0.2116845070422535,24,0,88,2,0,1,0,5,2,0.24603636363636364,30,0,88,2,0,1,0,5,2,0.23647567567567565,30,0,88,2,0,1,0,5,2
v058,277f8cdf-20d1-5ab2-915d-1a7ecebfed13,8,256,0.337341,0.336881,4,4,1,0,1,1,0,11.49581999706729,0.5501333333333334,24,0,88,2,0,1,0,5,2,0.419369014084507,24,0,88,2,0,1,0,5,2,0.48807272727272727,30,0,88,2,0,1,0,5,2,0.46895135135135135,30,0,88,2,0,1,0,5,2
v058,3565f3a6-e573-5729-bb6a-4b19537e0a85,1,256,0.052224,0.060704,4,4,1,0,1,1,0,9.416378455387454,0.07226666666666667,24,0,88,2,0,1,0,5,2,0.05592112676056338,24,0,88,2,0,1,0,5,2,0.06450909090909092,30,0,88,2,0,1,0,5,2,0.06211891891891892,30,0,88,2,0,1,0,5,2
v058,388488d1-b780-5422-8839-375f4ae380a4,2,293,0.10344,0.1165765,4,4,1,0,1,1,0,10.244520800484903,0.16026666666666667,24,0,88,2,0,1,0,5,2,0.1228507042253521,24,0,88,2,0,1,0,5,2,0.14250909090909092,30,0,88,2,0,1,0,5,2,0.13703783783783782,30,0,88,2,0,1,0,5,2
v058,3d08c934-3de5-5df5-9704-a82963af6eea,1,1024,0.174063,0.1873445,4,4,1,0,1,1,0,10.802672816507345,0.2770666666666667,24,0,88,2,0,1,0,5,2,0.2116845070422535,24,0,88,2,0,1,0,5,2,0.24603636363636364,30,0,88,2,0,1,0,5,2,0.23647567567567565,30,0,88,2,0,1,0,5,2
v058,473ba98e-bdcb-579c-9c4d-e5de6e3f4a63,1,8192,1.3177815000000002,1.23546,4,4,1,0,1,1,0,12.882114358187179,2.1885333333333334,24,0,88,2,0,1,0,5,2,1.6654760563380282,24,0,88,2,0,1,0,5,2,1.9402909090909093,30,0,88,2,0,1,0,5,2,1.8638054054054054,30,0,88,2,0,1,0,5,2
v058,62bb15e8-367e-5ab8-91e2-af3616abece3,4,1657,1.0709840000000002,1.0071235,4,4,1,0,1,1,0,12.670259389454344,1.7714666666666667,24,0,88,2,0,1,0,5,2,1.3482704225352111,24,0,88,2,0,1,0,5,2,1.570618181818182,30,0,88,2,0,1,0,5,2,1.5087351351351352,30,0,88,2,0,1,0,5,2
v058,93b2fe42-1327-5140-8826-c6593f301069,4,512,0.3381735,0.337473,4,4,1,0,1,1,0,11.49581999706729,0.5501333333333334,24,0,88,2,0,1,0,5,2,0.419369014084507,24,0,88,2,0,1,0,5,2,0.48807272727272727,30,0,88,2,0,1,0,5,2,0.46895135135135135,30,0,88,2,0,1,0,5,2
v058,c47946fe-4f9b-507c-a425-760d50ee0ac9,2,128,0.055631,0.0587675,4,4,1,0,1,1,0,9.416378455387454,0.07226666666666667,24,0,88,2,0,1,0,5,2,0.05592112676056338,24,0,88,2,0,1,0,5,2,0.06450909090909092,30,0,88,2,0,1,0,5,2,0.06211891891891892,30,0,88,2,0,1,0,5,2
v058,ce51aff5-8ef2-5730-9de1-f1527d8edb19,32,128,0.6631305000000001,0.6352340000000001,4,4,1,0,1,1,0,12.188967177627235,1.0962666666666667,24,0,88,2,0,1,0,5,2,0.834738028169014,24,0,88,2,0,1,0,5,2,0.9721454545454545,30,0,88,2,0,1,0,5,2,0.9339027027027027,30,0,88,2,0,1,0,5,2
v058,d6f8d507-17f7-5ead-9522-09c7ecbf1207,16,256,0.6634184999999999,0.6352985,4,4,1,0,1,1,0,12.188967177627235,1.0962666666666667,24,0,88,2,0,1,0,5,2,0.834738028169014,24,0,88,2,0,1,0,5,2,0.9721454545454545,30,0,88,2,0,1,0,5,2,0.9339027027027027,30,0,88,2,0,1,0,5,2
v058,dcdec775-21aa-58cb-9fd9-322376d59814,1,128,0.041248,0.032864,4,4,1,0,1,1,0,8.723231274827508,0.03813333333333334,24,0,88,2,0,1,0,5,2,0.029960563380281687,24,0,88,2,0,1,0,5,2,0.034254545454545454,30,0,88,2,0,1,0,5,2,0.03305945945945946,30,0,88,2,0,1,0,5,2
v058,e4d4aebe-8349-5613-9bbc-d1c0ddbe191b,1,131,0.040847999999999995,0.033904000000000004,4,4,1,0,1,1,0,8.746398334109042,0.038933333333333334,24,0,88,2,0,1,0,5,2,0.030569014084507042,24,0,88,2,0,1,0,5,2,0.03496363636363636,30,0,88,2,0,1,0,5,2,0.03374054054054054,30,0,88,2,0,1,0,5,2
v058,fbd78167-8dca-5fc3-9793-3e5867bde298,8,128,0.17303800000000003,0.1862405,4,4,1,0,1,1,0,10.802672816507345,0.2770666666666667,24,0,88,2,0,1,0,5,2,0.2116845070422535,24,0,88,2,0,1,0,5,2,0.24603636363636364,30,0,88,2,0,1,0,5,2,0.23647567567567565,30,0,88,2,0,1,0,5,2
v059,0648abad-cca5-589b-afce-ee461e799da3,4,1024,0.8347614999999999,0.659491,2,8,2,0,1,2,1,12.188967177627235,1.0962666666666667,24,0,104,0,2,0,1,7,2,0.834738028169014,24,0,104,0,2,0,1,7,2,0.9721454545454545,29,0,112,0,2,0,1,7,2,0.9339027027027027,29,0,112,0,2,0,1,7,2
v059,0f5618d6-7901-570c-8f57-273588f40be1,8,773,1.2585495,0.9781795,2,8,2,0,1,2,1,12.600921601175148,1.6530666666666667,24,0,104,0,2,0,1,7,2,1.2582197183098591,24,0,104,0,2,0,1,7,2,1.4656727272727275,29,0,112,0,2,0,1,7,2,1.4079351351351352,29,0,112,0,2,0,1,7,2
v059,13ac723d-96d9-5dc3-8ff6-64cca40fee1a,4,256,0.2140145,0.1913445,2,8,2,0,1,2,1,10.802672816507345,0.2770666666666667,24,0,104,0,2,0,1,7,2,0.2116845070422535,24,0,104,0,2,0,1,7,2,0.24603636363636364,29,0,112,0,2,0,1,7,2,0.23647567567567565,29,0,112,0,2,0,1,7,2
v059,277f8cdf-20d1-5ab2-915d-1a7ecebfed13,8,256,0.420124,0.34817750000000003,2,8,2,0,1,2,1,11.49581999706729,0.5501333333333334,24,0,104,0,2,0,1,7,2,0.419369014084507,24,0,104,0,2,0,1,7,2,0.48807272727272727,29,0,112,0,2,0,1,7,2,0.46895135135135135,29,0,112,0,2,0,1,7,2
v059,3565f3a6-e573-5729-bb6a-4b19537e0a85,1,256,0.0595835,0.062784,2,8,2,0,1,2,1,9.416378455387454,0.07226666666666667,24,0,104,0,2,0,1,7,2,0.05592112676056338,24,0,104,0,2,0,1,7,2,0.06450909090909092,29,0,112,0,2,0,1,7,2,0.06211891891891892,29,0,112,0,2,0,1,7,2
v059,388488d1-b780-5422-8839-375f4ae380a4,2,293,0.12577549999999998,0.1257605,2,8,2,0,1,2,1,10.244520800484903,0.16026666666666667,24,0,104,0,2,0,1,7,2,0.1228507042253521,24,0,104,0,2,0,1,7,2,0.14250909090909092,29,0,112,0,2,0,1,7,2,0.13703783783783782,29,0,112,0,2,0,1,7,2
v059,3d08c934-3de5-5df5-9704-a82963af6eea,1,1024,0.2168455,0.19371300000000002,2,8,2,0,1,2,1,10.802672816507345,0.2770666666666667,24,0,104,0,2,0,1,7,2,0.2116845070422535,24,0,104,0,2,0,1,7,2,0.24603636363636364,29,0,112,0,2,0,1,7,2,0.23647567567567565,29,0,112,0,2,0,1,7,2
v059,473ba98e-bdcb-579c-9c4d-e5de6e3f4a63,1,8192,1.6949795,1.306197,2,8,2,0,1,2,1,12.882114358187179,2.1885333333333334,24,0,104,0,2,0,1,7,2,1.6654760563380282,24,0,104,0,2,0,1,7,2,1.9402909090909093,29,0,112,0,2,0,1,7,2,1.8638054054054054,29,0,112,0,2,0,1,7,2
v059,62bb15e8-367e-5ab8-91e2-af3616abece3,4,1657,1.3889494999999998,1.06138,2,8,2,0,1,2,1,12.670259389454344,1.7714666666666667,24,0,104,0,2,0,1,7,2,1.3482704225352111,24,0,104,0,2,0,1,7,2,1.570618181818182,29,0,112,0,2,0,1,7,2,1.5087351351351352,29,0,112,0,2,0,1,7,2
v059,93b2fe42-1327-5140-8826-c6593f301069,4,512,0.4261085,0.3509455,2,8,2,0,1,2,1,11.49581999706729,0.5501333333333334,24,0,104,0,2,0,1,7,2,0.419369014084507,24,0,104,0,2,0,1,7,2,0.48807272727272727,29,0,112,0,2,0,1,7,2,0.46895135135135135,29,0,112,0,2,0,1,7,2
v059,c47946fe-4f9b-507c-a425-760d50ee0ac9,2,128,0.06406300000000001,0.062528,2,8,2,0,1,2,1,9.416378455387454,0.07226666666666667,24,0,104,0,2,0,1,7,2,0.05592112676056338,24,0,104,0,2,0,1,7,2,0.06450909090909092,29,0,112,0,2,0,1,7,2,0.06211891891891892,29,0,112,0,2,0,1,7,2
v059,ce51aff5-8ef2-5730-9de1-f1527d8edb19,32,128,0.8340575,0.6589940000000001,2,8,2,0,1,2,1,12.188967177627235,1.0962666666666667,24,0,104,0,2,0,1,7,2,0.834738028169014,24,0,104,0,2,0,1,7,2,0.9721454545454545,29,0,112,0,2,0,1,7,2,0.9339027027027027,29,0,112,0,2,0,1,7,2
v059,d6f8d507-17f7-5ead-9522-09c7ecbf1207,16,256,0.8337220000000001,0.6584025,2,8,2,0,1,2,1,12.188967177627235,1.0962666666666667,24,0,104,0,2,0,1,7,2,0.834738028169014,24,0,104,0,2,0,1,7,2,0.9721454545454545,29,0,112,0,2,0,1,7,2,0.9339027027027027,29,0,112,0,2,0,1,7,2
v059,dcdec775-21aa-58cb-9fd9-322376d59814,1,128,0.0432475,0.034496,2,8,2,0,1,2,1,8.723231274827508,0.03813333333333334,24,0,104,0,2,0,1,7,2,0.029960563380281687,24,0,104,0,2,0,1,7,2,0.034254545454545454,29,0,112,0,2,0,1,7,2,0.03305945945945946,29,0,112,0,2,0,1,7,2
v059,e4d4aebe-8349-5613-9bbc-d1c0ddbe191b,1,131,0.0435195,0.034991999999999995,2,8,2,0,1,2,1,8.746398334109042,0.038933333333333334,24,0,104,0,2,0,1,7,2,0.030569014084507042,24,0,104,0,2,0,1,7,2,0.03496363636363636,29,0,112,0,2,0,1,7,2,0.03374054054054054,29,0,112,0,2,0,1,7,2
v059,fbd78167-8dca-5fc3-9793-3e5867bde298,8,128,0.2144145,0.191681,2,8,2,0,1,2,1,10.802672816507345,0.2770666666666667,24,0,104,0,2,0,1,7,2,0.2116845070422535,24,0,104,0,2,0,1,7,2,0.24603636363636364,29,0,112,0,2,0,1,7,2,0.23647567567567565,29,0,112,0,2,0,1,7,2
v060,0648abad-cca5-589b-afce-ee461e799da3,4,1024,0.261646,0.6894905,32,2,4,1,1,8,1,12.188967177627235,0.19947581363413436,128,0,872,32,0,16,0,80,2,0.46803377777777777,128,0,872,32,0,16,0,80,2,0.08588607999999999,128,0,816,32,0,16,0,80,2,0.052331648,149,0,808,32,0,16,0,80,2
v060,0f5618d6-7901-570c-8f57-273588f40be1,8,773,0.392621,1.0458595000000002,32,2,4,1,1,8,1,12.600921601175148,0.30014219519372237,128,0,872,32,0,16,0,80,2,0.7056017777777779,128,0,872,32,0,16,0,80,2,0.12864832,128,0,816,32,0,16,0,80,2,0.077988992,149,0,808,32,0,16,0,80,2
v060,13ac723d-96d9-5dc3-8ff6-64cca40fee1a,4,256,0.0653915,0.171601,32,2,4,1,1,8,1,10.802672816507345,0.05136895340853359,128,0,872,32,0,16,0,80,2,0.11850844444444443,128,0,872,32,0,16,0,80,2,0.02297152,128,0,816,32,0,16,0,80,2,0.014582912,149,0,808,32,0,16,0,80,2
v060,277f8cdf-20d1-5ab2-915d-1a7ecebfed13,8,256,0.127711,0.344465,32,2,4,1,1,8,1,11.49581999706729,0.10073790681706718,128,0,872,32,0,16,0,80,2,0.2350168888888889,128,0,872,32,0,16,0,80,2,0.043943039999999996,128,0,816,32,0,16,0,80,2,0.027165824,149,0,808,32,0,16,0,80,2
v060,3565f3a6-e573-5729-bb6a-4b19537e0a85,1,256,0.016928,0.040064,32,2,4,1,1,8,1,9.416378455387454,0.014342238352133397,128,0,872,32,0,16,0,80,2,0.031127111111111112,128,0,872,32,0,16,0,80,2,0.00724288,128,0,816,32,0,16,0,80,2,0.0051457280000000005,149,0,808,32,0,16,0,80,2
v060,388488d1-b780-5422-8839-375f4ae380a4,2,293,0.0396315,0.1000645,32,2,4,1,1,8,1,10.244520800484903,0.030252154977930358,128,0,872,32,0,16,0,80,2,0.06867377777777776,128,0,872,32,0,16,0,80,2,0.01400128,128,0,816,32,0,16,0,80,2,0.009200768,149,0,808,32,0,16,0,80,2
v060,3d08c934-3de5-5df5-9704-a82963af6eea,1,1024,0.06503999999999999,0.1747205,32,2,4,1,1,8,1,10.802672816507345,0.05136895340853359,128,0,872,32,0,16,0,80,2,0.11850844444444443,128,0,872,32,0,16,0,80,2,0.02297152,128,0,816,32,0,16,0,80,2,0.014582912,149,0,808,32,0,16,0,80,2
v060,473ba98e-bdcb-579c-9c4d-e5de6e3f4a63,1,8192,0.5150195,1.3786765,32,2,4,1,1,8,1,12.882114358187179,0.3969516272682687,128,0,872,32,0,16,0,80,2,0.9340675555555555,128,0,872,32,0,16,0,80,2,0.16977215999999998,128,0,816,32,0,16,0,80,2,0.102663296,149,0,808,32,0,16,0,80,2
v060,62bb15e8-367e-5ab8-91e2-af3616abece3,4,1657,0.420541,1.11554,32,2,4,1,1,8,1,12.670259389454344,0.32154826483570376,128,0,872,32,0,16,0,80,2,0.7561191111111112,128,0,872,32,0,16,0,80,2,0.13774144,128,0,816,32,0,16,0,80,2,0.083444864,149,0,808,32,0,16,0,80,2
v060,93b2fe42-1327-5140-8826-c6593f301069,4,512,0.128591,0.344737,32,2,4,1,1,8,1,11.49581999706729,0.10073790681706718,128,0,872,32,0,16,0,80,2,0.2350168888888889,128,0,872,32,0,16,0,80,2,0.043943039999999996,128,0,816,32,0,16,0,80,2,0.027165824,149,0,808,32,0,16,0,80,2
v060,c47946fe-4f9b-507c-a425-760d50ee0ac9,2,128,0.0175675,0.040400000000000005,32,2,4,1,1,8,1,9.416378455387454,0.014342238352133397,128,0,872,32,0,16,0,80,2,0.031127111111111112,128,0,872,32,0,16,0,80,2,0.00724288,128,0,816,32,0,16,0,80,2,0.0051457280000000005,149,0,808,32,0,16,0,80,2
v060,ce51aff5-8ef2-5730-9de1-f1527d8edb19,32,128,0.262399,0.6864505,32,2,4,1,1,8,1,12.188967177627235,0.19947581363413436,128,0,872,32,0,16,0,80,2,0.46803377777777777,128,0,872,32,0,16,0,80,2,0.08588607999999999,128,0,816,32,0,16,0,80,2,0.052331648,149,0,808,32,0,16,0,80,2
v060,d6f8d507-17f7-5ead-9522-09c7ecbf1207,16,256,0.26203,0.6843699999999999,32,2,4,1,1,8,1,12.188967177627235,0.19947581363413436,128,0,872,32,0,16,0,80,2,0.46803377777777777,128,0,872,32,0,16,0,80,2,0.08588607999999999,128,0,816,32,0,16,0,80,2,0.052331648,149,0,808,32,0,16,0,80,2
v060,dcdec775-21aa-58cb-9fd9-322376d59814,1,128,0.0104315,0.018464,32,2,4,1,1,8,1,8.723231274827508,0.008171119176066699,128,0,872,32,0,16,0,80,2,0.016563555555555557,128,0,872,32,0,16,0,80,2,0.00462144,128,0,816,32,0,16,0,80,2,0.003572864,149,0,808,32,0,16,0,80,2
v060,e4d4aebe-8349-5613-9bbc-d1c0ddbe191b,1,131,0.010528,0.024016,32,2,4,1,1,8,1,8.746398334109042,0.008315754781755762,128,0,872,32,0,16,0,80,2,0.01690488888888889,128,0,872,32,0,16,0,80,2,0.00468288,128,0,816,32,0,16,0,80,2,0.003609728,149,0,808,32,0,16,0,80,2
v060,fbd78167-8dca-5fc3-9793-3e5867bde298,8,128,0.064927,0.170625,32,2,4,1,1,8,1,10.802672816507345,0.05136895340853359,128,0,872,32,0,16,0,80,2,0.11850844444444443,128,0,872,32,0,16,0,80,2,0.02297152,128,0,816,32,0,16,0,80,2,0.014582912,149,0,808,32,0,16,0,80,2
v061,0648abad-cca5-589b-afce-ee461e799da3,4,1024,0.6145229999999999,0.66525,4,2,4,0,1,2,0,12.188967177627235,0.5501333333333334,32,0,128,4,0,2,0,10,2,0.4700337777777778,35,0,128,4,0,2,0,10,2,0.48807272727272727,32,0,128,4,0,2,0,10,2,0.46895135135135135,32,0,128,4,0,2,0,10,2
v061,0f5618d6-7901-570c-8f57-273588f40be1,8,773,0.922248,0.9877955,4,2,4,0,1,2,0,12.600921601175148,0.8285333333333332,32,0,128,4,0,2,0,10,2,0.7076017777777778,35,0,128,4,0,2,0,10,2,0.7348363636363636,32,0,128,4,0,2,0,10,2,0.7059675675675675,32,0,128,4,0,2,0,10,2
v061,13ac723d-96d9-5dc3-8ff6-64cca40fee1a,4,256,0.1612305,0.1700805,4,2,4,0,1,2,0,10.802672816507345,0.14053333333333332,32,0,128,4,0,2,0,10,2,0.12050844444444445,35,0,128,4,0,2,0,10,2,0.1250181818181818,32,0,128,4,0,2,0,10,2,0.12023783783783784,32,0,128,4,0,2,0,10,2
v061,277f8cdf-20d1-5ab2-915d-1a7ecebfed13,8,256,0.3124615,0.330017,4,2,4,0,1,2,0,11.49581999706729,0.2770666666666667,32,0,128,4,0,2,0,10,2,0.23701688888888886,35,0,128,4,0,2,0,10,2,0.24603636363636364,32,0,128,4,0,2,0,10,2,0.23647567567567565,32,0,128,4,0,2,0,10,2
v061,3565f3a6-e573-5729-bb6a-4b19537e0a85,1,256,0.050975,0.050208,4,2,4,0,1,2,0,9.416378455387454,0.03813333333333334,32,0,128,4,0,2,0,10,2,0.033127111111111114,35,0,128,4,0,2,0,10,2,0.034254545454545454,32,0,128,4,0,2,0,10,2,0.03305945945945946,32,0,128,4,0,2,0,10,2
v061,388488d1-b780-5422-8839-375f4ae380a4,2,293,0.097151,0.09918450000000001,4,2,4,0,1,2,0,10.244520800484903,0.08213333333333334,32,0,128,4,0,2,0,10,2,0.07067377777777778,35,0,128,4,0,2,0,10,2,0.07325454545454546,32,0,128,4,0,2,0,10,2,0.07051891891891893,32,0,128,4,0,2,0,10,2
v061,3d08c934-3de5-5df5-9704-a82963af6eea,1,1024,0.161391,0.1683685,4,2,4,0,1,2,0,10.802672816507345,0.14053333333333332,32,0,128,4,0,2,0,10,2,0.12050844444444445,35,0,128,4,0,2,0,10,2,0.1250181818181818,32,0,128,4,0,2,0,10,2,0.12023783783783784,32,0,128,4,0,2,0,10,2
v061,473ba98e-bdcb-579c-9c4d-e5de6e3f4a63,1,8192,1.218422,1.297013,4,2,4,0,1,2,0,12.882114358187179,1.0962666666666667,32,0,128,4,0,2,0,10,2,0.9360675555555555,35,0,128,4,0,2,0,10,2,0.9721454545454545,32,0,128,4,0,2,0,10,2,0.9339027027027027,32,0,128,4,0,2,0,10,2
v061,62bb15e8-367e-5ab8-91e2-af3616abece3,4,1657,0.9871445,1.0544194999999998,4,2,4,0,1,2,0,12.670259389454344,0.8877333333333333,32,0,128,4,0,2,0,10,2,0.7581191111111111,35,0,128,4,0,2,0,10,2,0.787309090909091,32,0,128,4,0,2,0,10,2,0.7563675675675676,32,0,128,4,0,2,0,10,2
v061,93b2fe42-1327-5140-8826-c6593f301069,4,512,0.3129895,0.329441,4,2,4,0,1,2,0,11.49581999706729,0.2770666666666667,32,0,128,4,0,2,0,10,2,0.23701688888888886,35,0,128,4,0,2,0,10,2,0.24603636363636364,32,0,128,4,0,2,0,10,2,0.23647567567567565,32,0,128,4,0,2,0,10,2
v061,c47946fe-4f9b-507c-a425-760d50ee0ac9,2,128,0.053503999999999996,0.046656,4,2,4,0,1,2,0,9.416378455387454,0.03813333333333334,32,0,128,4,0,2,0,10,2,0.033127111111111114,35,0,128,4,0,2,0,10,2,0.034254545454545454,32,0,128,4,0,2,0,10,2,0.03305945945945946,32,0,128,4,0,2,0,10,2
v061,ce51aff5-8ef2-5730-9de1-f1527d8edb19,32,128,0.614699,0.6629465,4,2,4,0,1,2,0,12.188967177627235,0.5501333333333334,32,0,128,4,0,2,0,10,2,0.4700337777777778,35,0,128,4,0,2,0,10,2,0.48807272727272727,32,0,128,4,0,2,0,10,2,0.46895135135135135,32,0,128,4,0,2,0,10,2
v061,d6f8d507-17f7-5ead-9522-09c7ecbf1207,16,256,0.614795,0.664115,4,2,4,0,1,2,0,12.188967177627235,0.5501333333333334,32,0,128,4,0,2,0,10,2,0.4700337777777778,35,0,128,4,0,2,0,10,2,0.48807272727272727,32,0,128,4,0,2,0,10,2,0.46895135135135135,32,0,128,4,0,2,0,10,2
v061,dcdec775-21aa-58cb-9fd9-322376d59814,1,128,0.041088,0.025728,4,2,4,0,1,2,0,8.723231274827508,0.021066666666666668,32,0,128,4,0,2,0,10,2,0.018563555555555555,35,0,128,4,0,2,0,10,2,0.019127272727272725,32,0,128,4,0,2,0,10,2,0.01852972972972973,32,0,128,4,0,2,0,10,2
v061,e4d4aebe-8349-5613-9bbc-d1c0ddbe191b,1,131,0.040896,0.0272475,4,2,4,0,1,2,0,8.746398334109042,0.021466666666666665,32,0,128,4,0,2,0,10,2,0.01890488888888889,35,0,128,4,0,2,0,10,2,0.01948181818181818,32,0,128,4,0,2,0,10,2,0.01887027027027027,32,0,128,4,0,2,0,10,2
v061,fbd78167-8dca-5fc3-9793-3e5867bde298,8,128,0.16153450000000003,0.1661285,4,2,4,0,1,2,0,10.802672816507345,0.14053333333333332,32,0,128,4,0,2,0,10,2,0.12050844444444445,35,0,128,4,0,2,0,10,2,0.1250181818181818,32,0,128,4,0,2,0,10,2,0.12023783783783784,32,0,128,4,0,2,0,10,2
v062,0648abad-cca5-589b-afce-ee461e799da3,4,1024,0.41954899999999995,0.667842,32,2,1,1,1,1,1,12.188967177627235,0.19947581363413436,128,0,872,32,0,16,0,80,2,0.46803377777777777,128,0,872,32,0,16,0,80,2,0.12301818181818182,128,0,816,32,0,16,0,80,2,0.11823783783783783,149,0,808,32,0,16,0,80,2
v062,0f5618d6-7901-570c-8f57-273588f40be1,8,773,0.630235,0.995492,32,2,1,1,1,1,1,12.600921601175148,0.30014219519372237,128,0,872,32,0,16,0,80,2,0.7056017777777779,128,0,872,32,0,16,0,80,2,0.1847090909090909,128,0,816,32,0,16,0,80,2,0.17749189189189188,149,0,808,32,0,16,0,80,2
v062,13ac723d-96d9-5dc3-8ff6-64cca40fee1a,4,256,0.108719,0.1752165,32,2,1,1,1,1,1,10.802672816507345,0.05136895340853359,128,0,872,32,0,16,0,80,2,0.11850844444444443,128,0,872,32,0,16,0,80,2,0.03225454545454546,128,0,816,32,0,16,0,80,2,0.03105945945945946,149,0,808,32,0,16,0,80,2
v062,277f8cdf-20d1-5ab2-915d-1a7ecebfed13,8,256,0.2110225,0.339697,32,2,1,1,1,1,1,11.49581999706729,0.10073790681706718,128,0,872,32,0,16,0,80,2,0.2350168888888889,128,0,872,32,0,16,0,80,2,0.0625090909090909,128,0,816,32,0,16,0,80,2,0.06011891891891892,149,0,808,32,0,16,0,80,2
v062,3565f3a6-e573-5729-bb6a-4b19537e0a85,1,256,0.031664,0.05088,32,2,1,1,1,1,1,9.416378455387454,0.014342238352133397,128,0,872,32,0,16,0,80,2,0.031127111111111112,128,0,872,32,0,16,0,80,2,0.009563636363636363,128,0,816,32,0,16,0,80,2,0.009264864864864865,149,0,808,32,0,16,0,80,2
v062,388488d1-b780-5422-8839-375f4ae380a4,2,293,0.0647995,0.09939200000000001,32,2,1,1,1,1,1,10.244520800484903,0.030252154977930358,128,0,872,32,0,16,0,80,2,0.06867377777777776,128,0,872,32,0,16,0,80,2,0.019313636363636366,128,0,816,32,0,16,0,80,2,0.018629729729729733,149,0,808,32,0,16,0,80,2
v062,3d08c934-3de5-5df5-9704-a82963af6eea,1,1024,0.10844699999999999,0.1753925,32,2,1,1,1,1,1,10.802672816507345,0.05136895340853359,128,0,872,32,0,16,0,80,2,0.11850844444444443,128,0,872,32,0,16,0,80,2,0.03225454545454546,128,0,816,32,0,16,0,80,2,0.03105945945945946,149,0,808,32,0,16,0,80,2
v062,473ba98e-bdcb-579c-9c4d-e5de6e3f4a63,1,8192,0.8339455,1.3126769999999999,32,2,1,1,1,1,1,12.882114358187179,0.3969516272682687,128,0,872,32,0,16,0,80,2,0.9340675555555555,128,0,872,32,0,16,0,80,2,0.24403636363636363,128,0,816,32,0,16,0,80,2,0.23447567567567568,149,0,808,32,0,16,0,80,2
v062,62bb15e8-367e-5ab8-91e2-af3616abece3,4,1657,0.7211460000000001,1.07322,32,2,1,1,1,1,1,12.670259389454344,0.32154826483570376,128,0,872,32,0,16,0,80,2,0.7561191111111112,128,0,872,32,0,16,0,80,2,0.19782727272727274,128,0,816,32,0,16,0,80,2,0.19009189189189188,149,0,808,32,0,16,0,80,2
v062,93b2fe42-1327-5140-8826-c6593f301069,4,512,0.21105400000000002,0.339409,32,2,1,1,1,1,1,11.49581999706729,0.10073790681706718,128,0,872,32,0,16,0,80,2,0.2350168888888889,128,0,872,32,0,16,0,80,2,0.0625090909090909,128,0,816,32,0,16,0,80,2,0.06011891891891892,149,0,808,32,0,16,0,80,2
v062,c47946fe-4f9b-507c-a425-760d50ee0ac9,2,128,0.033919500000000005,0.045696,32,2,1,1,1,1,1,9.416378455387454,0.014342238352133397,128,0,872,32,0,16,0,80,2,0.031127111111111112,128,0,872,32,0,16,0,80,2,0.009563636363636363,128,0,816,32,0,16,0,80,2,0.009264864864864865,149,0,808,32,0,16,0,80,2
v062,ce51aff5-8ef2-5730-9de1-f1527d8edb19,32,128,0.41841249999999997,0.6680665,32,2,1,1,1,1,1,12.188967177627235,0.19947581363413436,128,0,872,32,0,16,0,80,2,0.46803377777777777,128,0,872,32,0,16,0,80,2,0.12301818181818182,128,0,816,32,0,16,0,80,2,0.11823783783783783,149,0,808,32,0,16,0,80,2
v062,d6f8d507-17f7-5ead-9522-09c7ecbf1207,16,256,0.4185725,0.6722425000000001,32,2,1,1,1,1,1,12.188967177627235,0.19947581363413436,128,0,872,32,0,16,0,80,2,0.46803377777777777,128,0,872,32,0,16,0,80,2,0.12301818181818182,128,0,816,32,0,16,0,80,2,0.11823783783783783,149,0,808,32,0,16,0,80,2
v062,dcdec775-21aa-58cb-9fd9-322376d59814,1,128,0.0175045,0.022976,32,2,1,1,1,1,1,8.723231274827508,0.008171119176066699,128,0,872,32,0,16,0,80,2,0.016563555555555557,128,0,872,32,0,16,0,80,2,0.005781818181818182,128,0,816,32,0,16,0,80,2,0.005632432432432432,149,0,808,32,0,16,0,80,2
v062,e4d4aebe-8349-5613-9bbc-d1c0ddbe191b,1,131,0.0178395,0.026832500000000002,32,2,1,1,1,1,1,8.746398334109042,0.008315754781755762,128,0,872,32,0,16,0,80,2,0.01690488888888889,128,0,872,32,0,16,0,80,2,0.005870454545454546,128,0,816,32,0,16,0,80,2,0.005717567567567568,149,0,808,32,0,16,0,80,2
v062,fbd78167-8dca-5fc3-9793-3e5867bde298,8,128,0.1088005,0.172881,32,2,1,1,1,1,1,10.802672816507345,0.05136895340853359,128,0,872,32,0,16,0,80,2,0.11850844444444443,128,0,872,32,0,16,0,80,2,0.03225454545454546,128,0,816,32,0,16,0,80,2,0.03105945945945946,149,0,808,32,0,16,0,80,2
v063,0648abad-cca5-589b-afce-ee461e799da3,4,1024,2.5568755000000003,1.364229,1,2,4,1,1,1,0,12.188967177627235,4.371066666666667,24,0,96,0,0,0,0,6,2,3.3249521126760557,24,0,96,0,0,0,0,6,2,3.874581818181818,26,0,104,0,0,0,0,6,2,3.7216108108108106,26,0,104,0,0,0,0,6,2
v063,0f5618d6-7901-570c-8f57-273588f40be1,8,773,3.8622414999999997,2.044792,1,2,4,1,1,1,0,12.600921601175148,6.5982666666666665,24,0,96,0,0,0,0,6,2,5.018878873239436,24,0,96,0,0,0,0,6,2,5.84869090909091,26,0,104,0,0,0,0,6,2,5.617740540540541,26,0,104,0,0,0,0,6,2
v063,13ac723d-96d9-5dc3-8ff6-64cca40fee1a,4,256,0.645899,0.352785,1,2,4,1,1,1,0,10.802672816507345,1.0942666666666667,24,0,96,0,0,0,0,6,2,0.8327380281690141,24,0,96,0,0,0,0,6,2,0.9701454545454546,26,0,104,0,0,0,0,6,2,0.9319027027027027,26,0,104,0,0,0,0,6,2
v063,277f8cdf-20d1-5ab2-915d-1a7ecebfed13,8,256,1.282038,0.6902105000000001,1,2,4,1,1,1,0,11.49581999706729,2.186533333333333,24,0,96,0,0,0,0,6,2,1.6634760563380282,24,0,96,0,0,0,0,6,2,1.938290909090909,26,0,104,0,0,0,0,6,2,1.8618054054054054,26,0,104,0,0,0,0,6,2
v063,3565f3a6-e573-5729-bb6a-4b19537e0a85,1,256,0.16467199999999999,0.09521650000000001,1,2,4,1,1,1,0,9.416378455387454,0.2750666666666667,24,0,96,0,0,0,0,6,2,0.2096845070422535,24,0,96,0,0,0,0,6,2,0.24403636363636363,26,0,104,0,0,0,0,6,2,0.23447567567567568,26,0,104,0,0,0,0,6,2
v063,388488d1-b780-5422-8839-375f4ae380a4,2,293,0.37167700000000004,0.209857,1,2,4,1,1,1,0,10.244520800484903,0.6270666666666668,24,0,96,0,0,0,0,6,2,0.4774028169014084,24,0,96,0,0,0,0,6,2,0.5560363636363638,26,0,104,0,0,0,0,6,2,0.5341513513513514,26,0,104,0,0,0,0,6,2
v063,3d08c934-3de5-5df5-9704-a82963af6eea,1,1024,0.645771,0.353714,1,2,4,1,1,1,0,10.802672816507345,1.0942666666666667,24,0,96,0,0,0,0,6,2,0.8327380281690141,24,0,96,0,0,0,0,6,2,0.9701454545454546,26,0,104,0,0,0,0,6,2,0.9319027027027027,26,0,104,0,0,0,0,6,2
v063,473ba98e-bdcb-579c-9c4d-e5de6e3f4a63,1,8192,5.1035284999999995,2.699083,1,2,4,1,1,1,0,12.882114358187179,8.740133333333334,24,0,96,0,0,0,0,6,2,6.647904225352113,24,0,96,0,0,0,0,6,2,7.747163636363637,26,0,104,0,0,0,0,6,2,7.441221621621622,26,0,104,0,0,0,0,6,2
v063,62bb15e8-367e-5ab8-91e2-af3616abece3,4,1657,4.1399989999999995,2.192024,1,2,4,1,1,1,0,12.670259389454344,7.071866666666667,24,0,96,0,0,0,0,6,2,5.379081690140844,24,0,96,0,0,0,0,6,2,6.268472727272728,26,0,104,0,0,0,0,6,2,6.020940540540541,26,0,104,0,0,0,0,6,2
v063,93b2fe42-1327-5140-8826-c6593f301069,4,512,1.2818665,0.6925625,1,2,4,1,1,1,0,11.49581999706729,2.186533333333333,24,0,96,0,0,0,0,6,2,1.6634760563380282,24,0,96,0,0,0,0,6,2,1.938290909090909,26,0,104,0,0,0,0,6,2,1.8618054054054054,26,0,104,0,0,0,0,6,2
v063,c47946fe-4f9b-507c-a425-760d50ee0ac9,2,128,0.178126,0.0960485,1,2,4,1,1,1,0,9.416378455387454,0.2750666666666667,24,0,96,0,0,0,0,6,2,0.2096845070422535,24,0,96,0,0,0,0,6,2,0.24403636363636363,26,0,104,0,0,0,0,6,2,0.23447567567567568,26,0,104,0,0,0,0,6,2
v063,ce51aff5-8ef2-5730-9de1-f1527d8edb19,32,128,2.5602210000000003,1.364261,1,2,4,1,1,1,0,12.188967177627235,4.371066666666667,24,0,96,0,0,0,0,6,2,3.3249521126760557,24,0,96,0,0,0,0,6,2,3.874581818181818,26,0,104,0,0,0,0,6,2,3.7216108108108106,26,0,104,0,0,0,0,6,2
v063,d6f8d507-17f7-5ead-9522-09c7ecbf1207,16,256,2.55822,1.3652375,1,2,4,1,1,1,0,12.188967177627235,4.371066666666667,24,0,96,0,0,0,0,6,2,3.3249521126760557,24,0,96,0,0,0,0,6,2,3.874581818181818,26,0,104,0,0,0,0,6,2,3.7216108108108106,26,0,104,0,0,0,0,6,2
v063,dcdec775-21aa-58cb-9fd9-322376d59814,1,128,0.083936,0.04961599999999999,1,2,4,1,1,1,0,8.723231274827508,0.13853333333333334,24,0,96,0,0,0,0,6,2,0.10584225352112675,24,0,96,0,0,0,0,6,2,0.12301818181818182,26,0,104,0,0,0,0,6,2,0.11823783783783783,26,0,104,0,0,0,0,6,2
v063,e4d4aebe-8349-5613-9bbc-d1c0ddbe191b,1,131,0.085984,0.050784,1,2,4,1,1,1,0,8.746398334109042,0.14173333333333332,24,0,96,0,0,0,0,6,2,0.10827605633802816,24,0,96,0,0,0,0,6,2,0.12585454545454544,26,0,104,0,0,0,0,6,2,0.12096216216216216,26,0,104,0,0,0,0,6,2
v063,fbd78167-8dca-5fc3-9793-3e5867bde298,8,128,0.6448590000000001,0.353601,1,2,4,1,1,1,0,10.802672816507345,1.0942666666666667,24,0,96,0,0,0,0,6,2,0.8327380281690141,24,0,96,0,0,0,0,6,2,0.9701454545454546,26,0,104,0,0,0,0,6,2,0.9319027027027027,26,0,104,0,0,0,0,6,2
v064,0648abad-cca5-589b-afce-ee461e799da3,4,1024,0.2940935,0.6916505,2,2,3,1,1,8,1,12.188967177627235,0.2750666666666667,27,0,112,2,0,1,0,5,2,0.46803377777777777,27,0,112,2,0,1,0,5,2,0.24403636363636363,28,0,112,2,0,1,0,5,2,0.23447567567567568,28,0,112,2,0,1,0,5,2
v064,0f5618d6-7901-570c-8f57-273588f40be1,8,773,0.437789,1.0475240000000001,2,2,3,1,1,8,1,12.600921601175148,0.4142666666666666,27,0,112,2,0,1,0,5,2,0.7056017777777779,27,0,112,2,0,1,0,5,2,0.3674181818181818,28,0,112,2,0,1,0,5,2,0.35298378378378376,28,0,112,2,0,1,0,5,2
v064,13ac723d-96d9-5dc3-8ff6-64cca40fee1a,4,256,0.0729755,0.1849605,2,2,3,1,1,8,1,10.802672816507345,0.07026666666666666,27,0,112,2,0,1,0,5,2,0.11850844444444443,27,0,112,2,0,1,0,5,2,0.0625090909090909,28,0,112,2,0,1,0,5,2,0.06011891891891892,28,0,112,2,0,1,0,5,2
v064,277f8cdf-20d1-5ab2-915d-1a7ecebfed13,8,256,0.14180700000000002,0.35411349999999997,2,2,3,1,1,8,1,11.49581999706729,0.13853333333333334,27,0,112,2,0,1,0,5,2,0.2350168888888889,27,0,112,2,0,1,0,5,2,0.12301818181818182,28,0,112,2,0,1,0,5,2,0.11823783783783783,28,0,112,2,0,1,0,5,2
v064,3565f3a6-e573-5729-bb6a-4b19537e0a85,1,256,0.020896,0.05072,2,2,3,1,1,8,1,9.416378455387454,0.01906666666666667,27,0,112,2,0,1,0,5,2,0.031127111111111112,27,0,112,2,0,1,0,5,2,0.017127272727272727,28,0,112,2,0,1,0,5,2,0.01652972972972973,28,0,112,2,0,1,0,5,2
v064,388488d1-b780-5422-8839-375f4ae380a4,2,293,0.0429595,0.106464,2,2,3,1,1,8,1,10.244520800484903,0.04106666666666667,27,0,112,2,0,1,0,5,2,0.06867377777777776,27,0,112,2,0,1,0,5,2,0.03662727272727273,28,0,112,2,0,1,0,5,2,0.035259459459459463,28,0,112,2,0,1,0,5,2
v064,3d08c934-3de5-5df5-9704-a82963af6eea,1,1024,0.0732795,0.1843845,2,2,3,1,1,8,1,10.802672816507345,0.07026666666666666,27,0,112,2,0,1,0,5,2,0.11850844444444443,27,0,112,2,0,1,0,5,2,0.0625090909090909,28,0,112,2,0,1,0,5,2,0.06011891891891892,28,0,112,2,0,1,0,5,2
v064,473ba98e-bdcb-579c-9c4d-e5de6e3f4a63,1,8192,0.582299,1.373093,2,2,3,1,1,8,1,12.882114358187179,0.5481333333333334,27,0,112,2,0,1,0,5,2,0.9340675555555555,27,0,112,2,0,1,0,5,2,0.48607272727272727,28,0,112,2,0,1,0,5,2,0.46695135135135135,28,0,112,2,0,1,0,5,2
v064,62bb15e8-367e-5ab8-91e2-af3616abece3,4,1657,0.47436449999999997,1.119748,2,2,3,1,1,8,1,12.670259389454344,0.44386666666666663,27,0,112,2,0,1,0,5,2,0.7561191111111112,27,0,112,2,0,1,0,5,2,0.3936545454545455,28,0,112,2,0,1,0,5,2,0.3781837837837838,28,0,112,2,0,1,0,5,2
v064,93b2fe42-1327-5140-8826-c6593f301069,4,512,0.142335,0.35435300000000003,2,2,3,1,1,8,1,11.49581999706729,0.13853333333333334,27,0,112,2,0,1,0,5,2,0.2350168888888889,27,0,112,2,0,1,0,5,2,0.12301818181818182,28,0,112,2,0,1,0,5,2,0.11823783783783783,28,0,112,2,0,1,0,5,2
v064,c47946fe-4f9b-507c-a425-760d50ee0ac9,2,128,0.0216475,0.045904,2,2,3,1,1,8,1,9.416378455387454,0.01906666666666667,27,0,112,2,0,1,0,5,2,0.031127111111111112,27,0,112,2,0,1,0,5,2,0.017127272727272727,28,0,112,2,0,1,0,5,2,0.01652972972972973,28,0,112,2,0,1,0,5,2
v064,ce51aff5-8ef2-5730-9de1-f1527d8edb19,32,128,0.29553399999999996,0.6936185,2,2,3,1,1,8,1,12.188967177627235,0.2750666666666667,27,0,112,2,0,1,0,5,2,0.46803377777777777,27,0,112,2,0,1,0,5,2,0.24403636363636363,28,0,112,2,0,1,0,5,2,0.23447567567567568,28,0,112,2,0,1,0,5,2
v064,d6f8d507-17f7-5ead-9522-09c7ecbf1207,16,256,0.2964135,0.691971,2,2,3,1,1,8,1,12.188967177627235,0.2750666666666667,27,0,112,2,0,1,0,5,2,0.46803377777777777,27,0,112,2,0,1,0,5,2,0.24403636363636363,28,0,112,2,0,1,0,5,2,0.23447567567567568,28,0,112,2,0,1,0,5,2
v064,dcdec775-21aa-58cb-9fd9-322376d59814,1,128,0.0123995,0.022305,2,2,3,1,1,8,1,8.723231274827508,0.010533333333333334,27,0,112,2,0,1,0,5,2,0.016563555555555557,27,0,112,2,0,1,0,5,2,0.009563636363636363,28,0,112,2,0,1,0,5,2,0.009264864864864865,28,0,112,2,0,1,0,5,2
v064,e4d4aebe-8349-5613-9bbc-d1c0ddbe191b,1,131,0.012624,0.028592,2,2,3,1,1,8,1,8.746398334109042,0.010733333333333333,27,0,112,2,0,1,0,5,2,0.01690488888888889,27,0,112,2,0,1,0,5,2,0.00974090909090909,28,0,112,2,0,1,0,5,2,0.009435135135135135,28,0,112,2,0,1,0,5,2
v064,fbd78167-8dca-5fc3-9793-3e5867bde298,8,128,0.07270299999999999,0.181873,2,2,3,1,1,8,1,10.802672816507345,0.07026666666666666,27,0,112,2,0,1,0,5,2,0.11850844444444443,27,0,112,2,0,1,0,5,2,0.0625090909090909,28,0,112,2,0,1,0,5,2,0.06011891891891892,28,0,112,2,0,1,0,5,2
v065,0648abad-cca5-589b-afce-ee461e799da3,4,1024,0.26686200000000004,0.6713625000000001,16,2,1,0,1,4,0,12.188967177627235,0.20147581363413436,80,0,384,16,0,8,0,40,2,0.4700337777777778,48,0,392,16,0,8,0,40,2,0.08788607999999999,56,0,392,16,0,8,0,40,2,0.06211891891891892,60,0,384,16,0,8,0,40,2
v065,0f5618d6-7901-570c-8f57-273588f40be1,8,773,0.3947965,0.9948995,16,2,1,0,1,4,0,12.600921601175148,0.3021421951937224,80,0,384,16,0,8,0,40,2,0.7076017777777778,48,0,392,16,0,8,0,40,2,0.13064831999999998,56,0,392,16,0,8,0,40,2,0.09174594594594594,60,0,384,16,0,8,0,40,2
v065,13ac723d-96d9-5dc3-8ff6-64cca40fee1a,4,256,0.07115199999999999,0.176288,16,2,1,0,1,4,0,10.802672816507345,0.05336895340853359,80,0,384,16,0,8,0,40,2,0.12050844444444445,48,0,392,16,0,8,0,40,2,0.024971519999999997,56,0,392,16,0,8,0,40,2,0.01852972972972973,60,0,384,16,0,8,0,40,2
v065,277f8cdf-20d1-5ab2-915d-1a7ecebfed13,8,256,0.131855,0.339025,16,2,1,0,1,4,0,11.49581999706729,0.10273790681706718,80,0,384,16,0,8,0,40,2,0.23701688888888886,48,0,392,16,0,8,0,40,2,0.04594304,56,0,392,16,0,8,0,40,2,0.03305945945945946,60,0,384,16,0,8,0,40,2
v065,3565f3a6-e573-5729-bb6a-4b19537e0a85,1,256,0.037359500000000004,0.048,16,2,1,0,1,4,0,9.416378455387454,0.016342238352133397,80,0,384,16,0,8,0,40,2,0.033127111111111114,48,0,392,16,0,8,0,40,2,0.00924288,56,0,392,16,0,8,0,40,2,0.007632432432432433,60,0,384,16,0,8,0,40,2
v065,388488d1-b780-5422-8839-375f4ae380a4,2,293,0.049119499999999996,0.101424,16,2,1,0,1,4,0,10.244520800484903,0.03225215497793036,80,0,384,16,0,8,0,40,2,0.07067377777777778,48,0,392,16,0,8,0,40,2,0.01600128,56,0,392,16,0,8,0,40,2,0.012314864864864866,60,0,384,16,0,8,0,40,2
v065,3d08c934-3de5-5df5-9704-a82963af6eea,1,1024,0.0710395,0.1756005,16,2,1,0,1,4,0,10.802672816507345,0.05336895340853359,80,0,384,16,0,8,0,40,2,0.12050844444444445,48,0,392,16,0,8,0,40,2,0.024971519999999997,56,0,392,16,0,8,0,40,2,0.01852972972972973,60,0,384,16,0,8,0,40,2
v065,473ba98e-bdcb-579c-9c4d-e5de6e3f4a63,1,8192,0.5169055,1.2975729999999999,16,2,1,0,1,4,0,12.882114358187179,0.3989516272682687,80,0,384,16,0,8,0,40,2,0.9360675555555555,48,0,392,16,0,8,0,40,2,0.17177215999999998,56,0,392,16,0,8,0,40,2,0.12023783783783784,60,0,384,16,0,8,0,40,2
v065,62bb15e8-367e-5ab8-91e2-af3616abece3,4,1657,0.424333,1.057156,16,2,1,0,1,4,0,12.670259389454344,0.32354826483570376,80,0,384,16,0,8,0,40,2,0.7581191111111111,48,0,392,16,0,8,0,40,2,0.13974143999999997,56,0,392,16,0,8,0,40,2,0.09804594594594596,60,0,384,16,0,8,0,40,2
v065,93b2fe42-1327-5140-8826-c6593f301069,4,512,0.1317275,0.339393,16,2,1,0,1,4,0,11.49581999706729,0.10273790681706718,80,0,384,16,0,8,0,40,2,0.23701688888888886,48,0,392,16,0,8,0,40,2,0.04594304,56,0,392,16,0,8,0,40,2,0.03305945945945946,60,0,384,16,0,8,0,40,2
v065,c47946fe-4f9b-507c-a425-760d50ee0ac9,2,128,0.038208,0.0458405,16,2,1,0,1,4,0,9.416378455387454,0.016342238352133397,80,0,384,16,0,8,0,40,2,0.033127111111111114,48,0,392,16,0,8,0,40,2,0.00924288,56,0,392,16,0,8,0,40,2,0.007632432432432433,60,0,384,16,0,8,0,40,2
v065,ce51aff5-8ef2-5730-9de1-f1527d8edb19,32,128,0.26635,0.6661465,16,2,1,0,1,4,0,12.188967177627235,0.20147581363413436,80,0,384,16,0,8,0,40,2,0.4700337777777778,48,0,392,16,0,8,0,40,2,0.08788607999999999,56,0,392,16,0,8,0,40,2,0.06211891891891892,60,0,384,16,0,8,0,40,2
v065,d6f8d507-17f7-5ead-9522-09c7ecbf1207,16,256,0.266057,0.6636185,16,2,1,0,1,4,0,12.188967177627235,0.20147581363413436,80,0,384,16,0,8,0,40,2,0.4700337777777778,48,0,392,16,0,8,0,40,2,0.08788607999999999,56,0,392,16,0,8,0,40,2,0.06211891891891892,60,0,384,16,0,8,0,40,2
v065,dcdec775-21aa-58cb-9fd9-322376d59814,1,128,0.033504,0.025984,16,2,1,0,1,4,0,8.723231274827508,0.010171119176066699,80,0,384,16,0,8,0,40,2,0.018563555555555555,48,0,392,16,0,8,0,40,2,0.00662144,56,0,392,16,0,8,0,40,2,0.0068000000000000005,60,0,384,16,0,8,0,40,2
v065,e4d4aebe-8349-5613-9bbc-d1c0ddbe191b,1,131,0.03352,0.027984500000000002,16,2,1,0,1,4,0,8.746398334109042,0.01031575478175576,80,0,384,16,0,8,0,40,2,0.01890488888888889,48,0,392,16,0,8,0,40,2,0.00668288,56,0,392,16,0,8,0,40,2,0.0068,60,0,384,16,0,8,0,40,2
v065,fbd78167-8dca-5fc3-9793-3e5867bde298,8,128,0.07094349999999999,0.173409,16,2,1,0,1,4,0,10.802672816507345,0.05336895340853359,80,0,384,16,0,8,0,40,2,0.12050844444444445,48,0,392,16,0,8,0,40,2,0.024971519999999997,56,0,392,16,0,8,0,40,2,0.01852972972972973,60,0,384,16,0,8,0,40,2
v066,0648abad-cca5-589b-afce-ee461e799da3,4,1024,0.7504569999999999,0.6464825000000001,2,4,3,1,1,2,0,12.188967177627235,1.0942666666666667,26,0,112,0,0,0,0,6,2,0.8327380281690141,28,0,112,0,0,0,0,6,2,0.9701454545454546,32,0,112,0,0,0,0,6,2,0.9319027027027027,32,0,112,0,0,0,0,6,2
v066,0f5618d6-7901-570c-8f57-273588f40be1,8,773,1.1296694999999999,0.961235,2,4,3,1,1,2,0,12.600921601175148,1.6510666666666667,26,0,112,0,0,0,0,6,2,1.2562197183098591,28,0,112,0,0,0,0,6,2,1.4636727272727272,32,0,112,0,0,0,0,6,2,1.4059351351351352,32,0,112,0,0,0,0,6,2
v066,13ac723d-96d9-5dc3-8ff6-64cca40fee1a,4,256,0.19225399999999998,0.1866085,2,4,3,1,1,2,0,10.802672816507345,0.2750666666666667,26,0,112,0,0,0,0,6,2,0.2096845070422535,28,0,112,0,0,0,0,6,2,0.24403636363636363,32,0,112,0,0,0,0,6,2,0.23447567567567568,32,0,112,0,0,0,0,6,2
v066,277f8cdf-20d1-5ab2-915d-1a7ecebfed13,8,256,0.378637,0.34107350000000003,2,4,3,1,1,2,0,11.49581999706729,0.5481333333333334,26,0,112,0,0,0,0,6,2,0.417369014084507,28,0,112,0,0,0,0,6,2,0.48607272727272727,32,0,112,0,0,0,0,6,2,0.46695135135135135,32,0,112,0,0,0,0,6,2
v066,3565f3a6-e573-5729-bb6a-4b19537e0a85,1,256,0.0520315,0.058688000000000004,2,4,3,1,1,2,0,9.416378455387454,0.07026666666666666,26,0,112,0,0,0,0,6,2,0.053921126760563376,28,0,112,0,0,0,0,6,2,0.0625090909090909,32,0,112,0,0,0,0,6,2,0.06011891891891892,32,0,112,0,0,0,0,6,2
v066,388488d1-b780-5422-8839-375f4ae380a4,2,293,0.11307149999999999,0.119889,2,4,3,1,1,2,0,10.244520800484903,0.15826666666666667,26,0,112,0,0,0,0,6,2,0.1208507042253521,28,0,112,0,0,0,0,6,2,0.14050909090909092,32,0,112,0,0,0,0,6,2,0.13503783783783782,32,0,112,0,0,0,0,6,2
v066,3d08c934-3de5-5df5-9704-a82963af6eea,1,1024,0.19540600000000002,0.1885125,2,4,3,1,1,2,0,10.802672816507345,0.2750666666666667,26,0,112,0,0,0,0,6,2,0.2096845070422535,28,0,112,0,0,0,0,6,2,0.24403636363636363,32,0,112,0,0,0,0,6,2,0.23447567567567568,32,0,112,0,0,0,0,6,2
v066,473ba98e-bdcb-579c-9c4d-e5de6e3f4a63,1,8192,1.5327545,1.286821,2,4,3,1,1,2,0,12.882114358187179,2.186533333333333,26,0,112,0,0,0,0,6,2,1.6634760563380282,28,0,112,0,0,0,0,6,2,1.938290909090909,32,0,112,0,0,0,0,6,2,1.8618054054054054,32,0,112,0,0,0,0,6,2
v066,62bb15e8-367e-5ab8-91e2-af3616abece3,4,1657,1.313445,1.046452,2,4,3,1,1,2,0,12.670259389454344,1.7694666666666667,26,0,112,0,0,0,0,6,2,1.3462704225352111,28,0,112,0,0,0,0,6,2,1.568618181818182,32,0,112,0,0,0,0,6,2,1.5067351351351352,32,0,112,0,0,0,0,6,2
v066,93b2fe42-1327-5140-8826-c6593f301069,4,512,0.386253,0.34414500000000003,2,4,3,1,1,2,0,11.49581999706729,0.5481333333333334,26,0,112,0,0,0,0,6,2,0.417369014084507,28,0,112,0,0,0,0,6,2,0.48607272727272727,32,0,112,0,0,0,0,6,2,0.46695135135135135,32,0,112,0,0,0,0,6,2
v066,c47946fe-4f9b-507c-a425-760d50ee0ac9,2,128,0.055392,0.057664,2,4,3,1,1,2,0,9.416378455387454,0.07026666666666666,26,0,112,0,0,0,0,6,2,0.053921126760563376,28,0,112,0,0,0,0,6,2,0.0625090909090909,32,0,112,0,0,0,0,6,2,0.06011891891891892,32,0,112,0,0,0,0,6,2
v066,ce51aff5-8ef2-5730-9de1-f1527d8edb19,32,128,0.7476905,0.6472344999999999,2,4,3,1,1,2,0,12.188967177627235,1.0942666666666667,26,0,112,0,0,0,0,6,2,0.8327380281690141,28,0,112,0,0,0,0,6,2,0.9701454545454546,32,0,112,0,0,0,0,6,2,0.9319027027027027,32,0,112,0,0,0,0,6,2
v066,d6f8d507-17f7-5ead-9522-09c7ecbf1207,16,256,0.7505545,0.6463220000000001,2,4,3,1,1,2,0,12.188967177627235,1.0942666666666667,26,0,112,0,0,0,0,6,2,0.8327380281690141,28,0,112,0,0,0,0,6,2,0.9701454545454546,32,0,112,0,0,0,0,6,2,0.9319027027027027,32,0,112,0,0,0,0,6,2
v066,dcdec775-21aa-58cb-9fd9-322376d59814,1,128,0.027472,0.0312485,2,4,3,1,1,2,0,8.723231274827508,0.03613333333333334,26,0,112,0,0,0,0,6,2,0.02796056338028169,28,0,112,0,0,0,0,6,2,0.03225454545454546,32,0,112,0,0,0,0,6,2,0.03105945945945946,32,0,112,0,0,0,0,6,2
v066,e4d4aebe-8349-5613-9bbc-d1c0ddbe191b,1,131,0.028144,0.032353,2,4,3,1,1,2,0,8.746398334109042,0.03693333333333333,26,0,112,0,0,0,0,6,2,0.028569014084507044,28,0,112,0,0,0,0,6,2,0.03296363636363636,32,0,112,0,0,0,0,6,2,0.03174054054054054,32,0,112,0,0,0,0,6,2
v066,fbd78167-8dca-5fc3-9793-3e5867bde298,8,128,0.1919825,0.186753,2,4,3,1,1,2,0,10.802672816507345,0.2750666666666667,26,0,112,0,0,0,0,6,2,0.2096845070422535,28,0,112,0,0,0,0,6,2,0.24403636363636363,32,0,112,0,0,0,0,6,2,0.23447567567567568,32,0,112,0,0,0,0,6,2
v067,0648abad-cca5-589b-afce-ee461e799da3,4,1024,1.446004,0.8475715,2,8,1,1,1,1,0,12.188967177627235,2.186533333333333,24,0,112,0,2,0,1,7,2,1.6634760563380282,24,0,112,0,2,0,1,7,2,1.938290909090909,26,0,112,0,2,0,1,7,2,1.8618054054054054,26,0,112,0,2,0,1,7,2
v067,0f5618d6-7901-570c-8f57-273588f40be1,8,773,2.1794529999999996,1.26346,2,8,1,1,1,1,0,12.600921601175148,3.300133333333333,24,0,112,0,2,0,1,7,2,2.510439436619718,24,0,112,0,2,0,1,7,2,2.9253454545454542,26,0,112,0,2,0,1,7,2,2.8098702702702703,26,0,112,0,2,0,1,7,2
v067,13ac723d-96d9-5dc3-8ff6-64cca40fee1a,4,256,0.3665085,0.2341455,2,8,1,1,1,1,0,10.802672816507345,0.5481333333333334,24,0,112,0,2,0,1,7,2,0.417369014084507,24,0,112,0,2,0,1,7,2,0.48607272727272727,26,0,112,0,2,0,1,7,2,0.46695135135135135,26,0,112,0,2,0,1,7,2
v067,277f8cdf-20d1-5ab2-915d-1a7ecebfed13,8,256,0.7270650000000001,0.4404975,2,8,1,1,1,1,0,11.49581999706729,1.0942666666666667,24,0,112,0,2,0,1,7,2,0.8327380281690141,24,0,112,0,2,0,1,7,2,0.9701454545454546,26,0,112,0,2,0,1,7,2,0.9319027027027027,26,0,112,0,2,0,1,7,2
v067,3565f3a6-e573-5729-bb6a-4b19537e0a85,1,256,0.094719,0.069552,2,8,1,1,1,1,0,9.416378455387454,0.13853333333333334,24,0,112,0,2,0,1,7,2,0.10584225352112675,24,0,112,0,2,0,1,7,2,0.12301818181818182,26,0,112,0,2,0,1,7,2,0.11823783783783783,26,0,112,0,2,0,1,7,2
v067,388488d1-b780-5422-8839-375f4ae380a4,2,293,0.21364650000000002,0.14638400000000001,2,8,1,1,1,1,0,10.244520800484903,0.31453333333333333,24,0,112,0,2,0,1,7,2,0.2397014084507042,24,0,112,0,2,0,1,7,2,0.27901818181818183,26,0,112,0,2,0,1,7,2,0.2680756756756757,26,0,112,0,2,0,1,7,2
v067,3d08c934-3de5-5df5-9704-a82963af6eea,1,1024,0.3699965,0.23430499999999999,2,8,1,1,1,1,0,10.802672816507345,0.5481333333333334,24,0,112,0,2,0,1,7,2,0.417369014084507,24,0,112,0,2,0,1,7,2,0.48607272727272727,26,0,112,0,2,0,1,7,2,0.46695135135135135,26,0,112,0,2,0,1,7,2
v067,473ba98e-bdcb-579c-9c4d-e5de6e3f4a63,1,8192,2.922166,1.6889825,2,8,1,1,1,1,0,12.882114358187179,4.371066666666667,24,0,112,0,2,0,1,7,2,3.3249521126760557,24,0,112,0,2,0,1,7,2,3.874581818181818,26,0,112,0,2,0,1,7,2,3.7216108108108106,26,0,112,0,2,0,1,7,2
v067,62bb15e8-367e-5ab8-91e2-af3616abece3,4,1657,2.432652,1.373909,2,8,1,1,1,1,0,12.670259389454344,3.5369333333333333,24,0,112,0,2,0,1,7,2,2.690540845070422,24,0,112,0,2,0,1,7,2,3.1352363636363636,26,0,112,0,2,0,1,7,2,3.0114702702702703,26,0,112,0,2,0,1,7,2
v067,93b2fe42-1327-5140-8826-c6593f301069,4,512,0.7345375000000001,0.44372900000000004,2,8,1,1,1,1,0,11.49581999706729,1.0942666666666667,24,0,112,0,2,0,1,7,2,0.8327380281690141,24,0,112,0,2,0,1,7,2,0.9701454545454546,26,0,112,0,2,0,1,7,2,0.9319027027027027,26,0,112,0,2,0,1,7,2
v067,c47946fe-4f9b-507c-a425-760d50ee0ac9,2,128,0.10295950000000001,0.069744,2,8,1,1,1,1,0,9.416378455387454,0.13853333333333334,24,0,112,0,2,0,1,7,2,0.10584225352112675,24,0,112,0,2,0,1,7,2,0.12301818181818182,26,0,112,0,2,0,1,7,2,0.11823783783783783,26,0,112,0,2,0,1,7,2
v067,ce51aff5-8ef2-5730-9de1-f1527d8edb19,32,128,1.4453155,0.8469949999999999,2,8,1,1,1,1,0,12.188967177627235,2.186533333333333,24,0,112,0,2,0,1,7,2,1.6634760563380282,24,0,112,0,2,0,1,7,2,1.938290909090909,26,0,112,0,2,0,1,7,2,1.8618054054054054,26,0,112,0,2,0,1,7,2
v067,d6f8d507-17f7-5ead-9522-09c7ecbf1207,16,256,1.44618,0.8471390000000001,2,8,1,1,1,1,0,12.188967177627235,2.186533333333333,24,0,112,0,2,0,1,7,2,1.6634760563380282,24,0,112,0,2,0,1,7,2,1.938290909090909,26,0,112,0,2,0,1,7,2,1.8618054054054054,26,0,112,0,2,0,1,7,2
v067,dcdec775-21aa-58cb-9fd9-322376d59814,1,128,0.049376,0.036592,2,8,1,1,1,1,0,8.723231274827508,0.07026666666666666,24,0,112,0,2,0,1,7,2,0.053921126760563376,24,0,112,0,2,0,1,7,2,0.0625090909090909,26,0,112,0,2,0,1,7,2,0.06011891891891892,26,0,112,0,2,0,1,7,2
v067,e4d4aebe-8349-5613-9bbc-d1c0ddbe191b,1,131,0.050543,0.037648,2,8,1,1,1,1,0,8.746398334109042,0.07186666666666666,24,0,112,0,2,0,1,7,2,0.055138028169014086,24,0,112,0,2,0,1,7,2,0.06392727272727272,26,0,112,0,2,0,1,7,2,0.06148108108108107,26,0,112,0,2,0,1,7,2
v067,fbd78167-8dca-5fc3-9793-3e5867bde298,8,128,0.36494000000000004,0.234641,2,8,1,1,1,1,0,10.802672816507345,0.5481333333333334,24,0,112,0,2,0,1,7,2,0.417369014084507,24,0,112,0,2,0,1,7,2,0.48607272727272727,26,0,112,0,2,0,1,7,2,0.46695135135135135,26,0,112,0,2,0,1,7,2
v068,0648abad-cca5-589b-afce-ee461e799da3,4,1024,0.293083,0.6790745,2,1,1,1,1,8,1,12.188967177627235,0.2750666666666667,36,0,160,4,0,2,0,10,2,0.46803377777777777,36,0,160,4,0,2,0,10,2,0.24403636363636363,39,0,152,4,0,2,0,10,2,0.23447567567567568,39,0,152,4,0,2,0,10,2
v068,0f5618d6-7901-570c-8f57-273588f40be1,8,773,0.43777200000000005,1.0226600000000001,2,1,1,1,1,8,1,12.600921601175148,0.4142666666666666,36,0,160,4,0,2,0,10,2,0.7056017777777779,36,0,160,4,0,2,0,10,2,0.3674181818181818,39,0,152,4,0,2,0,10,2,0.35298378378378376,39,0,152,4,0,2,0,10,2
v068,13ac723d-96d9-5dc3-8ff6-64cca40fee1a,4,256,0.07345499999999999,0.183553,2,1,1,1,1,8,1,10.802672816507345,0.07026666666666666,36,0,160,4,0,2,0,10,2,0.11850844444444443,36,0,160,4,0,2,0,10,2,0.0625090909090909,39,0,152,4,0,2,0,10,2,0.06011891891891892,39,0,152,4,0,2,0,10,2
v068,277f8cdf-20d1-5ab2-915d-1a7ecebfed13,8,256,0.143119,0.34884899999999996,2,1,1,1,1,8,1,11.49581999706729,0.13853333333333334,36,0,160,4,0,2,0,10,2,0.2350168888888889,36,0,160,4,0,2,0,10,2,0.12301818181818182,39,0,152,4,0,2,0,10,2,0.11823783783783783,39,0,152,4,0,2,0,10,2
v068,3565f3a6-e573-5729-bb6a-4b19537e0a85,1,256,0.02112,0.050736,2,1,1,1,1,8,1,9.416378455387454,0.01906666666666667,36,0,160,4,0,2,0,10,2,0.031127111111111112,36,0,160,4,0,2,0,10,2,0.017127272727272727,39,0,152,4,0,2,0,10,2,0.01652972972972973,39,0,152,4,0,2,0,10,2
v068,388488d1-b780-5422-8839-375f4ae380a4,2,293,0.0432955,0.1058245,2,1,1,1,1,8,1,10.244520800484903,0.04106666666666667,36,0,160,4,0,2,0,10,2,0.06867377777777776,36,0,160,4,0,2,0,10,2,0.03662727272727273,39,0,152,4,0,2,0,10,2,0.035259459459459463,39,0,152,4,0,2,0,10,2
v068,3d08c934-3de5-5df5-9704-a82963af6eea,1,1024,0.073247,0.183201,2,1,1,1,1,8,1,10.802672816507345,0.07026666666666666,36,0,160,4,0,2,0,10,2,0.11850844444444443,36,0,160,4,0,2,0,10,2,0.0625090909090909,39,0,152,4,0,2,0,10,2,0.06011891891891892,39,0,152,4,0,2,0,10,2
v068,473ba98e-bdcb-579c-9c4d-e5de6e3f4a63,1,8192,0.580939,1.3560050000000001,2,1,1,1,1,8,1,12.882114358187179,0.5481333333333334,36,0,160,4,0,2,0,10,2,0.9340675555555555,36,0,160,4,0,2,0,10,2,0.48607272727272727,39,0,152,4,0,2,0,10,2,0.46695135135135135,39,0,152,4,0,2,0,10,2
v068,62bb15e8-367e-5ab8-91e2-af3616abece3,4,1657,0.4788915,1.100084,2,1,1,1,1,8,1,12.670259389454344,0.44386666666666663,36,0,160,4,0,2,0,10,2,0.7561191111111112,36,0,160,4,0,2,0,10,2,0.3936545454545455,39,0,152,4,0,2,0,10,2,0.3781837837837838,39,0,152,4,0,2,0,10,2
v068,93b2fe42-1327-5140-8826-c6593f301069,4,512,0.142815,0.35179400000000005,2,1,1,1,1,8,1,11.49581999706729,0.13853333333333334,36,0,160,4,0,2,0,10,2,0.2350168888888889,36,0,160,4,0,2,0,10,2,0.12301818181818182,39,0,152,4,0,2,0,10,2,0.11823783783783783,39,0,152,4,0,2,0,10,2
v068,c47946fe-4f9b-507c-a425-760d50ee0ac9,2,128,0.022064,0.04648,2,1,1,1,1,8,1,9.416378455387454,0.01906666666666667,36,0,160,4,0,2,0,10,2,0.031127111111111112,36,0,160,4,0,2,0,10,2,0.017127272727272727,39,0,152,4,0,2,0,10,2,0.01652972972972973,39,0,152,4,0,2,0,10,2
v068,ce51aff5-8ef2-5730-9de1-f1527d8edb19,32,128,0.295213,0.6805300000000001,2,1,1,1,1,8,1,12.188967177627235,0.2750666666666667,36,0,160,4,0,2,0,10,2,0.46803377777777777,36,0,160,4,0,2,0,10,2,0.24403636363636363,39,0,152,4,0,2,0,10,2,0.23447567567567568,39,0,152,4,0,2,0,10,2
v068,d6f8d507-17f7-5ead-9522-09c7ecbf1207,16,256,0.2948445,0.679698,2,1,1,1,1,8,1,12.188967177627235,0.2750666666666667,36,0,160,4,0,2,0,10,2,0.46803377777777777,36,0,160,4,0,2,0,10,2,0.24403636363636363,39,0,152,4,0,2,0,10,2,0.23447567567567568,39,0,152,4,0,2,0,10,2
v068,dcdec775-21aa-58cb-9fd9-322376d59814,1,128,0.0126075,0.022368,2,1,1,1,1,8,1,8.723231274827508,0.010533333333333334,36,0,160,4,0,2,0,10,2,0.016563555555555557,36,0,160,4,0,2,0,10,2,0.009563636363636363,39,0,152,4,0,2,0,10,2,0.009264864864864865,39,0,152,4,0,2,0,10,2
v068,e4d4aebe-8349-5613-9bbc-d1c0ddbe191b,1,131,0.012928,0.028304000000000003,2,1,1,1,1,8,1,8.746398334109042,0.010733333333333333,36,0,160,4,0,2,0,10,2,0.01690488888888889,36,0,160,4,0,2,0,10,2,0.00974090909090909,39,0,152,4,0,2,0,10,2,0.009435135135135135,39,0,152,4,0,2,0,10,2
v068,fbd78167-8dca-5fc3-9793-3e5867bde298,8,128,0.0731835,0.18123299999999998,2,1,1,1,1,8,1,10.802672816507345,0.07026666666666666,36,0,160,4,0,2,0,10,2,0.11850844444444443,36,0,160,4,0,2,0,10,2,0.0625090909090909,39,0,152,4,0,2,0,10,2,0.06011891891891892,39,0,152,4,0,2,0,10,2
v069,0648abad-cca5-589b-afce-ee461e799da3,4,1024,0.266046,0.657763,16,1,2,0,1,4,0,12.188967177627235,0.20147581363413436,168,0,712,32,0,16,0,80,2,0.4700337777777778,96,0,728,32,0,16,0,80,2,0.08788607999999999,96,0,728,32,0,16,0,80,2,0.06211891891891892,100,0,720,32,0,16,0,80,2
v069,0f5618d6-7901-570c-8f57-273588f40be1,8,773,0.393406,0.9698435000000001,16,1,2,0,1,4,0,12.600921601175148,0.3021421951937224,168,0,712,32,0,16,0,80,2,0.7076017777777778,96,0,728,32,0,16,0,80,2,0.13064831999999998,96,0,728,32,0,16,0,80,2,0.09174594594594594,100,0,720,32,0,16,0,80,2
v069,13ac723d-96d9-5dc3-8ff6-64cca40fee1a,4,256,0.07167950000000001,0.172993,16,1,2,0,1,4,0,10.802672816507345,0.05336895340853359,168,0,712,32,0,16,0,80,2,0.12050844444444445,96,0,728,32,0,16,0,80,2,0.024971519999999997,96,0,728,32,0,16,0,80,2,0.01852972972972973,100,0,720,32,0,16,0,80,2
v069,277f8cdf-20d1-5ab2-915d-1a7ecebfed13,8,256,0.13297399999999998,0.3331695,16,1,2,0,1,4,0,11.49581999706729,0.10273790681706718,168,0,712,32,0,16,0,80,2,0.23701688888888886,96,0,728,32,0,16,0,80,2,0.04594304,96,0,728,32,0,16,0,80,2,0.03305945945945946,100,0,720,32,0,16,0,80,2
v069,3565f3a6-e573-5729-bb6a-4b19537e0a85,1,256,0.038944,0.0466085,16,1,2,0,1,4,0,9.416378455387454,0.016342238352133397,168,0,712,32,0,16,0,80,2,0.033127111111111114,96,0,728,32,0,16,0,80,2,0.00924288,96,0,728,32,0,16,0,80,2,0.007632432432432433,100,0,720,32,0,16,0,80,2
v069,388488d1-b780-5422-8839-375f4ae380a4,2,293,0.0502075,0.10004850000000001,16,1,2,0,1,4,0,10.244520800484903,0.03225215497793036,168,0,712,32,0,16,0,80,2,0.07067377777777778,96,0,728,32,0,16,0,80,2,0.01600128,96,0,728,32,0,16,0,80,2,0.012314864864864866,100,0,720,32,0,16,0,80,2
v069,3d08c934-3de5-5df5-9704-a82963af6eea,1,1024,0.071823,0.172753,16,1,2,0,1,4,0,10.802672816507345,0.05336895340853359,168,0,712,32,0,16,0,80,2,0.12050844444444445,96,0,728,32,0,16,0,80,2,0.024971519999999997,96,0,728,32,0,16,0,80,2,0.01852972972972973,100,0,720,32,0,16,0,80,2
v069,473ba98e-bdcb-579c-9c4d-e5de6e3f4a63,1,8192,0.5146679999999999,1.2654610000000002,16,1,2,0,1,4,0,12.882114358187179,0.3989516272682687,168,0,712,32,0,16,0,80,2,0.9360675555555555,96,0,728,32,0,16,0,80,2,0.17177215999999998,96,0,728,32,0,16,0,80,2,0.12023783783783784,100,0,720,32,0,16,0,80,2
v069,62bb15e8-367e-5ab8-91e2-af3616abece3,4,1657,0.42055600000000004,1.034708,16,1,2,0,1,4,0,12.670259389454344,0.32354826483570376,168,0,712,32,0,16,0,80,2,0.7581191111111111,96,0,728,32,0,16,0,80,2,0.13974143999999997,96,0,728,32,0,16,0,80,2,0.09804594594594596,100,0,720,32,0,16,0,80,2
v069,93b2fe42-1327-5140-8826-c6593f301069,4,512,0.133567,0.3328815,16,1,2,0,1,4,0,11.49581999706729,0.10273790681706718,168,0,712,32,0,16,0,80,2,0.23701688888888886,96,0,728,32,0,16,0,80,2,0.04594304,96,0,728,32,0,16,0,80,2,0.03305945945945946,100,0,720,32,0,16,0,80,2
v069,c47946fe-4f9b-507c-a425-760d50ee0ac9,2,128,0.0392155,0.0438245,16,1,2,0,1,4,0,9.416378455387454,0.016342238352133397,168,0,712,32,0,16,0,80,2,0.033127111111111114,96,0,728,32,0,16,0,80,2,0.00924288,96,0,728,32,0,16,0,80,2,0.007632432432432433,100,0,720,32,0,16,0,80,2
v069,ce51aff5-8ef2-5730-9de1-f1527d8edb19,32,128,0.26579149999999996,0.654018,16,1,2,0,1,4,0,12.188967177627235,0.20147581363413436,168,0,712,32,0,16,0,80,2,0.4700337777777778,96,0,728,32,0,16,0,80,2,0.08788607999999999,96,0,728,32,0,16,0,80,2,0.06211891891891892,100,0,720,32,0,16,0,80,2
v069,d6f8d507-17f7-5ead-9522-09c7ecbf1207,16,256,0.2660935,0.6506745,16,1,2,0,1,4,0,12.188967177627235,0.20147581363413436,168,0,712,32,0,16,0,80,2,0.4700337777777778,96,0,728,32,0,16,0,80,2,0.08788607999999999,96,0,728,32,0,16,0,80,2,0.06211891891891892,100,0,720,32,0,16,0,80,2
v069,dcdec775-21aa-58cb-9fd9-322376d59814,1,128,0.034751000000000004,0.024672,16,1,2,0,1,4,0,8.723231274827508,0.010171119176066699,168,0,712,32,0,16,0,80,2,0.018563555555555555,96,0,728,32,0,16,0,80,2,0.00662144,96,0,728,32,0,16,0,80,2,0.0068000000000000005,100,0,720,32,0,16,0,80,2
v069,e4d4aebe-8349-5613-9bbc-d1c0ddbe191b,1,131,0.034399,0.025408,16,1,2,0,1,4,0,8.746398334109042,0.01031575478175576,168,0,712,32,0,16,0,80,2,0.01890488888888889,96,0,728,32,0,16,0,80,2,0.00668288,96,0,728,32,0,16,0,80,2,0.0068,100,0,720,32,0,16,0,80,2
v069,fbd78167-8dca-5fc3-9793-3e5867bde298,8,128,0.0717595,0.170161,16,1,2,0,1,4,0,10.802672816507345,0.05336895340853359,168,0,712,32,0,16,0,80,2,0.12050844444444445,96,0,728,32,0,16,0,80,2,0.024971519999999997,96,0,728,32,0,16,0,80,2,0.01852972972972973,100,0,720,32,0,16,0,80,2
v070,0648abad-cca5-589b-afce-ee461e799da3,4,1024,0.2932455,0.696915,8,2,2,1,1,4,1,12.188967177627235,0.19947581363413436,40,0,272,8,0,4,0,20,2,0.46803377777777777,40,0,272,8,0,4,0,20,2,0.12301818181818182,40,0,256,8,0,4,0,20,2,0.11823783783783783,40,0,256,8,0,4,0,20,2
v070,0f5618d6-7901-570c-8f57-273588f40be1,8,773,0.436012,1.0463719999999999,8,2,2,1,1,4,1,12.600921601175148,0.30014219519372237,40,0,272,8,0,4,0,20,2,0.7056017777777779,40,0,272,8,0,4,0,20,2,0.1847090909090909,40,0,256,8,0,4,0,20,2,0.17749189189189188,40,0,256,8,0,4,0,20,2
v070,13ac723d-96d9-5dc3-8ff6-64cca40fee1a,4,256,0.074511,0.18299300000000002,8,2,2,1,1,4,1,10.802672816507345,0.05136895340853359,40,0,272,8,0,4,0,20,2,0.11850844444444443,40,0,272,8,0,4,0,20,2,0.03225454545454546,40,0,256,8,0,4,0,20,2,0.03105945945945946,40,0,256,8,0,4,0,20,2
v070,277f8cdf-20d1-5ab2-915d-1a7ecebfed13,8,256,0.1434065,0.3540335,8,2,2,1,1,4,1,11.49581999706729,0.10073790681706718,40,0,272,8,0,4,0,20,2,0.2350168888888889,40,0,272,8,0,4,0,20,2,0.0625090909090909,40,0,256,8,0,4,0,20,2,0.06011891891891892,40,0,256,8,0,4,0,20,2
v070,3565f3a6-e573-5729-bb6a-4b19537e0a85,1,256,0.0228005,0.0513285,8,2,2,1,1,4,1,9.416378455387454,0.014342238352133397,40,0,272,8,0,4,0,20,2,0.031127111111111112,40,0,272,8,0,4,0,20,2,0.009563636363636363,40,0,256,8,0,4,0,20,2,0.009264864864864865,40,0,256,8,0,4,0,20,2
v070,388488d1-b780-5422-8839-375f4ae380a4,2,293,0.045359,0.1069445,8,2,2,1,1,4,1,10.244520800484903,0.030252154977930358,40,0,272,8,0,4,0,20,2,0.06867377777777776,40,0,272,8,0,4,0,20,2,0.019313636363636366,40,0,256,8,0,4,0,20,2,0.018629729729729733,40,0,256,8,0,4,0,20,2
v070,3d08c934-3de5-5df5-9704-a82963af6eea,1,1024,0.0744635,0.183281,8,2,2,1,1,4,1,10.802672816507345,0.05136895340853359,40,0,272,8,0,4,0,20,2,0.11850844444444443,40,0,272,8,0,4,0,20,2,0.03225454545454546,40,0,256,8,0,4,0,20,2,0.03105945945945946,40,0,256,8,0,4,0,20,2
v070,473ba98e-bdcb-579c-9c4d-e5de6e3f4a63,1,8192,0.576779,1.3761325000000002,8,2,2,1,1,4,1,12.882114358187179,0.3969516272682687,40,0,272,8,0,4,0,20,2,0.9340675555555555,40,0,272,8,0,4,0,20,2,0.24403636363636363,40,0,256,8,0,4,0,20,2,0.23447567567567568,40,0,256,8,0,4,0,20,2
v070,62bb15e8-367e-5ab8-91e2-af3616abece3,4,1657,0.4716275,1.115284,8,2,2,1,1,4,1,12.670259389454344,0.32154826483570376,40,0,272,8,0,4,0,20,2,0.7561191111111112,40,0,272,8,0,4,0,20,2,0.19782727272727274,40,0,256,8,0,4,0,20,2,0.19009189189189188,40,0,256,8,0,4,0,20,2
v070,93b2fe42-1327-5140-8826-c6593f301069,4,512,0.144015,0.35513700000000004,8,2,2,1,1,4,1,11.49581999706729,0.10073790681706718,40,0,272,8,0,4,0,20,2,0.2350168888888889,40,0,272,8,0,4,0,20,2,0.0625090909090909,40,0,256,8,0,4,0,20,2,0.06011891891891892,40,0,256,8,0,4,0,20,2
v070,c47946fe-4f9b-507c-a425-760d50ee0ac9,2,128,0.023872,0.046128,8,2,2,1,1,4,1,9.416378455387454,0.014342238352133397,40,0,272,8,0,4,0,20,2,0.031127111111111112,40,0,272,8,0,4,0,20,2,0.009563636363636363,40,0,256,8,0,4,0,20,2,0.009264864864864865,40,0,256,8,0,4,0,20,2
v070,ce51aff5-8ef2-5730-9de1-f1527d8edb19,32,128,0.2926855,0.6949460000000001,8,2,2,1,1,4,1,12.188967177627235,0.19947581363413436,40,0,272,8,0,4,0,20,2,0.46803377777777777,40,0,272,8,0,4,0,20,2,0.12301818181818182,40,0,256,8,0,4,0,20,2,0.11823783783783783,40,0,256,8,0,4,0,20,2
v070,d6f8d507-17f7-5ead-9522-09c7ecbf1207,16,256,0.293327,0.6960665,8,2,2,1,1,4,1,12.188967177627235,0.19947581363413436,40,0,272,8,0,4,0,20,2,0.46803377777777777,40,0,272,8,0,4,0,20,2,0.12301818181818182,40,0,256,8,0,4,0,20,2,0.11823783783783783,40,0,256,8,0,4,0,20,2
v070,dcdec775-21aa-58cb-9fd9-322376d59814,1,128,0.0134715,0.022288000000000002,8,2,2,1,1,4,1,8.723231274827508,0.008171119176066699,40,0,272,8,0,4,0,20,2,0.016563555555555557,40,0,272,8,0,4,0,20,2,0.005781818181818182,40,0,256,8,0,4,0,20,2,0.005632432432432432,40,0,256,8,0,4,0,20,2
v070,e4d4aebe-8349-5613-9bbc-d1c0ddbe191b,1,131,0.0136645,0.026928,8,2,2,1,1,4,1,8.746398334109042,0.008315754781755762,40,0,272,8,0,4,0,20,2,0.01690488888888889,40,0,272,8,0,4,0,20,2,0.005870454545454546,40,0,256,8,0,4,0,20,2,0.005717567567567568,40,0,256,8,0,4,0,20,2
v070,fbd78167-8dca-5fc3-9793-3e5867bde298,8,128,0.074543,0.18169649999999998,8,2,2,1,1,4,1,10.802672816507345,0.05136895340853359,40,0,272,8,0,4,0,20,2,0.11850844444444443,40,0,272,8,0,4,0,20,2,0.03225454545454546,40,0,256,8,0,4,0,20,2,0.03105945945945946,40,0,256,8,0,4,0,20,2
v071,0648abad-cca5-589b-afce-ee461e799da3,4,1024,0.454876,0.6788985,1,4,3,1,1,8,0,12.188967177627235,0.5481333333333334,21,0,96,0,2,0,1,7,2,0.46803377777777777,21,0,96,0,2,0,1,7,2,0.48607272727272727,24,0,104,0,2,0,1,7,2,0.46695135135135135,24,0,104,0,2,0,1,7,2
v071,0f5618d6-7901-570c-8f57-273588f40be1,8,773,0.6847135,1.020724,1,4,3,1,1,8,0,12.600921601175148,0.8265333333333333,21,0,96,0,2,0,1,7,2,0.7056017777777779,21,0,96,0,2,0,1,7,2,0.7328363636363637,24,0,104,0,2,0,1,7,2,0.7039675675675676,24,0,104,0,2,0,1,7,2
v071,13ac723d-96d9-5dc3-8ff6-64cca40fee1a,4,256,0.117503,0.185553,1,4,3,1,1,8,0,10.802672816507345,0.13853333333333334,21,0,96,0,2,0,1,7,2,0.11850844444444443,21,0,96,0,2,0,1,7,2,0.12301818181818182,24,0,104,0,2,0,1,7,2,0.11823783783783783,24,0,104,0,2,0,1,7,2
v071,277f8cdf-20d1-5ab2-915d-1a7ecebfed13,8,256,0.230126,0.351393,1,4,3,1,1,8,0,11.49581999706729,0.2750666666666667,21,0,96,0,2,0,1,7,2,0.2350168888888889,21,0,96,0,2,0,1,7,2,0.24403636363636363,24,0,104,0,2,0,1,7,2,0.23447567567567568,24,0,104,0,2,0,1,7,2
v071,3565f3a6-e573-5729-bb6a-4b19537e0a85,1,256,0.0322875,0.053280999999999995,1,4,3,1,1,8,0,9.416378455387454,0.03613333333333334,21,0,96,0,2,0,1,7,2,0.031127111111111112,21,0,96,0,2,0,1,7,2,0.03225454545454546,24,0,104,0,2,0,1,7,2,0.03105945945945946,24,0,104,0,2,0,1,7,2
v071,388488d1-b780-5422-8839-375f4ae380a4,2,293,0.069743,0.1069765,1,4,3,1,1,8,0,10.244520800484903,0.08013333333333333,21,0,96,0,2,0,1,7,2,0.06867377777777776,21,0,96,0,2,0,1,7,2,0.07125454545454546,24,0,104,0,2,0,1,7,2,0.06851891891891891,24,0,104,0,2,0,1,7,2
v071,3d08c934-3de5-5df5-9704-a82963af6eea,1,1024,0.117391,0.182272,1,4,3,1,1,8,0,10.802672816507345,0.13853333333333334,21,0,96,0,2,0,1,7,2,0.11850844444444443,21,0,96,0,2,0,1,7,2,0.12301818181818182,24,0,104,0,2,0,1,7,2,0.11823783783783783,24,0,104,0,2,0,1,7,2
v071,473ba98e-bdcb-579c-9c4d-e5de6e3f4a63,1,8192,0.905624,1.3414935,1,4,3,1,1,8,0,12.882114358187179,1.0942666666666667,21,0,96,0,2,0,1,7,2,0.9340675555555555,21,0,96,0,2,0,1,7,2,0.9701454545454546,24,0,104,0,2,0,1,7,2,0.9319027027027027,24,0,104,0,2,0,1,7,2
v071,62bb15e8-367e-5ab8-91e2-af3616abece3,4,1657,0.7337215,1.0951879999999998,1,4,3,1,1,8,0,12.670259389454344,0.8857333333333334,21,0,96,0,2,0,1,7,2,0.7561191111111112,21,0,96,0,2,0,1,7,2,0.785309090909091,24,0,104,0,2,0,1,7,2,0.7543675675675676,24,0,104,0,2,0,1,7,2
v071,93b2fe42-1327-5140-8826-c6593f301069,4,512,0.22972599999999999,0.35003300000000004,1,4,3,1,1,8,0,11.49581999706729,0.2750666666666667,21,0,96,0,2,0,1,7,2,0.2350168888888889,21,0,96,0,2,0,1,7,2,0.24403636363636363,24,0,104,0,2,0,1,7,2,0.23447567567567568,24,0,104,0,2,0,1,7,2
v071,c47946fe-4f9b-507c-a425-760d50ee0ac9,2,128,0.034527,0.049136,1,4,3,1,1,8,0,9.416378455387454,0.03613333333333334,21,0,96,0,2,0,1,7,2,0.031127111111111112,21,0,96,0,2,0,1,7,2,0.03225454545454546,24,0,104,0,2,0,1,7,2,0.03105945945945946,24,0,104,0,2,0,1,7,2
v071,ce51aff5-8ef2-5730-9de1-f1527d8edb19,32,128,0.454956,0.6830745,1,4,3,1,1,8,0,12.188967177627235,0.5481333333333334,21,0,96,0,2,0,1,7,2,0.46803377777777777,21,0,96,0,2,0,1,7,2,0.48607272727272727,24,0,104,0,2,0,1,7,2,0.46695135135135135,24,0,104,0,2,0,1,7,2
v071,d6f8d507-17f7-5ead-9522-09c7ecbf1207,16,256,0.45585200000000003,0.680866,1,4,3,1,1,8,0,12.188967177627235,0.5481333333333334,21,0,96,0,2,0,1,7,2,0.46803377777777777,21,0,96,0,2,0,1,7,2,0.48607272727272727,24,0,104,0,2,0,1,7,2,0.46695135135135135,24,0,104,0,2,0,1,7,2
v071,dcdec775-21aa-58cb-9fd9-322376d59814,1,128,0.017728,0.027024,1,4,3,1,1,8,0,8.723231274827508,0.01906666666666667,21,0,96,0,2,0,1,7,2,0.016563555555555557,21,0,96,0,2,0,1,7,2,0.017127272727272727,24,0,104,0,2,0,1,7,2,0.01652972972972973,24,0,104,0,2,0,1,7,2
v071,e4d4aebe-8349-5613-9bbc-d1c0ddbe191b,1,131,0.01792,0.0294395,1,4,3,1,1,8,0,8.746398334109042,0.019466666666666667,21,0,96,0,2,0,1,7,2,0.01690488888888889,21,0,96,0,2,0,1,7,2,0.01748181818181818,24,0,104,0,2,0,1,7,2,0.01687027027027027,24,0,104,0,2,0,1,7,2
v071,fbd78167-8dca-5fc3-9793-3e5867bde298,8,128,0.11766299999999999,0.1806885,1,4,3,1,1,8,0,10.802672816507345,0.13853333333333334,21,0,96,0,2,0,1,7,2,0.11850844444444443,21,0,96,0,2,0,1,7,2,0.12301818181818182,24,0,104,0,2,0,1,7,2,0.11823783783783783,24,0,104,0,2,0,1,7,2
